[10May2026 16:42:10.955] [main/INFO] [cpw.mods.modlauncher.Launcher/MODLAUNCHER]: ModLauncher running: args [--launchTarget, forgeserver, --fml.forgeVersion, 47.4.20, --fml.mcVersion, 1.20.1, --fml.forgeGroup, net.minecraftforge, --fml.mcpVersion, 20230612.114412, nogui]
[10May2026 16:42:10.958] [main/INFO] [cpw.mods.modlauncher.Launcher/MODLAUNCHER]: ModLauncher 10.0.9+10.0.9+main.dcd20f30 starting: java version 17.0.18 by Ubuntu; OS Linux arch amd64 version 6.8.0-1044-azure
[10May2026 16:42:24.119] [main/INFO] [net.minecraftforge.fml.loading.ImmediateWindowHandler/]: ImmediateWindowProvider not loading because launch target is forgeserver
[10May2026 16:42:24.135] [main/WARN] [CrashAssistantJarInJarHelper/]: launchTarget: forgeserver. Crash Assistant is client only mod. Mod will do nothing!
[10May2026 16:42:24.355] [main/INFO] [mixin/]: SpongePowered MIXIN Subsystem Version=0.8.5 Source=union:/workspaces/Cloud-Server/servidor_minecraft/libraries/org/spongepowered/mixin/0.8.5/mixin-0.8.5.jar%2365!/ Service=ModLauncher Env=SERVER
[10May2026 16:42:25.038] [main/WARN] [net.minecraftforge.fml.loading.moddiscovery.ModDiscoverer/SCAN]: Locator {mods folder locator at /workspaces/Cloud-Server/servidor_minecraft/mods} returned 1 files which are client-side-only mods, but we're on a dedicated server. They will be skipped!
[10May2026 16:42:25.292] [main/WARN] [net.minecraftforge.fml.loading.moddiscovery.ModFileParser/LOADING]: Mod file /workspaces/Cloud-Server/servidor_minecraft/libraries/net/minecraftforge/fmlcore/1.20.1-47.4.20/fmlcore-1.20.1-47.4.20.jar is missing mods.toml file
[10May2026 16:42:25.294] [main/WARN] [net.minecraftforge.fml.loading.moddiscovery.ModFileParser/LOADING]: Mod file /workspaces/Cloud-Server/servidor_minecraft/libraries/net/minecraftforge/javafmllanguage/1.20.1-47.4.20/javafmllanguage-1.20.1-47.4.20.jar is missing mods.toml file
[10May2026 16:42:25.295] [main/WARN] [net.minecraftforge.fml.loading.moddiscovery.ModFileParser/LOADING]: Mod file /workspaces/Cloud-Server/servidor_minecraft/libraries/net/minecraftforge/lowcodelanguage/1.20.1-47.4.20/lowcodelanguage-1.20.1-47.4.20.jar is missing mods.toml file
[10May2026 16:42:25.296] [main/WARN] [net.minecraftforge.fml.loading.moddiscovery.ModFileParser/LOADING]: Mod file /workspaces/Cloud-Server/servidor_minecraft/libraries/net/minecraftforge/mclanguage/1.20.1-47.4.20/mclanguage-1.20.1-47.4.20.jar is missing mods.toml file
[10May2026 16:42:28.193] [main/WARN] [net.minecraftforge.jarjar.selection.JarSelector/]: Attempted to select a dependency jar for JarJar which was passed in as source: playeranimator. Using Mod File: /workspaces/Cloud-Server/servidor_minecraft/mods/player-animation-lib-forge-1.0.2-rc1+1.20.jar
[10May2026 16:42:28.193] [main/INFO] [net.minecraftforge.fml.loading.moddiscovery.JarInJarDependencyLocator/]: Found 97 dependencies adding them to mods collection
[10May2026 16:42:28.755] [main/INFO] [org.groovymc.gml.mappings.MappingsProvider/]: Starting runtime mappings setup...
[10May2026 16:42:28.811] [main/INFO] [org.groovymc.gml.internal.locator.ModLocatorInjector/]: Injecting ScriptModLocator candidates...
[10May2026 16:42:28.854] [main/INFO] [org.groovymc.gml.scriptmods.ScriptModLocator/]: Injected Jimfs file system
[10May2026 16:42:28.865] [main/INFO] [org.groovymc.gml.scriptmods.ScriptModLocator/]: Skipped loading script mods from directory /workspaces/Cloud-Server/servidor_minecraft/mods/scripts as it did not exist.
[10May2026 16:42:28.873] [main/INFO] [org.groovymc.gml.internal.locator.ModLocatorInjector/]: Injected ScriptModLocator mod candidates. Found 0 valid mod candidates and 0 broken mod files.
[10May2026 16:42:31.857] [GML Mappings Thread/INFO] [org.groovymc.gml.mappings.MappingsProvider/]: Loaded runtime mappings in 2980ms
[10May2026 16:42:31.858] [GML Mappings Thread/INFO] [org.groovymc.gml.mappings.MappingsProvider/]: Finished runtime mappings setup.
[10May2026 16:42:36.355] [main/INFO] [mixin/]: Compatibility level set to JAVA_17
[10May2026 16:42:36.387] [main/ERROR] [mixin/]: Mixin config gamemenuremovegfarb-common.mixins.json does not specify "minVersion" property
[10May2026 16:42:36.763] [main/ERROR] [mixin/]: Mixin config fabric-item-group-api-v1.mixins.json does not specify "minVersion" property
[10May2026 16:42:36.766] [main/ERROR] [mixin/]: Mixin config fabric-item-group-api-v1.client.mixins.json does not specify "minVersion" property
[10May2026 16:42:36.862] [main/ERROR] [mixin/]: Mixin config palladiumcore-common.mixins.json does not specify "minVersion" property
[10May2026 16:42:36.866] [main/ERROR] [mixin/]: Mixin config palladiumcore.mixins.json does not specify "minVersion" property
[10May2026 16:42:36.873] [main/ERROR] [mixin/]: Mixin config vc_gliders-common.mixins.json does not specify "minVersion" property
[10May2026 16:42:36.878] [main/ERROR] [mixin/]: Mixin config vc_gliders.mixins.json does not specify "minVersion" property
[10May2026 16:42:36.886] [main/ERROR] [mixin/]: Mixin config fabric-item-api-v1.client.mixins.json does not specify "minVersion" property
[10May2026 16:42:36.966] [main/ERROR] [mixin/]: Mixin config fabric-data-attachment-api-v1.mixins.json does not specify "minVersion" property
[10May2026 16:42:36.969] [main/ERROR] [mixin/]: Mixin config fabric-data-attachment-api-v1.client.mixins.json does not specify "minVersion" property
[10May2026 16:42:37.168] [main/ERROR] [mixin/]: Mixin config scaling_mobs.mixin.json does not specify "minVersion" property
[10May2026 16:42:37.636] [main/INFO] [mixin/]: Successfully loaded Mixin Connector [com.sonicether.soundphysics.MixinConnector]
[10May2026 16:42:37.639] [main/INFO] [net.fabricmc.loader.impl.bootstrap.FabricLoaderBootstrap/]: Propagating FML mod list to Fabric Loader
[10May2026 16:42:37.656] [main/INFO] [cpw.mods.modlauncher.LaunchServiceHandler/MODLAUNCHER]: Launching target 'forgeserver' with arguments [nogui]
[10May2026 16:42:37.735] [main/INFO] [Embeddium/]: Loaded configuration file for Embeddium: 306 options available, 0 override(s) found
[10May2026 16:42:37.761] [main/WARN] [mixin/]: Reference map 'handcrafted-forge-1.20.1-forge-refmap.json' for handcrafted.mixins.json could not be read. If this is a development environment you can ignore this message
[10May2026 16:42:37.771] [main/WARN] [mixin/]: Reference map 'xrayreporter.refmap.json' for xrayreporter.mixins.json could not be read. If this is a development environment you can ignore this message
[10May2026 16:42:37.865] [main/WARN] [mixin/]: Reference map 'puzzlesaccessapi.common.refmap.json' for puzzlesaccessapi.common.mixins.json could not be read. If this is a development environment you can ignore this message
[10May2026 16:42:37.877] [main/WARN] [mixin/]: Reference map 'mixins.the_deeper_void.refmap.json' for mixins.the_deeper_void.json could not be read. If this is a development environment you can ignore this message
[10May2026 16:42:37.959] [main/WARN] [mixin/]: Reference map 'fastpaintings-forge-refmap.json' for fastpaintings-forge.mixins.json could not be read. If this is a development environment you can ignore this message
[10May2026 16:42:37.999] [main/WARN] [mixin/]: Reference map 'wits-common-refmap.json' for wits-common.mixins.json could not be read. If this is a development environment you can ignore this message
[10May2026 16:42:38.042] [main/INFO] [Puzzles Lib/]: Loading 259 mods:
	- access_denied 6.2.1
	- ageingspawners 2.0.0
	- aiycrates 1.0.0
	- alexsmobs 1.22.9
	- alltheleaks 1.1.1+1.20.1-forge
		\-- mixinsquared 0.3.6-beta.1
	- almanac 1.0.2
	- ambientenvironment 11.0.0.1
	- ambientsounds 6.3.4
	- appleskin 2.5.1+mc1.20.1
	- architectury 9.2.14
	- athena 3.1.2
	- atlaslib 1.1.12
	- attributeslib 1.3.7
	- auudio 1.0.3
	- badmobs 19.0.4
	- baguettelib 1.1.6
	- balm 7.3.38
		\-- kuma_api 20.1.12
	- bbb 2.0pre4
		\-- midnightlib 1.4.2
	- bbs 1.20.1-0.1.3
	- bettermineshafts 1.20-Forge-4.0.4
	- binocularsmod 1.02
	- biome_replacer 2.1-hippo
	- biomesize 1.20.1-1.6
	- bloomingnature 1.0.12
	- bookshelf 20.2.15
	- carryon 2.1.2.7
	- charmofundying 6.5.0+1.20.1
	- chunky 1.3.146
	- citadel 2.6.3
	- cleanswing 1.8
	- cloth_config 11.1.136
	- clumps 12.0.0.4
	- cofh_core 11.0.2
	- collective 8.13
	- combatroll 1.3.3+1.20.1
	- comforts 6.4.0+1.20.1
	- commongroovylibrary 0.3.3
	- configurableextramobdrops 3.5
	- controlling 12.0.2
	- copycats 3.0.7+mc.1.20.1-forge
	- corgilib 4.0.3.4
	- coroutil 1.20.1-1.3.7
	- corpse 1.20.1-1.0.23
	- corpsecurioscompat 3.1.3
	- crash_assistant 1.11.3
	- create 6.0.8
		|-- flywheel 1.0.5
		\-- ponder 1.0.91
	- create_netherless 1.3.0
	- createdeco 2.0.3-1.20.1-forge
	- creativecore 2.12.35
	- cupboard 1.20.1-3.5
	- cure 1.0.0
	- curios 5.14.1+1.20.1
	- dataanchor 1.0.0.20
	- decorative_blocks 4.1.3
	- distraction_free_recipes 1.2.1
	- doapi 1.2.15
		\-- terraform 7.0.1
	- drippyloadingscreen 3.1.0
	- dummmmmmy 1.20-2.0.9
	- dynamiclights 1.9+mod
	- ecologic_fixes 0.0.1
	- ecologics 2.2.2
	- embeddium 0.3.31+mc1.20.1
		\-- rubidium 0.7.1
	- emi 1.1.22+1.20.1+forge
	- enchdesc 17.1.21
	- enhancedcelestials 1.20.1-5.0.3.2
	- enhancedvisuals 1.8.2
	- euphoria_patcher 1.8.6-r5.7.1-forge
	- explosiveenhancement 1.1.0
	- extra_zombie_drops 1.0.0
	- extragore 5.2.3.1
	- fallingtrees 0.13.2
	- fancymenu 3.8.1
	- farmersdelight 1.20.1-1.2.10
	- fastpaintings 1.20-1.2.7
	- fastsuite 5.1.2
	- feralzombie 0.4.2-BETA
	- ferritecore 6.0.1
	- firstjoinmessage 3.8
	- flan 1.20.1-1.11.15
		\-- lingua_bib 1.20.1-1.0.6
	- forge 47.4.20
	- forgivingworld 1.20.1-4.7
	- framework 0.8.0
	- ftblibrary 2001.2.12
	- ftbquests 2001.4.18
	- ftbteams 2001.3.2
	- ftbxmodcompat 2.1.3
	- gamemenuremovegfarb 2.1.2
	- geckolib 4.8.3
	- glitchcore 0.0.1.1
	- globalnarrationtoggle 1.4
	- gml 4.0.11
	- handcrafted 3.0.6
	- herbalbrews 1.0.12
	- hordes 1.5.4c
	- immersive_aircraft 1.4.0+1.20.1
	- immersive_weathering 1.20.1-2.0.5
	- immersive_weathering_pandas_compat 1.0.0
	- improved_village_placement 1.1.2
	- incontrol 1.20-9.4.6
	- insanelib 1.23.4.3
	- inventorysorter 23.0.8
	- item_obliterator 2.3.0
	- item_scrapper 1.3.0
	- item_scrapper_armorandtools 1.0.0
	- item_scrapper_marbledsarsenal 1.0.0
	- item_scrapper_taczpack 1.0.0
	- itemfilters 2001.1.0-build.59
	- jade 11.13.2+forge
	- jamlib 1.3.6+1.20.1
	- jeffs_cursed_walking_structures 3.3
	- jei 15.20.0.112
	- keerdm_zombie_essentials 1.42
	- konkrete 1.8.0
	- kotlinforforge 4.12.0
	- kubejs 2001.6.5-build.16
	- letmedespawn 1.5.0
	- lithostitched 1.4.11
	- lootjs 1.20.1-2.13.0
	- lootr 0.7.35.94
	- lostcities 1.20-7.4.11
	- majruszlibrary 7.0.8
	- marbledsarsenal 2.4.0.0
	- marbledsfirstaid 1.2.0.0
	- marbledsmelees 1.20.1-1.0.0
	- mcore 1.0.3.0
	- melody 1.0.2
	- minecraft 1.20.1
	- mobcontrol 1.5.15
	- moonlight 1.20-2.16.28
	- mr_tidal_towns 1.3.4
	- mutantmonsters 8.0.7
	- myserveriscompatible 1.0
	- nanny 1.0.1
	- necronomicon 1.6.0
	- nerb 0.4.1
	- nobz 1.3
	- nopoof 1.0.0
	- nostartupmessages 1.0.1
	- novillagerdm 5.0.0
	- octolib 0.5.0.1
	- openloader 19.0.5
	- overworld_netherite_ore 2.8
	- packetfixer 3.3.1
	- pandalib 0.5.2
	- particular 1.2.7
	- patchouli 1.20.1-85-FORGE
	- philipsruins 5.6
	- placebo 8.6.3
	- playeranimator 1.0.2-rc1+1.20
	- polymorph 0.49.10+1.20.1
		\-- spectrelib 0.13.17+1.20.1
	- powderedup 0.4
	- projectvibrantjourneys 1.20.1-6.2.1
	- propertymodifier 0.3.3
	- puzzleslib 8.1.33
		\-- puzzlesaccessapi 20.1.1
	- railways 1.7.2+forge-mc1.20.1
	- realmrpg_skeletons 1.1.0
	- refurbished_furniture 1.0.20
	- resourcefullib 2.1.29
	- responsiveshields 2.3
	- rhino 2001.2.3-build.10
	- rightclickharvest 4.6.1+1.20.1
	- ritchiesprojectilelib 2.1.1
	- rotten_flesh_to_leather 1.0.0
	- scalingmobs 2.4.3
	- searchables 1.0.3
	- securitycraft 1.10.0.1
	- sereneseasons 9.1.0.2
	- simple_snowy_fix 2.1.5
	- simpleshops 1.2.2
	- simply_traps 1.7
	- simplylight 1.20.1-1.4.6-build.50
	- skinrestorer 2.7.0+1.20-forge
	- sliceanddice 3.6.0
	- smartbrainlib 1.15
	- smoothboot 0.0.4
	- solonion 1.4.5
	- sophisticatedbackpacks 3.23.17.1246
	- sophisticatedcore 1.2.60.987
	- sound_physics_remastered 1.20.1-1.4.10
	- starterkit 7.4
	- storage_shelves 1.0.0
	- structure_gel 2.16.2
	- structurecontrol 1.8.5
	- tacz 1.1.6-hotfix
	- taczaddon 1.1.6
	- temporalapi 1.6.7
	- tenshilib 1.20.1-1.7.6
	- terralith 2.5.4
	- the_deep_void 1.28
	- the_deeper_void 2.0.3
	- toastcontrol 8.0.3
	- toolbelt 1.20.02
	- trashslot 15.1.4
	- tslateffectslib 1.8.7
	- txnilib 1.0.24
		|-- fabric_api 0.92.2+1.11.12+1.20.1
		|-- fabric_api_base 0.4.31+ef105b4977
		|-- fabric_api_lookup_api_v1 1.6.36+67f9824077
		|-- fabric_biome_api_v1 13.0.13+dc36698e77
		|-- fabric_block_api_v1 1.0.11+0e6cb7f777
		|-- fabric_block_view_api_v2 1.0.1+0767707077
		|-- fabric_blockrenderlayer_v1 1.1.41+1d0da21e77
		|-- fabric_client_tags_api_v1 1.1.2+5d6761b877
		|-- fabric_command_api_v1 1.2.34+f71b366f77
		|-- fabric_command_api_v2 2.2.13+561530ec77
		|-- fabric_content_registries_v0 4.0.11+a670df1e77
		|-- fabric_convention_tags_v1 1.5.5+fa3d1c0177
		|-- fabric_data_attachment_api_v1 1.0.0+30ef839e77
		|-- fabric_data_generation_api_v1 12.3.4+369cb3a477
		|-- fabric_dimensions_v1 2.1.54+8005d10d77
		|-- fabric_entity_events_v1 1.6.0+4ca7515277
		|-- fabric_events_interaction_v0 0.6.2+0d0bd5a777
		|-- fabric_game_rule_api_v1 1.0.40+683d4da877
		|-- fabric_item_api_v1 2.1.28+4d0bbcfa77
		|-- fabric_item_group_api_v1 4.0.12+c9161c2d77
		|-- fabric_key_binding_api_v1 1.0.37+561530ec77
		|-- fabric_lifecycle_events_v1 2.2.22+afab492177
		|-- fabric_loot_api_v2 1.2.1+eb28f93e77
		|-- fabric_message_api_v1 5.1.9+52cc178c77
		|-- fabric_mining_level_api_v1 2.1.50+561530ec77
		|-- fabric_model_loading_api_v1 1.0.3+6274ab9d77
		|-- fabric_models_v0 0.4.2+7c3892a477
		|-- fabric_networking_api_v1 1.3.11+503a202477
		|-- fabric_object_builder_api_v1 11.1.3+4bd998fa77
		|-- fabric_particles_v1 1.1.2+78e1ecb877
		|-- fabric_recipe_api_v1 1.0.21+514a076577
		|-- fabric_registry_sync_v0 2.3.3+1c0ea72177
		|-- fabric_renderer_api_v1 3.2.1+cf68abbe77
		|-- fabric_renderer_indigo 1.5.2+b5b2da4177
		|-- fabric_rendering_data_attachment_v1 0.3.37+a6081afc77
		|-- fabric_rendering_fluids_v1 3.0.28+4ac5e37a77
		|-- fabric_rendering_v1 3.0.8+66e9a48f77
		|-- fabric_resource_conditions_api_v1 2.3.8+9e342fc177
		|-- fabric_resource_loader_v0 0.11.10+bcd08ed377
		|-- fabric_screen_api_v1 2.0.8+45a670a577
		|-- fabric_screen_handler_api_v1 1.3.30+561530ec77
		|-- fabric_sound_api_v1 1.0.13+4f23bd8477
		|-- fabric_transfer_api_v1 3.3.5+631c9cd677
		\-- fabric_transitive_access_wideners_v1 4.3.1+1880499877
	- uteamcore 5.1.4.382
	- vc_gliders 1.1.7
		\-- palladiumcore 1.20-2.0.0.0
	- voicechat 1.20.1-2.6.12
		\-- voicechat_api 2.6.0
	- walkietalkie 1.3.0
	- watut 1.20.1-1.2.3
	- wits 1.1.0+1.20.1-forge
	- xaerominimapfair 24.2.0
	- xaeroworldmap 1.39.12
	- xrayreporter 1.1.0
	- yungsapi 1.20-Forge-4.0.6
	- zombies_plus 2.1.2-1.20-.4(excl.3)
[10May2026 16:42:38.320] [main/WARN] [mixin/]: Reference map 'item_scrapper.refmap.json' for item_scrapper.mixins.json could not be read. If this is a development environment you can ignore this message
[10May2026 16:42:38.340] [main/WARN] [mixin/]: Reference map 'mixins.jeffs_cursed_walking_structures.refmap.json' for mixins.jeffs_cursed_walking_structures.json could not be read. If this is a development environment you can ignore this message
[10May2026 16:42:38.380] [main/WARN] [mixin/]: Reference map 'forge.net.trial.zombies_plus-common-common-refmap.json' for forge-zombies_plus.modMixins.json could not be read. If this is a development environment you can ignore this message
[10May2026 16:42:38.386] [main/WARN] [mixin/]: Reference map 'pandalib-common-common-refmap.json' for pandalib-common.mixins.json could not be read. If this is a development environment you can ignore this message
[10May2026 16:42:38.451] [main/WARN] [mixin/]: Reference map 'trashslot.refmap.json' for trashslot.mixins.json could not be read. If this is a development environment you can ignore this message
[10May2026 16:42:38.553] [main/WARN] [mixin/]: Reference map 'coroutil.refmap.json' for coroutil.mixins.json could not be read. If this is a development environment you can ignore this message
[10May2026 16:42:38.652] [main/INFO] [dev.tonimatas.packetfixer.mixins.v1_19_4_forge.MixinPlugin/]: Packet Fixer forge 1.19.4-1.20.1 has been applied successfully.
[10May2026 16:42:39.393] [main/ERROR] [net.minecraftforge.fml.loading.RuntimeDistCleaner/DISTXFORM]: Attempted to load class net/minecraft/client/MouseHandler for invalid dist DEDICATED_SERVER
[10May2026 16:42:39.394] [main/WARN] [mixin/]: Error loading class: net/minecraft/client/MouseHandler (java.lang.RuntimeException: Attempted to load class net/minecraft/client/MouseHandler for invalid dist DEDICATED_SERVER)
[10May2026 16:42:39.394] [main/WARN] [mixin/]: @Mixin target net.minecraft.client.MouseHandler was not found fabric-screen-api-v1.mixins.json:MouseMixin
[10May2026 16:42:39.395] [main/ERROR] [net.minecraftforge.fml.loading.RuntimeDistCleaner/DISTXFORM]: Attempted to load class net/minecraft/client/gui/screens/Screen for invalid dist DEDICATED_SERVER
[10May2026 16:42:39.396] [main/WARN] [mixin/]: Error loading class: net/minecraft/client/gui/screens/Screen (java.lang.RuntimeException: Attempted to load class net/minecraft/client/gui/screens/Screen for invalid dist DEDICATED_SERVER)
[10May2026 16:42:39.396] [main/WARN] [mixin/]: @Mixin target net.minecraft.client.gui.screens.Screen was not found fabric-screen-api-v1.mixins.json:ScreenAccessor
[10May2026 16:42:39.555] [main/INFO] [net.minecraftforge.coremod.CoreMod.placebo/COREMODLOG]: Patching IForgeItemStack#getEnchantmentLevel
[10May2026 16:42:39.565] [main/INFO] [net.minecraftforge.coremod.CoreMod.placebo/COREMODLOG]: Patching IForgeItemStack#getEnchantmentLevel
[10May2026 16:42:40.002] [main/WARN] [mixin/]: Error loading class: com/teammetallurgy/aquaculture/entity/AquaFishingBobberEntity (java.lang.ClassNotFoundException: com.teammetallurgy.aquaculture.entity.AquaFishingBobberEntity)
[10May2026 16:42:40.342] [main/ERROR] [net.minecraftforge.fml.loading.RuntimeDistCleaner/DISTXFORM]: Attempted to load class net/minecraft/client/multiplayer/MultiPlayerGameMode for invalid dist DEDICATED_SERVER
[10May2026 16:42:40.343] [main/WARN] [mixin/]: Error loading class: net/minecraft/client/multiplayer/MultiPlayerGameMode (java.lang.RuntimeException: Attempted to load class net/minecraft/client/multiplayer/MultiPlayerGameMode for invalid dist DEDICATED_SERVER)
[10May2026 16:42:40.343] [main/WARN] [mixin/]: @Mixin target net.minecraft.client.multiplayer.MultiPlayerGameMode was not found mixins.cofhcore.json:MultiPlayerGameModeMixin
[10May2026 16:42:40.353] [main/INFO] [AllTheLeaks/]: Class dev.uncandango.alltheleaks.leaks.common.mods.toolbelt.UntrackedIssue001 will be loaded as it matches versions: 1.20.02 in [1.20.0,)
[10May2026 16:42:40.354] [main/INFO] [AllTheLeaks/]: Mixins added to allowed list: [main.EventHandlersMixin]
[10May2026 16:42:40.354] [main/INFO] [AllTheLeaks/]: Class dev.uncandango.alltheleaks.leaks.common.mods.sereneseasons.UntrackedIssue001 will be loaded as it matches versions: 9.1.0.2 in [9.1.0.0,)
[10May2026 16:42:40.355] [main/INFO] [AllTheLeaks/]: Class dev.uncandango.alltheleaks.leaks.common.mods.moonlight.UntrackedIssue001 will be loaded as it matches versions: 1.20-2.16.28 in [1.20-2.13.32,)
[10May2026 16:42:40.355] [main/INFO] [AllTheLeaks/]: Mixins added to allowed list: [main.FakeLevelManagerMixin]
[10May2026 16:42:40.355] [main/INFO] [AllTheLeaks/]: Class dev.uncandango.alltheleaks.leaks.common.mods.minecraft.UntrackedIssue002 will be loaded as it matches versions: 1.20.1 in 1.20.1
[10May2026 16:42:40.356] [main/INFO] [AllTheLeaks/]: Mixins added to allowed list: [main.EntityTickListMixin]
[10May2026 16:42:40.356] [main/INFO] [AllTheLeaks/]: Class dev.uncandango.alltheleaks.leaks.common.mods.minecraft.UntrackedIssue001 will be loaded as it matches versions: 1.20.1 in 1.20.1
[10May2026 16:42:40.357] [main/INFO] [AllTheLeaks/]: Class dev.uncandango.alltheleaks.leaks.common.mods.forge.UntrackedIssue002 will be loaded as it matches versions: 47.4.20 in [47.2,)
[10May2026 16:42:40.357] [main/INFO] [AllTheLeaks/]: Mixins added to allowed list: [accessor.FakePlayerNetHandlerAccessor, accessor.ConnectionAccessor]
[10May2026 16:42:40.357] [main/INFO] [AllTheLeaks/]: Class dev.uncandango.alltheleaks.leaks.common.mods.forge.UntrackedIssue001 will be loaded as it matches versions: 47.4.20 in [47.2,)
[10May2026 16:42:40.357] [main/INFO] [AllTheLeaks/]: Mixins added to allowed list: [main.ServerPlayerMixin, main.PlayerListMixin, accessor.PlayerAdvancementsAccessor]
[10May2026 16:42:40.358] [main/INFO] [AllTheLeaks/]: Class dev.uncandango.alltheleaks.leaks.common.mods.forge.Issue39 will be loaded as it matches versions: 47.4.20 in [47.2,)
[10May2026 16:42:40.358] [main/INFO] [AllTheLeaks/]: Class dev.uncandango.alltheleaks.leaks.common.mods.forge.Issue10684 will be loaded as it matches versions: 47.4.20 in *
[10May2026 16:42:40.358] [main/INFO] [AllTheLeaks/]: Class dev.uncandango.alltheleaks.leaks.common.mods.fabric_networking_api_v1.UntrackedIssue001 will be loaded as it matches versions: 1.3.11+503a202477 in (,1.3.14)
[10May2026 16:42:40.358] [main/INFO] [AllTheLeaks/]: Mixins added to allowed list: [main.ServerPlayNetworkAddonMixin, main.ServerPlayNetworkHandlerMixinSquared]
[10May2026 16:42:40.359] [main/INFO] [AllTheLeaks/]: Class dev.uncandango.alltheleaks.leaks.common.mods.curios.UntrackedIssue001 will be loaded as it matches versions: 5.14.1+1.20.1 in [5.9.1,)
[10May2026 16:42:40.359] [main/INFO] [AllTheLeaks/]: Mixins added to allowed list: [main.CuriosEventHandlerMixin]
[10May2026 16:42:40.359] [main/INFO] [AllTheLeaks/]: Class dev.uncandango.alltheleaks.leaks.common.mods.create.UntrackedIssue001 will be loaded as it matches versions: 6.0.8 in [0.5.1.c,)
[10May2026 16:42:40.359] [main/INFO] [AllTheLeaks/]: Mixins added to allowed list: [accessor.ExtendoGripItemAccessor]
[10May2026 16:42:40.360] [main/INFO] [AllTheLeaks/]: Class dev.uncandango.alltheleaks.leaks.common.mods.citadel.UntrackedIssue001 will be loaded as it matches versions: 2.6.3 in [2.5.4,)
[10May2026 16:42:40.360] [main/INFO] [AllTheLeaks/]: Class dev.uncandango.alltheleaks.leaks.common.mods.architectury.UntrackedIssue001 will be loaded as it matches versions: 9.2.14 in [9.0.8,)
[10May2026 16:42:40.361] [main/INFO] [AllTheLeaks/]: Class dev.uncandango.alltheleaks.leaks.common.mods.alexsmobs.Issue2165 will be loaded as it matches versions: 1.22.9 in [1.22.5,)
[10May2026 16:42:40.364] [main/INFO] [AllTheLeaks/]: Class dev.uncandango.alltheleaks.fix.common.mods.kubejs.FixItemStackModification will be loaded as it matches versions: 2001.6.5-build.16 in *
[10May2026 16:42:40.364] [main/INFO] [AllTheLeaks/]: Mixins added to allowed list: [main.IngredientKJSMixin]
[10May2026 16:42:40.364] [main/INFO] [AllTheLeaks/]: Class dev.uncandango.alltheleaks.fix.common.mods.jei.FixItemStackCopy will be loaded as it matches versions: 15.20.0.112 in *
[10May2026 16:42:40.364] [main/INFO] [AllTheLeaks/]: Mixins added to allowed list: [main.SmithingCategoryExtensionMixin, main.NormalizedTypedItemStackMixin, main.IngredientSetMixin]
[10May2026 16:42:40.365] [main/INFO] [AllTheLeaks/]: Class dev.uncandango.alltheleaks.fix.common.mods.cofh_core.FixItemStackCopy will be loaded as it matches versions: 11.0.2 in *
[10May2026 16:42:40.365] [main/INFO] [AllTheLeaks/]: Mixins added to allowed list: [main.IngredientWithCountMixin]
[10May2026 16:42:40.372] [main/INFO] [AllTheLeaks/]: Class dev.uncandango.alltheleaks.feature.common.mods.minecraft.MemoryMonitor will be loaded as it matches versions: 1.20.1 in 1.20.1
[10May2026 16:42:40.373] [main/INFO] [AllTheLeaks/]: Mixins added to allowed list: [main.PlayerMixin, main.ChunkAccessMixin, main.LevelMixin, main.MinecraftServerMixin]
[10May2026 16:42:40.373] [main/INFO] [AllTheLeaks/]: Class dev.uncandango.alltheleaks.feature.common.mods.minecraft.ClearLeakedLevelChunks will be loaded as it matches versions: 1.20.1 in 1.20.1
[10May2026 16:42:40.373] [main/INFO] [AllTheLeaks/]: Mixins added to allowed list: [accessor.LevelAccessor, main.RebindableTickingBlockEntityWrapperMixin, accessor.LevelChunkAccessor]
[10May2026 16:42:40.591] [main/ERROR] [net.minecraftforge.fml.loading.RuntimeDistCleaner/DISTXFORM]: Attempted to load class net/minecraft/client/main/Main for invalid dist DEDICATED_SERVER
[10May2026 16:42:40.591] [main/WARN] [mixin/]: Error loading class: net/minecraft/client/main/Main (java.lang.RuntimeException: Attempted to load class net/minecraft/client/main/Main for invalid dist DEDICATED_SERVER)
[10May2026 16:42:40.592] [main/WARN] [mixin/]: @Mixin target net.minecraft.client.main.Main was not found euphoria_patcher.mixins.json:EuphoriaPatcherMixin
[10May2026 16:42:42.114] [main/ERROR] [net.minecraftforge.fml.loading.RuntimeDistCleaner/DISTXFORM]: Attempted to load class com/tacz/guns/api/modifier/IAttachmentModifier$DiagramsData for invalid dist DEDICATED_SERVER
[10May2026 16:42:42.115] [main/WARN] [mixin/]: Error loading class: com/tacz/guns/api/modifier/IAttachmentModifier$DiagramsData (java.lang.RuntimeException: Attempted to load class com/tacz/guns/api/modifier/IAttachmentModifier$DiagramsData for invalid dist DEDICATED_SERVER)
[10May2026 16:42:42.463] [main/INFO] [MixinExtras|Service/]: Initializing MixinExtras via com.llamalad7.mixinextras.service.MixinExtrasServiceImpl(version=0.5.3).
[10May2026 16:42:43.242] [main/INFO] [Smooth Boot (Reloaded)/]: Smooth Boot (Reloaded) config initialized
[10May2026 16:42:44.099] [main/INFO] [net.minecraftforge.coremod.CoreMod.placebo/COREMODLOG]: Patching IForgeItemStack#getEnchantmentLevel
[10May2026 16:42:44.100] [main/INFO] [net.minecraftforge.coremod.CoreMod.placebo/COREMODLOG]: Patching IForgeItemStack#getEnchantmentLevel
[10May2026 16:42:45.325] [main/WARN] [mixin/]: @Redirect conflict. Skipping securitycraft.mixins.json:camera.ServerPlayerMixin->@Redirect::securitycraft$tick(Lnet/minecraft/server/level/ServerPlayer;DDDFF)V with priority 1100, already redirected by railways-common.mixins.json:conductor_possession.ServerPlayerMixin->@Redirect::railways$securitycraft$tick(Lnet/minecraft/server/level/ServerPlayer;DDDFF)V with priority 1200
[10May2026 16:42:47.456] [main/INFO] [net.minecraftforge.coremod.CoreMod.placebo/COREMODLOG]: Patching IForgeItemStack#getEnchantmentLevel
[10May2026 16:42:47.457] [main/INFO] [net.minecraftforge.coremod.CoreMod.placebo/COREMODLOG]: Patching IForgeItemStack#getEnchantmentLevel
[10May2026 16:42:47.882] [main/WARN] [mixin/]: @Inject(@At("INVOKE_ASSIGN")) Shift.BY=1 on palladiumcore-common.mixins.json:LightningBoltMixin::handler$bam000$tick exceeds the maximum allowed value: 0. Increase the value of maxShiftBy to suppress this warning.
[10May2026 16:42:49.720] [main/WARN] [mixin/]: @Inject(@At("INVOKE_ASSIGN")) Shift.BY=2 on refurbished_furniture.common.mixins.json:LevelChunkMixin::handler$bpm000$refurbishedFurniture$AfterRemoveBlockEntity exceeds the maximum allowed value: 0. Increase the value of maxShiftBy to suppress this warning.
[10May2026 16:42:51.673] [main/INFO] [org.groovymc.gml.internal.ModExtensionLoader/]: Skipping extension class org.groovymc.cgl.api.extension.client.MinecraftExtensions: it requires dist CLIENT, but we're running on DEDICATED_SERVER
[10May2026 16:42:52.170] [modloading-worker-0/WARN] [auudio/Auudio/]: WARNING: Auudio is a client mod and has no effect when loaded on a server!
[10May2026 16:42:52.186] [modloading-worker-0/INFO] [Structure Control/]: Structure Control, Forge Init
[10May2026 16:42:52.200] [modloading-worker-0/INFO] [Structure Control/]: Structure Control, Platform: Forge, Env: production
[10May2026 16:42:52.293] [modloading-worker-0/INFO] [hordes/]: Trying to load common config
[10May2026 16:42:52.301] [modloading-worker-0/INFO] [hordes/]: Trying to load client config
[10May2026 16:42:52.341] [modloading-worker-0/INFO] [hordes/]: Config files are up to date, skipping data/asset generation
[10May2026 16:42:52.451] [modloading-worker-0/INFO] [net.permutated.novillagerdm.NoVillagerDeathMessages/]: Registering mod: novillagerdm
[10May2026 16:42:52.781] [modloading-worker-0/INFO] [dev.codeoverload.xrayreporter.Xrayreporter/]: [XrayReporter] Mod initializing...
[10May2026 16:42:52.786] [modloading-worker-0/INFO] [dev.codeoverload.xrayreporter.Xrayreporter/]: [XrayReporter] Registered common setup listener
[10May2026 16:42:52.786] [modloading-worker-0/INFO] [dev.codeoverload.xrayreporter.Xrayreporter/]: [XrayReporter] Registered to Forge event bus
[10May2026 16:42:52.788] [modloading-worker-0/INFO] [dev.codeoverload.xrayreporter.Xrayreporter/]: [XrayReporter] Registered DummyArgument
[10May2026 16:42:52.791] [modloading-worker-0/INFO] [dev.codeoverload.xrayreporter.Xrayreporter/]: [XrayReporter] Registered network packet
[10May2026 16:42:52.805] [modloading-worker-0/INFO] [gml/]: Initialised GML mod. Version: 4.0.11
[10May2026 16:42:53.223] [modloading-worker-0/INFO] [Puzzles Lib/]: Constructing common components for mutantmonsters:main
[10May2026 16:42:53.853] [modloading-worker-0/INFO] [com.leclowndu93150.corpsecurioscompat.Main/]: Hello from Corpse Curios Compat!
[10May2026 16:42:53.907] [modloading-worker-0/INFO] [net.minecraftforge.common.ForgeMod/FORGEMOD]: Forge mod loading, version 47.4.20, for MC 1.20.1 with MCP 20230612.114412
[10May2026 16:42:53.908] [modloading-worker-0/INFO] [net.minecraftforge.common.MinecraftForge/FORGE]: MinecraftForge v47.4.20 Initialized
[10May2026 16:42:54.000] [modloading-worker-0/INFO] [de.keksuccino.drippyloadingscreen.DrippyLoadingScreen/]: [DRIPPY LOADING SCREEN] Loading v3.1.0 in server-side mode on FORGE!
[10May2026 16:42:54.503] [modloading-worker-0/INFO] [necronomicon/]: Necronomicon Initialized
[10May2026 16:42:54.514] [modloading-worker-0/INFO] [necronomicon/]: File exists, reading config for elocindev.necronomicon.NecronomiconConfig.
[10May2026 16:42:54.602] [modloading-worker-0/INFO] [necronomicon/]: Config for elocindev.necronomicon.NecronomiconConfig read successfully.
[10May2026 16:42:54.611] [modloading-worker-0/INFO] [necronomicon/]: there is a brick about to fall through your roof at terminal velocity
[10May2026 16:42:54.844] [modloading-worker-0/INFO] [Puzzles Lib/]: Constructing common components for puzzleslib:main
[10May2026 16:42:55.000] [modloading-worker-0/INFO] [dynamiclights/]: [Dynamic Lights] Registering server started event ...
[10May2026 16:42:55.053] [modloading-worker-0/INFO] [insane96mcp.insanelib.InsaneLib/]: Found (COMMON) InsaneLib Feature class insane96mcp.insanelib.module.base.FixesFeature
[10May2026 16:42:55.061] [modloading-worker-0/INFO] [insane96mcp.insanelib.InsaneLib/]: Found (COMMON) InsaneLib Feature class insane96mcp.insanelib.module.base.TagsFeature
[10May2026 16:42:55.077] [modloading-worker-0/INFO] [insane96mcp.insanelib.InsaneLib/]: Found (COMMON) InsaneLib Feature class insane96mcp.insanelib.module.base.TimeStopNoPlayerOnline
[10May2026 16:42:55.095] [modloading-worker-0/INFO] [insane96mcp.insanelib.InsaneLib/]: Found (COMMON) InsaneLib Feature class insane96mcp.insanelib.module.base.betterfallingblocks.BetterFallingBlocks
[10May2026 16:42:55.484] [modloading-worker-0/INFO] [thedarkcolour.kotlinforforge.test.KotlinForForge/]: Kotlin For Forge Enabled!
[10May2026 16:42:55.515] [modloading-worker-0/INFO] [Bookshelf/]: Fixing MC-151457. Crafting remainder for minecraft:pufferfish_bucket is now minecraft:bucket.
[10May2026 16:42:55.515] [modloading-worker-0/INFO] [Bookshelf/]: Fixing MC-151457. Crafting remainder for minecraft:salmon_bucket is now minecraft:bucket.
[10May2026 16:42:55.515] [modloading-worker-0/INFO] [Bookshelf/]: Fixing MC-151457. Crafting remainder for minecraft:cod_bucket is now minecraft:bucket.
[10May2026 16:42:55.516] [modloading-worker-0/INFO] [Bookshelf/]: Fixing MC-151457. Crafting remainder for minecraft:tropical_fish_bucket is now minecraft:bucket.
[10May2026 16:42:55.516] [modloading-worker-0/INFO] [Bookshelf/]: Fixing MC-151457. Crafting remainder for minecraft:axolotl_bucket is now minecraft:bucket.
[10May2026 16:42:55.516] [modloading-worker-0/INFO] [Bookshelf/]: Fixing MC-151457. Crafting remainder for minecraft:powder_snow_bucket is now minecraft:bucket.
[10May2026 16:42:55.516] [modloading-worker-0/INFO] [Bookshelf/]: Fixing MC-151457. Crafting remainder for minecraft:tadpole_bucket is now minecraft:bucket.
[10May2026 16:42:55.559] [modloading-worker-0/INFO] [Railways/]: Steam 'n' Rails v1.7.2 initializing! Commit hash: 7c1a21e3a4edbd6b5f1301f82a8bfbeb5fdb1444 on Create version: 6.0.8 on platform: Forge
[10May2026 16:42:55.637] [modloading-worker-0/INFO] [info.u_team.u_team_core.util.verify.JarSignVerifier/]: Mod uteamcore is signed with a valid certificate.
[10May2026 16:42:55.874] [modloading-worker-0/INFO] [de.keksuccino.melody.Melody/]: [MELODY] Disabling Melody since it's loaded server-side.
[10May2026 16:42:55.905] [modloading-worker-0/INFO] [de.keksuccino.konkrete.Konkrete/]: [KONKRETE] Successfully initialized!
[10May2026 16:42:55.907] [modloading-worker-0/INFO] [de.keksuccino.konkrete.Konkrete/]: [KONKRETE] Server-side libs ready to use!
[10May2026 16:42:56.203] [modloading-worker-0/INFO] [Collective/]: Loading Collective version 8.13.
[10May2026 16:42:56.305] [modloading-worker-0/INFO] [lostcities/]: Creating standard profiles into 'config/lostcities/profiles'
[10May2026 16:42:56.378] [modloading-worker-0/INFO] [lostcities/]: Reading existing profiles from 'config/lostcities/profiles'
[10May2026 16:42:56.505] [modloading-worker-0/INFO] [dev.architectury.networking.forge.NetworkManagerImpl/]: Registering C2S receiver with id architectury:sync_ids
[10May2026 16:42:56.507] [modloading-worker-0/INFO] [dev.architectury.networking.forge.NetworkManagerImpl/]: Registering C2S receiver with id ftblibrary:edit_nbt_response
[10May2026 16:42:56.516] [modloading-worker-0/INFO] [JamLib/]: Initializing JamLib on Forge
[10May2026 16:42:56.589] [modloading-worker-0/INFO] [dev.architectury.networking.forge.NetworkManagerImpl/]: Registering C2S receiver with id walkietalkie:updatewalkietalkie_c2s
[10May2026 16:42:56.590] [modloading-worker-0/INFO] [dev.architectury.networking.forge.NetworkManagerImpl/]: Registering C2S receiver with id walkietalkie:updatespeaker_c2s
[10May2026 16:42:56.592] [modloading-worker-0/INFO] [dev.architectury.networking.forge.NetworkManagerImpl/]: Registering C2S receiver with id walkietalkie:activatekeypressed_c2s
[10May2026 16:42:56.618] [modloading-worker-0/INFO] [JamLib/]: Updated config file at /workspaces/Cloud-Server/servidor_minecraft/config/rightclickharvest.json5
[10May2026 16:42:56.618] [modloading-worker-0/INFO] [Right Click Harvest/]: Initializing Right Click Harvest on FORGE
[10May2026 16:42:56.631] [modloading-worker-0/INFO] [dev.architectury.networking.forge.NetworkManagerImpl/]: Registering C2S receiver with id ftbteams:open_gui
[10May2026 16:42:56.640] [modloading-worker-0/INFO] [dev.architectury.networking.forge.NetworkManagerImpl/]: Registering C2S receiver with id ftbteams:update_settings
[10May2026 16:42:56.643] [modloading-worker-0/INFO] [dev.architectury.networking.forge.NetworkManagerImpl/]: Registering C2S receiver with id ftbteams:send_message
[10May2026 16:42:56.648] [modloading-worker-0/INFO] [dev.architectury.networking.forge.NetworkManagerImpl/]: Registering C2S receiver with id ftbteams:create_party
[10May2026 16:42:56.650] [modloading-worker-0/INFO] [dev.architectury.networking.forge.NetworkManagerImpl/]: Registering C2S receiver with id ftbteams:player_gui_operation
[10May2026 16:42:56.655] [modloading-worker-0/INFO] [com.cupboard.Cupboard/]: Loaded config for: cupboard.json
[10May2026 16:42:56.838] [modloading-worker-0/INFO] [fallingtrees | Config/]: Successfully loaded config 'fallingtrees_common'
[10May2026 16:42:56.845] [modloading-worker-0/INFO] [fallingtrees | Config/]: Successfully saved config 'fallingtrees_common'
[10May2026 16:42:56.916] [KubeJS Background Thread/INFO] [KubeJS/]: Loaded common.properties
[10May2026 16:42:56.919] [KubeJS Background Thread/INFO] [KubeJS/]: Loaded dev.properties
[10May2026 16:42:56.934] [modloading-worker-0/INFO] [KubeJS/]: Looking for KubeJS plugins...
[10May2026 16:42:56.946] [modloading-worker-0/INFO] [KubeJS/]: Found plugin source kubejs
[10May2026 16:42:56.978] [modloading-worker-0/WARN] [KubeJS/]: Plugin dev.latvian.mods.kubejs.forge.BuiltinKubeJSForgeClientPlugin does not load on server side, skipping
[10May2026 16:42:56.983] [modloading-worker-0/WARN] [KubeJS/]: Plugin dev.latvian.mods.kubejs.integration.forge.gamestages.GameStagesIntegration does not have required mod gamestages loaded, skipping
[10May2026 16:42:56.985] [modloading-worker-0/INFO] [KubeJS/]: Found plugin source ftbxmodcompat
[10May2026 16:42:56.993] [modloading-worker-0/WARN] [KubeJS/]: Plugin dev.ftb.mods.ftbxmodcompat.ftbchunks.kubejs.FTBChunksKubeJSPlugin does not have required mod ftbchunks loaded, skipping
[10May2026 16:42:56.996] [modloading-worker-0/WARN] [KubeJS/]: Plugin dev.ftb.mods.ftbxmodcompat.ftbfiltersystem.kubejs.FFSKubeJSPlugin does not have required mod ftbfiltersystem loaded, skipping
[10May2026 16:42:57.005] [modloading-worker-0/INFO] [Mob Control/]: Mob Control, Platform: Forge, Env: production
[10May2026 16:42:57.009] [modloading-worker-0/INFO] [KubeJS/]: Found plugin source lootjs
[10May2026 16:42:57.016] [modloading-worker-0/INFO] [KubeJS/]: Found plugin source tacz
[10May2026 16:42:57.022] [modloading-worker-0/INFO] [KubeJS/]: Done in 87.42 ms
[10May2026 16:42:57.053] [modloading-worker-0/WARN] [Mob Control/]: WARNING: Mob ignored due to missing name
[10May2026 16:42:57.224] [modloading-worker-0/INFO] [net.blay09.mods.balm.forge.config.ForgeBalmConfig/]: Registering config for trashslot:common (COMMON) with 5 properties.
[10May2026 16:42:57.402] [modloading-worker-0/INFO] [FTB XMod Compat/]: [FTB Quests] Enabled KubeJS integration
[10May2026 16:42:57.715] [modloading-worker-0/INFO] [Rhino Script Remapper/]: Loading Rhino Minecraft remapper...
[10May2026 16:42:57.735] [modloading-worker-0/INFO] [dev.latvian.mods.rhino.mod.util.RhinoProperties/]: Rhino properties loaded.
[10May2026 16:42:57.805] [modloading-worker-0/INFO] [Rhino Script Remapper/]: Loading mappings for 1.20.1
[10May2026 16:42:58.034] [modloading-worker-0/INFO] [Rhino Script Remapper/]: Done in 0.316 s
[10May2026 16:42:58.126] [modloading-worker-0/INFO] [dev.architectury.networking.forge.NetworkManagerImpl/]: Registering C2S receiver with id itemfilters:main/14e7fa1454283aec8ae811ef844ada28
[10May2026 16:42:58.127] [modloading-worker-0/INFO] [dev.architectury.networking.forge.NetworkManagerImpl/]: Registering C2S receiver with id itemfilters:main/8f6a899247753217b9d86ab427a2b279
[10May2026 16:42:58.329] [modloading-worker-0/INFO] [dev.architectury.networking.forge.NetworkManagerImpl/]: Registering C2S receiver with id ftbquests:submit_task
[10May2026 16:42:58.332] [modloading-worker-0/INFO] [dev.architectury.networking.forge.NetworkManagerImpl/]: Registering C2S receiver with id ftbquests:claim_reward
[10May2026 16:42:58.334] [modloading-worker-0/INFO] [dev.architectury.networking.forge.NetworkManagerImpl/]: Registering C2S receiver with id ftbquests:get_emergency_items
[10May2026 16:42:58.341] [modloading-worker-0/INFO] [dev.architectury.networking.forge.NetworkManagerImpl/]: Registering C2S receiver with id ftbquests:claim_all_rewards
[10May2026 16:42:58.343] [modloading-worker-0/INFO] [dev.architectury.networking.forge.NetworkManagerImpl/]: Registering C2S receiver with id ftbquests:claim_choice_reward
[10May2026 16:42:58.348] [modloading-worker-0/INFO] [dev.architectury.networking.forge.NetworkManagerImpl/]: Registering C2S receiver with id ftbquests:toggle_pinned
[10May2026 16:42:58.349] [modloading-worker-0/INFO] [dev.architectury.networking.forge.NetworkManagerImpl/]: Registering C2S receiver with id ftbquests:toggle_chapter_pinned
[10May2026 16:42:58.357] [modloading-worker-0/INFO] [dev.architectury.networking.forge.NetworkManagerImpl/]: Registering C2S receiver with id ftbquests:toggle_editing_mode
[10May2026 16:42:58.358] [modloading-worker-0/INFO] [dev.architectury.networking.forge.NetworkManagerImpl/]: Registering C2S receiver with id ftbquests:force_save
[10May2026 16:42:58.361] [modloading-worker-0/INFO] [dev.architectury.networking.forge.NetworkManagerImpl/]: Registering C2S receiver with id ftbquests:set_custom_image
[10May2026 16:42:58.374] [modloading-worker-0/INFO] [dev.architectury.networking.forge.NetworkManagerImpl/]: Registering C2S receiver with id ftbquests:task_screen_config_resp
[10May2026 16:42:58.377] [modloading-worker-0/INFO] [dev.architectury.networking.forge.NetworkManagerImpl/]: Registering C2S receiver with id ftbquests:give_item_to_player
[10May2026 16:42:58.378] [modloading-worker-0/INFO] [dev.architectury.networking.forge.NetworkManagerImpl/]: Registering C2S receiver with id ftbquests:reorder_item
[10May2026 16:42:58.382] [modloading-worker-0/INFO] [dev.architectury.networking.forge.NetworkManagerImpl/]: Registering C2S receiver with id ftbquests:change_progress
[10May2026 16:42:58.383] [modloading-worker-0/INFO] [dev.architectury.networking.forge.NetworkManagerImpl/]: Registering C2S receiver with id ftbquests:create_object
[10May2026 16:42:58.387] [modloading-worker-0/INFO] [dev.architectury.networking.forge.NetworkManagerImpl/]: Registering C2S receiver with id ftbquests:create_task_at
[10May2026 16:42:58.388] [modloading-worker-0/INFO] [dev.architectury.networking.forge.NetworkManagerImpl/]: Registering C2S receiver with id ftbquests:delete_object
[10May2026 16:42:58.389] [modloading-worker-0/INFO] [dev.architectury.networking.forge.NetworkManagerImpl/]: Registering C2S receiver with id ftbquests:edit_object
[10May2026 16:42:58.391] [modloading-worker-0/INFO] [dev.architectury.networking.forge.NetworkManagerImpl/]: Registering C2S receiver with id ftbquests:move_chapter
[10May2026 16:42:58.392] [modloading-worker-0/INFO] [dev.architectury.networking.forge.NetworkManagerImpl/]: Registering C2S receiver with id ftbquests:move_quest
[10May2026 16:42:58.394] [modloading-worker-0/INFO] [dev.architectury.networking.forge.NetworkManagerImpl/]: Registering C2S receiver with id ftbquests:change_chapter_group
[10May2026 16:42:58.395] [modloading-worker-0/INFO] [dev.architectury.networking.forge.NetworkManagerImpl/]: Registering C2S receiver with id ftbquests:move_chapter_group
[10May2026 16:42:58.401] [modloading-worker-0/INFO] [dev.architectury.networking.forge.NetworkManagerImpl/]: Registering C2S receiver with id ftbquests:copy_quest
[10May2026 16:42:58.407] [modloading-worker-0/INFO] [dev.architectury.networking.forge.NetworkManagerImpl/]: Registering C2S receiver with id ftbquests:copy_chapter_image
[10May2026 16:42:58.408] [modloading-worker-0/INFO] [dev.architectury.networking.forge.NetworkManagerImpl/]: Registering C2S receiver with id ftbquests:sync_structures_request
[10May2026 16:42:58.410] [modloading-worker-0/INFO] [dev.architectury.networking.forge.NetworkManagerImpl/]: Registering C2S receiver with id ftbquests:request_team_data
[10May2026 16:42:58.640] [modloading-worker-0/INFO] [com.simibubi.create.Create/]: Create 6.0.8 initializing! Commit hash: 1a1a9a2819b4f89f78caec41b55ed8cb222fa24b
[10May2026 16:42:59.123] [modloading-worker-0/INFO] [Create Deco/]: Registering items for Create Deco
[10May2026 16:42:59.184] [modloading-worker-0/INFO] [KubeJS Startup/]: cwstartuptweaks.js#1: CW Tweaks Startup scripts successfully loaded.
[10May2026 16:42:59.201] [modloading-worker-0/INFO] [KubeJS Startup/]: Loaded script startup_scripts:cwstartuptweaks.js in 0.195 s
[10May2026 16:42:59.216] [modloading-worker-0/INFO] [Create Deco/]: Registering blocks for Create Deco
[10May2026 16:42:59.225] [modloading-worker-0/INFO] [KubeJS Startup/]: Loaded script startup_scripts:matt's_stims_startup.js in 0.023 s
[10May2026 16:42:59.235] [modloading-worker-0/INFO] [KubeJS Startup/]: Loaded 2/2 KubeJS startup scripts in 1.191 s with 0 errors and 0 warnings
[10May2026 16:42:59.495] [modloading-worker-0/INFO] [dev.architectury.networking.forge.NetworkManagerImpl/]: Registering C2S receiver with id kubejs:send_data_from_client
[10May2026 16:42:59.505] [modloading-worker-0/INFO] [dev.architectury.networking.forge.NetworkManagerImpl/]: Registering C2S receiver with id kubejs:first_click
[10May2026 16:42:59.600] [modloading-worker-0/INFO] [Railways/]: Registered bogey styles from railways
[10May2026 16:42:59.927] [modloading-worker-0/INFO] [particular/]: I am quite particular about the effects I choose to add :3
[10May2026 16:42:59.938] [modloading-worker-0/ERROR] [toastcontrol/]: Running on a dedicated server, disabling mod.
[10May2026 16:42:59.965] [modloading-worker-0/INFO] [coroutil/]: forge loader environment detected
[10May2026 16:43:00.353] [modloading-worker-0/INFO] [de.keksuccino.fancymenu.FancyMenu/]: [FANCYMENU] Loading v3.8.1 in server-side mode on FORGE!
[10May2026 16:43:00.558] [modloading-worker-0/INFO] [Railways/]: Registering data fixers
[10May2026 16:43:00.591] [modloading-worker-0/INFO] [com.mojang.datafixers.DataFixerBuilder/]: 0 Datafixer optimizations took 0 milliseconds
[10May2026 16:43:00.598] [modloading-worker-0/INFO] [Railways/MultiRegistryCallback/]: Registering callback for create:track_signal in minecraft:block_entity_type
[10May2026 16:43:00.598] [modloading-worker-0/INFO] [Railways/MultiRegistryCallback/]: Registering callback for railways:track_signal_source in create:display_source
[10May2026 16:43:00.600] [modloading-worker-0/INFO] [Railways/MultiRegistryCallback/]: Registering callback for create:copycat in minecraft:block_entity_type
[10May2026 16:43:00.600] [modloading-worker-0/INFO] [Railways/MultiRegistryCallback/]: Registering callback for railways:conductor_vent in minecraft:block
[10May2026 16:43:00.600] [modloading-worker-0/INFO] [Railways/MultiRegistryCallback/]: Registering callback for create:flywheel in minecraft:block_entity_type
[10May2026 16:43:00.600] [modloading-worker-0/INFO] [Railways/MultiRegistryCallback/]: Registering callback for railways:locometal_flywheel in minecraft:block
[10May2026 16:43:00.600] [modloading-worker-0/INFO] [Railways/MultiRegistryCallback/]: Registering callback for create:sliding_door in minecraft:block_entity_type
[10May2026 16:43:00.600] [modloading-worker-0/INFO] [Railways/MultiRegistryCallback/]: Registering callback for railways:sliding_locometal_door in minecraft:block
[10May2026 16:43:00.600] [modloading-worker-0/INFO] [Railways/MultiRegistryCallback/]: Registering callback for create:sliding_door in minecraft:block_entity_type
[10May2026 16:43:00.600] [modloading-worker-0/INFO] [Railways/MultiRegistryCallback/]: Registering callback for railways:folding_locometal_door in minecraft:block
[10May2026 16:43:00.601] [modloading-worker-0/INFO] [Railways/MultiRegistryCallback/]: Registering callback for create:flywheel in minecraft:block_entity_type
[10May2026 16:43:00.601] [modloading-worker-0/INFO] [Railways/MultiRegistryCallback/]: Registering callback for railways:brown_locometal_flywheel in minecraft:block
[10May2026 16:43:00.601] [modloading-worker-0/INFO] [Railways/MultiRegistryCallback/]: Registering callback for create:sliding_door in minecraft:block_entity_type
[10May2026 16:43:00.601] [modloading-worker-0/INFO] [Railways/MultiRegistryCallback/]: Registering callback for railways:brown_sliding_locometal_door in minecraft:block
[10May2026 16:43:00.601] [modloading-worker-0/INFO] [Railways/MultiRegistryCallback/]: Registering callback for create:sliding_door in minecraft:block_entity_type
[10May2026 16:43:00.601] [modloading-worker-0/INFO] [Railways/MultiRegistryCallback/]: Registering callback for railways:brown_folding_locometal_door in minecraft:block
[10May2026 16:43:00.601] [modloading-worker-0/INFO] [Railways/MultiRegistryCallback/]: Registering callback for create:flywheel in minecraft:block_entity_type
[10May2026 16:43:00.601] [modloading-worker-0/INFO] [Railways/MultiRegistryCallback/]: Registering callback for railways:maroon_locometal_flywheel in minecraft:block
[10May2026 16:43:00.601] [modloading-worker-0/INFO] [Railways/MultiRegistryCallback/]: Registering callback for create:sliding_door in minecraft:block_entity_type
[10May2026 16:43:00.605] [modloading-worker-0/INFO] [Railways/MultiRegistryCallback/]: Registering callback for railways:maroon_sliding_locometal_door in minecraft:block
[10May2026 16:43:00.605] [modloading-worker-0/INFO] [Railways/MultiRegistryCallback/]: Registering callback for create:sliding_door in minecraft:block_entity_type
[10May2026 16:43:00.605] [modloading-worker-0/INFO] [Railways/MultiRegistryCallback/]: Registering callback for railways:maroon_folding_locometal_door in minecraft:block
[10May2026 16:43:00.605] [modloading-worker-0/INFO] [Railways/MultiRegistryCallback/]: Registering callback for create:flywheel in minecraft:block_entity_type
[10May2026 16:43:00.606] [modloading-worker-0/INFO] [Railways/MultiRegistryCallback/]: Registering callback for railways:red_locometal_flywheel in minecraft:block
[10May2026 16:43:00.606] [modloading-worker-0/INFO] [Railways/MultiRegistryCallback/]: Registering callback for create:sliding_door in minecraft:block_entity_type
[10May2026 16:43:00.606] [modloading-worker-0/INFO] [Railways/MultiRegistryCallback/]: Registering callback for railways:red_sliding_locometal_door in minecraft:block
[10May2026 16:43:00.606] [modloading-worker-0/INFO] [Railways/MultiRegistryCallback/]: Registering callback for create:sliding_door in minecraft:block_entity_type
[10May2026 16:43:00.606] [modloading-worker-0/INFO] [Railways/MultiRegistryCallback/]: Registering callback for railways:red_folding_locometal_door in minecraft:block
[10May2026 16:43:00.606] [modloading-worker-0/INFO] [Railways/MultiRegistryCallback/]: Registering callback for create:flywheel in minecraft:block_entity_type
[10May2026 16:43:00.606] [modloading-worker-0/INFO] [Railways/MultiRegistryCallback/]: Registering callback for railways:vermilion_locometal_flywheel in minecraft:block
[10May2026 16:43:00.606] [modloading-worker-0/INFO] [Railways/MultiRegistryCallback/]: Registering callback for create:sliding_door in minecraft:block_entity_type
[10May2026 16:43:00.606] [modloading-worker-0/INFO] [Railways/MultiRegistryCallback/]: Registering callback for railways:vermilion_sliding_locometal_door in minecraft:block
[10May2026 16:43:00.606] [modloading-worker-0/INFO] [Railways/MultiRegistryCallback/]: Registering callback for create:sliding_door in minecraft:block_entity_type
[10May2026 16:43:00.606] [modloading-worker-0/INFO] [Railways/MultiRegistryCallback/]: Registering callback for railways:vermilion_folding_locometal_door in minecraft:block
[10May2026 16:43:00.606] [modloading-worker-0/INFO] [Railways/MultiRegistryCallback/]: Registering callback for create:flywheel in minecraft:block_entity_type
[10May2026 16:43:00.606] [modloading-worker-0/INFO] [Railways/MultiRegistryCallback/]: Registering callback for railways:orange_locometal_flywheel in minecraft:block
[10May2026 16:43:00.607] [modloading-worker-0/INFO] [Railways/MultiRegistryCallback/]: Registering callback for create:sliding_door in minecraft:block_entity_type
[10May2026 16:43:00.607] [modloading-worker-0/INFO] [Railways/MultiRegistryCallback/]: Registering callback for railways:orange_sliding_locometal_door in minecraft:block
[10May2026 16:43:00.607] [modloading-worker-0/INFO] [Railways/MultiRegistryCallback/]: Registering callback for create:sliding_door in minecraft:block_entity_type
[10May2026 16:43:00.607] [modloading-worker-0/INFO] [Railways/MultiRegistryCallback/]: Registering callback for railways:orange_folding_locometal_door in minecraft:block
[10May2026 16:43:00.607] [modloading-worker-0/INFO] [Railways/MultiRegistryCallback/]: Registering callback for create:flywheel in minecraft:block_entity_type
[10May2026 16:43:00.607] [modloading-worker-0/INFO] [Railways/MultiRegistryCallback/]: Registering callback for railways:granite_locometal_flywheel in minecraft:block
[10May2026 16:43:00.607] [modloading-worker-0/INFO] [Railways/MultiRegistryCallback/]: Registering callback for create:sliding_door in minecraft:block_entity_type
[10May2026 16:43:00.607] [modloading-worker-0/INFO] [Railways/MultiRegistryCallback/]: Registering callback for railways:granite_sliding_locometal_door in minecraft:block
[10May2026 16:43:00.607] [modloading-worker-0/INFO] [Railways/MultiRegistryCallback/]: Registering callback for create:sliding_door in minecraft:block_entity_type
[10May2026 16:43:00.613] [modloading-worker-0/INFO] [Railways/MultiRegistryCallback/]: Registering callback for railways:granite_folding_locometal_door in minecraft:block
[10May2026 16:43:00.613] [modloading-worker-0/INFO] [Railways/MultiRegistryCallback/]: Registering callback for create:flywheel in minecraft:block_entity_type
[10May2026 16:43:00.613] [modloading-worker-0/INFO] [Railways/MultiRegistryCallback/]: Registering callback for railways:dripstone_locometal_flywheel in minecraft:block
[10May2026 16:43:00.614] [modloading-worker-0/INFO] [Railways/MultiRegistryCallback/]: Registering callback for create:sliding_door in minecraft:block_entity_type
[10May2026 16:43:00.614] [modloading-worker-0/INFO] [Railways/MultiRegistryCallback/]: Registering callback for railways:dripstone_sliding_locometal_door in minecraft:block
[10May2026 16:43:00.614] [modloading-worker-0/INFO] [Railways/MultiRegistryCallback/]: Registering callback for create:sliding_door in minecraft:block_entity_type
[10May2026 16:43:00.614] [modloading-worker-0/INFO] [Railways/MultiRegistryCallback/]: Registering callback for railways:dripstone_folding_locometal_door in minecraft:block
[10May2026 16:43:00.614] [modloading-worker-0/INFO] [Railways/MultiRegistryCallback/]: Registering callback for create:flywheel in minecraft:block_entity_type
[10May2026 16:43:00.614] [modloading-worker-0/INFO] [Railways/MultiRegistryCallback/]: Registering callback for railways:ochrum_locometal_flywheel in minecraft:block
[10May2026 16:43:00.614] [modloading-worker-0/INFO] [Railways/MultiRegistryCallback/]: Registering callback for create:sliding_door in minecraft:block_entity_type
[10May2026 16:43:00.614] [modloading-worker-0/INFO] [Railways/MultiRegistryCallback/]: Registering callback for railways:ochrum_sliding_locometal_door in minecraft:block
[10May2026 16:43:00.614] [modloading-worker-0/INFO] [Railways/MultiRegistryCallback/]: Registering callback for create:sliding_door in minecraft:block_entity_type
[10May2026 16:43:00.614] [modloading-worker-0/INFO] [Railways/MultiRegistryCallback/]: Registering callback for railways:ochrum_folding_locometal_door in minecraft:block
[10May2026 16:43:00.614] [modloading-worker-0/INFO] [Railways/MultiRegistryCallback/]: Registering callback for create:flywheel in minecraft:block_entity_type
[10May2026 16:43:00.614] [modloading-worker-0/INFO] [Railways/MultiRegistryCallback/]: Registering callback for railways:yellow_locometal_flywheel in minecraft:block
[10May2026 16:43:00.614] [modloading-worker-0/INFO] [Railways/MultiRegistryCallback/]: Registering callback for create:sliding_door in minecraft:block_entity_type
[10May2026 16:43:00.614] [modloading-worker-0/INFO] [Railways/MultiRegistryCallback/]: Registering callback for railways:yellow_sliding_locometal_door in minecraft:block
[10May2026 16:43:00.614] [modloading-worker-0/INFO] [Railways/MultiRegistryCallback/]: Registering callback for create:sliding_door in minecraft:block_entity_type
[10May2026 16:43:00.614] [modloading-worker-0/INFO] [Railways/MultiRegistryCallback/]: Registering callback for railways:yellow_folding_locometal_door in minecraft:block
[10May2026 16:43:00.614] [modloading-worker-0/INFO] [Railways/MultiRegistryCallback/]: Registering callback for create:flywheel in minecraft:block_entity_type
[10May2026 16:43:00.615] [modloading-worker-0/INFO] [Railways/MultiRegistryCallback/]: Registering callback for railways:chartreuse_locometal_flywheel in minecraft:block
[10May2026 16:43:00.615] [modloading-worker-0/INFO] [Railways/MultiRegistryCallback/]: Registering callback for create:sliding_door in minecraft:block_entity_type
[10May2026 16:43:00.615] [modloading-worker-0/INFO] [Railways/MultiRegistryCallback/]: Registering callback for railways:chartreuse_sliding_locometal_door in minecraft:block
[10May2026 16:43:00.615] [modloading-worker-0/INFO] [Railways/MultiRegistryCallback/]: Registering callback for create:sliding_door in minecraft:block_entity_type
[10May2026 16:43:00.615] [modloading-worker-0/INFO] [Railways/MultiRegistryCallback/]: Registering callback for railways:chartreuse_folding_locometal_door in minecraft:block
[10May2026 16:43:00.615] [modloading-worker-0/INFO] [Railways/MultiRegistryCallback/]: Registering callback for create:flywheel in minecraft:block_entity_type
[10May2026 16:43:00.615] [modloading-worker-0/INFO] [Railways/MultiRegistryCallback/]: Registering callback for railways:olive_green_locometal_flywheel in minecraft:block
[10May2026 16:43:00.615] [modloading-worker-0/INFO] [Railways/MultiRegistryCallback/]: Registering callback for create:sliding_door in minecraft:block_entity_type
[10May2026 16:43:00.615] [modloading-worker-0/INFO] [Railways/MultiRegistryCallback/]: Registering callback for railways:olive_green_sliding_locometal_door in minecraft:block
[10May2026 16:43:00.615] [modloading-worker-0/INFO] [Railways/MultiRegistryCallback/]: Registering callback for create:sliding_door in minecraft:block_entity_type
[10May2026 16:43:00.615] [modloading-worker-0/INFO] [Railways/MultiRegistryCallback/]: Registering callback for railways:olive_green_folding_locometal_door in minecraft:block
[10May2026 16:43:00.615] [modloading-worker-0/INFO] [Railways/MultiRegistryCallback/]: Registering callback for create:flywheel in minecraft:block_entity_type
[10May2026 16:43:00.615] [modloading-worker-0/INFO] [Railways/MultiRegistryCallback/]: Registering callback for railways:lime_locometal_flywheel in minecraft:block
[10May2026 16:43:00.615] [modloading-worker-0/INFO] [Railways/MultiRegistryCallback/]: Registering callback for create:sliding_door in minecraft:block_entity_type
[10May2026 16:43:00.615] [modloading-worker-0/INFO] [Railways/MultiRegistryCallback/]: Registering callback for railways:lime_sliding_locometal_door in minecraft:block
[10May2026 16:43:00.615] [modloading-worker-0/INFO] [Railways/MultiRegistryCallback/]: Registering callback for create:sliding_door in minecraft:block_entity_type
[10May2026 16:43:00.615] [modloading-worker-0/INFO] [Railways/MultiRegistryCallback/]: Registering callback for railways:lime_folding_locometal_door in minecraft:block
[10May2026 16:43:00.615] [modloading-worker-0/INFO] [Railways/MultiRegistryCallback/]: Registering callback for create:flywheel in minecraft:block_entity_type
[10May2026 16:43:00.616] [modloading-worker-0/INFO] [Railways/MultiRegistryCallback/]: Registering callback for railways:green_locometal_flywheel in minecraft:block
[10May2026 16:43:00.616] [modloading-worker-0/INFO] [Railways/MultiRegistryCallback/]: Registering callback for create:sliding_door in minecraft:block_entity_type
[10May2026 16:43:00.616] [modloading-worker-0/INFO] [Railways/MultiRegistryCallback/]: Registering callback for railways:green_sliding_locometal_door in minecraft:block
[10May2026 16:43:00.616] [modloading-worker-0/INFO] [Railways/MultiRegistryCallback/]: Registering callback for create:sliding_door in minecraft:block_entity_type
[10May2026 16:43:00.616] [modloading-worker-0/INFO] [Railways/MultiRegistryCallback/]: Registering callback for railways:green_folding_locometal_door in minecraft:block
[10May2026 16:43:00.616] [modloading-worker-0/INFO] [Railways/MultiRegistryCallback/]: Registering callback for create:flywheel in minecraft:block_entity_type
[10May2026 16:43:00.616] [modloading-worker-0/INFO] [Railways/MultiRegistryCallback/]: Registering callback for railways:pine_green_locometal_flywheel in minecraft:block
[10May2026 16:43:00.616] [modloading-worker-0/INFO] [Railways/MultiRegistryCallback/]: Registering callback for create:sliding_door in minecraft:block_entity_type
[10May2026 16:43:00.616] [modloading-worker-0/INFO] [Railways/MultiRegistryCallback/]: Registering callback for railways:pine_green_sliding_locometal_door in minecraft:block
[10May2026 16:43:00.616] [modloading-worker-0/INFO] [Railways/MultiRegistryCallback/]: Registering callback for create:sliding_door in minecraft:block_entity_type
[10May2026 16:43:00.619] [modloading-worker-0/INFO] [Railways/MultiRegistryCallback/]: Registering callback for railways:pine_green_folding_locometal_door in minecraft:block
[10May2026 16:43:00.619] [modloading-worker-0/INFO] [Railways/MultiRegistryCallback/]: Registering callback for create:flywheel in minecraft:block_entity_type
[10May2026 16:43:00.619] [modloading-worker-0/INFO] [Railways/MultiRegistryCallback/]: Registering callback for railways:cyan_locometal_flywheel in minecraft:block
[10May2026 16:43:00.619] [modloading-worker-0/INFO] [Railways/MultiRegistryCallback/]: Registering callback for create:sliding_door in minecraft:block_entity_type
[10May2026 16:43:00.619] [modloading-worker-0/INFO] [Railways/MultiRegistryCallback/]: Registering callback for railways:cyan_sliding_locometal_door in minecraft:block
[10May2026 16:43:00.619] [modloading-worker-0/INFO] [Railways/MultiRegistryCallback/]: Registering callback for create:sliding_door in minecraft:block_entity_type
[10May2026 16:43:00.620] [modloading-worker-0/INFO] [Railways/MultiRegistryCallback/]: Registering callback for railways:cyan_folding_locometal_door in minecraft:block
[10May2026 16:43:00.620] [modloading-worker-0/INFO] [Railways/MultiRegistryCallback/]: Registering callback for create:flywheel in minecraft:block_entity_type
[10May2026 16:43:00.620] [modloading-worker-0/INFO] [Railways/MultiRegistryCallback/]: Registering callback for railways:sea_green_locometal_flywheel in minecraft:block
[10May2026 16:43:00.620] [modloading-worker-0/INFO] [Railways/MultiRegistryCallback/]: Registering callback for create:sliding_door in minecraft:block_entity_type
[10May2026 16:43:00.620] [modloading-worker-0/INFO] [Railways/MultiRegistryCallback/]: Registering callback for railways:sea_green_sliding_locometal_door in minecraft:block
[10May2026 16:43:00.620] [modloading-worker-0/INFO] [Railways/MultiRegistryCallback/]: Registering callback for create:sliding_door in minecraft:block_entity_type
[10May2026 16:43:00.620] [modloading-worker-0/INFO] [Railways/MultiRegistryCallback/]: Registering callback for railways:sea_green_folding_locometal_door in minecraft:block
[10May2026 16:43:00.620] [modloading-worker-0/INFO] [Railways/MultiRegistryCallback/]: Registering callback for create:flywheel in minecraft:block_entity_type
[10May2026 16:43:00.620] [modloading-worker-0/INFO] [Railways/MultiRegistryCallback/]: Registering callback for railways:turquoise_locometal_flywheel in minecraft:block
[10May2026 16:43:00.620] [modloading-worker-0/INFO] [Railways/MultiRegistryCallback/]: Registering callback for create:sliding_door in minecraft:block_entity_type
[10May2026 16:43:00.620] [modloading-worker-0/INFO] [Railways/MultiRegistryCallback/]: Registering callback for railways:turquoise_sliding_locometal_door in minecraft:block
[10May2026 16:43:00.621] [modloading-worker-0/INFO] [Railways/MultiRegistryCallback/]: Registering callback for create:sliding_door in minecraft:block_entity_type
[10May2026 16:43:00.621] [modloading-worker-0/INFO] [Railways/MultiRegistryCallback/]: Registering callback for railways:turquoise_folding_locometal_door in minecraft:block
[10May2026 16:43:00.621] [modloading-worker-0/INFO] [Railways/MultiRegistryCallback/]: Registering callback for create:flywheel in minecraft:block_entity_type
[10May2026 16:43:00.621] [modloading-worker-0/INFO] [Railways/MultiRegistryCallback/]: Registering callback for railways:light_blue_locometal_flywheel in minecraft:block
[10May2026 16:43:00.621] [modloading-worker-0/INFO] [Railways/MultiRegistryCallback/]: Registering callback for create:sliding_door in minecraft:block_entity_type
[10May2026 16:43:00.621] [modloading-worker-0/INFO] [Railways/MultiRegistryCallback/]: Registering callback for railways:light_blue_sliding_locometal_door in minecraft:block
[10May2026 16:43:00.621] [modloading-worker-0/INFO] [Railways/MultiRegistryCallback/]: Registering callback for create:sliding_door in minecraft:block_entity_type
[10May2026 16:43:00.621] [modloading-worker-0/INFO] [Railways/MultiRegistryCallback/]: Registering callback for railways:light_blue_folding_locometal_door in minecraft:block
[10May2026 16:43:00.621] [modloading-worker-0/INFO] [Railways/MultiRegistryCallback/]: Registering callback for create:flywheel in minecraft:block_entity_type
[10May2026 16:43:00.621] [modloading-worker-0/INFO] [Railways/MultiRegistryCallback/]: Registering callback for railways:blue_locometal_flywheel in minecraft:block
[10May2026 16:43:00.621] [modloading-worker-0/INFO] [Railways/MultiRegistryCallback/]: Registering callback for create:sliding_door in minecraft:block_entity_type
[10May2026 16:43:00.621] [modloading-worker-0/INFO] [Railways/MultiRegistryCallback/]: Registering callback for railways:blue_sliding_locometal_door in minecraft:block
[10May2026 16:43:00.621] [modloading-worker-0/INFO] [Railways/MultiRegistryCallback/]: Registering callback for create:sliding_door in minecraft:block_entity_type
[10May2026 16:43:00.625] [modloading-worker-0/INFO] [Railways/MultiRegistryCallback/]: Registering callback for railways:blue_folding_locometal_door in minecraft:block
[10May2026 16:43:00.625] [modloading-worker-0/INFO] [Railways/MultiRegistryCallback/]: Registering callback for create:flywheel in minecraft:block_entity_type
[10May2026 16:43:00.625] [modloading-worker-0/INFO] [Railways/MultiRegistryCallback/]: Registering callback for railways:royal_blue_locometal_flywheel in minecraft:block
[10May2026 16:43:00.625] [modloading-worker-0/INFO] [Railways/MultiRegistryCallback/]: Registering callback for create:sliding_door in minecraft:block_entity_type
[10May2026 16:43:00.626] [modloading-worker-0/INFO] [Railways/MultiRegistryCallback/]: Registering callback for railways:royal_blue_sliding_locometal_door in minecraft:block
[10May2026 16:43:00.626] [modloading-worker-0/INFO] [Railways/MultiRegistryCallback/]: Registering callback for create:sliding_door in minecraft:block_entity_type
[10May2026 16:43:00.626] [modloading-worker-0/INFO] [Railways/MultiRegistryCallback/]: Registering callback for railways:royal_blue_folding_locometal_door in minecraft:block
[10May2026 16:43:00.626] [modloading-worker-0/INFO] [Railways/MultiRegistryCallback/]: Registering callback for create:flywheel in minecraft:block_entity_type
[10May2026 16:43:00.626] [modloading-worker-0/INFO] [Railways/MultiRegistryCallback/]: Registering callback for railways:purple_locometal_flywheel in minecraft:block
[10May2026 16:43:00.626] [modloading-worker-0/INFO] [Railways/MultiRegistryCallback/]: Registering callback for create:sliding_door in minecraft:block_entity_type
[10May2026 16:43:00.626] [modloading-worker-0/INFO] [Railways/MultiRegistryCallback/]: Registering callback for railways:purple_sliding_locometal_door in minecraft:block
[10May2026 16:43:00.626] [modloading-worker-0/INFO] [Railways/MultiRegistryCallback/]: Registering callback for create:sliding_door in minecraft:block_entity_type
[10May2026 16:43:00.626] [modloading-worker-0/INFO] [Railways/MultiRegistryCallback/]: Registering callback for railways:purple_folding_locometal_door in minecraft:block
[10May2026 16:43:00.626] [modloading-worker-0/INFO] [Railways/MultiRegistryCallback/]: Registering callback for create:flywheel in minecraft:block_entity_type
[10May2026 16:43:00.626] [modloading-worker-0/INFO] [Railways/MultiRegistryCallback/]: Registering callback for railways:magenta_locometal_flywheel in minecraft:block
[10May2026 16:43:00.626] [modloading-worker-0/INFO] [Railways/MultiRegistryCallback/]: Registering callback for create:sliding_door in minecraft:block_entity_type
[10May2026 16:43:00.626] [modloading-worker-0/INFO] [Railways/MultiRegistryCallback/]: Registering callback for railways:magenta_sliding_locometal_door in minecraft:block
[10May2026 16:43:00.626] [modloading-worker-0/INFO] [Railways/MultiRegistryCallback/]: Registering callback for create:sliding_door in minecraft:block_entity_type
[10May2026 16:43:00.626] [modloading-worker-0/INFO] [Railways/MultiRegistryCallback/]: Registering callback for railways:magenta_folding_locometal_door in minecraft:block
[10May2026 16:43:00.627] [modloading-worker-0/INFO] [Railways/MultiRegistryCallback/]: Registering callback for create:flywheel in minecraft:block_entity_type
[10May2026 16:43:00.627] [modloading-worker-0/INFO] [Railways/MultiRegistryCallback/]: Registering callback for railways:pink_locometal_flywheel in minecraft:block
[10May2026 16:43:00.627] [modloading-worker-0/INFO] [Railways/MultiRegistryCallback/]: Registering callback for create:sliding_door in minecraft:block_entity_type
[10May2026 16:43:00.627] [modloading-worker-0/INFO] [Railways/MultiRegistryCallback/]: Registering callback for railways:pink_sliding_locometal_door in minecraft:block
[10May2026 16:43:00.627] [modloading-worker-0/INFO] [Railways/MultiRegistryCallback/]: Registering callback for create:sliding_door in minecraft:block_entity_type
[10May2026 16:43:00.627] [modloading-worker-0/INFO] [Railways/MultiRegistryCallback/]: Registering callback for railways:pink_folding_locometal_door in minecraft:block
[10May2026 16:43:00.627] [modloading-worker-0/INFO] [Railways/MultiRegistryCallback/]: Registering callback for create:flywheel in minecraft:block_entity_type
[10May2026 16:43:00.627] [modloading-worker-0/INFO] [Railways/MultiRegistryCallback/]: Registering callback for railways:white_locometal_flywheel in minecraft:block
[10May2026 16:43:00.627] [modloading-worker-0/INFO] [Railways/MultiRegistryCallback/]: Registering callback for create:sliding_door in minecraft:block_entity_type
[10May2026 16:43:00.627] [modloading-worker-0/INFO] [Railways/MultiRegistryCallback/]: Registering callback for railways:white_sliding_locometal_door in minecraft:block
[10May2026 16:43:00.632] [modloading-worker-0/INFO] [Railways/MultiRegistryCallback/]: Registering callback for create:sliding_door in minecraft:block_entity_type
[10May2026 16:43:00.632] [modloading-worker-0/INFO] [Railways/MultiRegistryCallback/]: Registering callback for railways:white_folding_locometal_door in minecraft:block
[10May2026 16:43:00.632] [modloading-worker-0/INFO] [Railways/MultiRegistryCallback/]: Registering callback for create:flywheel in minecraft:block_entity_type
[10May2026 16:43:00.632] [modloading-worker-0/INFO] [Railways/MultiRegistryCallback/]: Registering callback for railways:diorite_locometal_flywheel in minecraft:block
[10May2026 16:43:00.633] [modloading-worker-0/INFO] [Railways/MultiRegistryCallback/]: Registering callback for create:sliding_door in minecraft:block_entity_type
[10May2026 16:43:00.633] [modloading-worker-0/INFO] [Railways/MultiRegistryCallback/]: Registering callback for railways:diorite_sliding_locometal_door in minecraft:block
[10May2026 16:43:00.633] [modloading-worker-0/INFO] [Railways/MultiRegistryCallback/]: Registering callback for create:sliding_door in minecraft:block_entity_type
[10May2026 16:43:00.633] [modloading-worker-0/INFO] [Railways/MultiRegistryCallback/]: Registering callback for railways:diorite_folding_locometal_door in minecraft:block
[10May2026 16:43:00.633] [modloading-worker-0/INFO] [Railways/MultiRegistryCallback/]: Registering callback for create:flywheel in minecraft:block_entity_type
[10May2026 16:43:00.633] [modloading-worker-0/INFO] [Railways/MultiRegistryCallback/]: Registering callback for railways:limestone_locometal_flywheel in minecraft:block
[10May2026 16:43:00.633] [modloading-worker-0/INFO] [Railways/MultiRegistryCallback/]: Registering callback for create:sliding_door in minecraft:block_entity_type
[10May2026 16:43:00.633] [modloading-worker-0/INFO] [Railways/MultiRegistryCallback/]: Registering callback for railways:limestone_sliding_locometal_door in minecraft:block
[10May2026 16:43:00.633] [modloading-worker-0/INFO] [Railways/MultiRegistryCallback/]: Registering callback for create:sliding_door in minecraft:block_entity_type
[10May2026 16:43:00.633] [modloading-worker-0/INFO] [Railways/MultiRegistryCallback/]: Registering callback for railways:limestone_folding_locometal_door in minecraft:block
[10May2026 16:43:00.633] [modloading-worker-0/INFO] [Railways/MultiRegistryCallback/]: Registering callback for create:flywheel in minecraft:block_entity_type
[10May2026 16:43:00.633] [modloading-worker-0/INFO] [Railways/MultiRegistryCallback/]: Registering callback for railways:light_gray_locometal_flywheel in minecraft:block
[10May2026 16:43:00.633] [modloading-worker-0/INFO] [Railways/MultiRegistryCallback/]: Registering callback for create:sliding_door in minecraft:block_entity_type
[10May2026 16:43:00.633] [modloading-worker-0/INFO] [Railways/MultiRegistryCallback/]: Registering callback for railways:light_gray_sliding_locometal_door in minecraft:block
[10May2026 16:43:00.633] [modloading-worker-0/INFO] [Railways/MultiRegistryCallback/]: Registering callback for create:sliding_door in minecraft:block_entity_type
[10May2026 16:43:00.633] [modloading-worker-0/INFO] [Railways/MultiRegistryCallback/]: Registering callback for railways:light_gray_folding_locometal_door in minecraft:block
[10May2026 16:43:00.636] [modloading-worker-0/INFO] [Railways/MultiRegistryCallback/]: Registering callback for create:flywheel in minecraft:block_entity_type
[10May2026 16:43:00.636] [modloading-worker-0/INFO] [Railways/MultiRegistryCallback/]: Registering callback for railways:tuff_locometal_flywheel in minecraft:block
[10May2026 16:43:00.636] [modloading-worker-0/INFO] [Railways/MultiRegistryCallback/]: Registering callback for create:sliding_door in minecraft:block_entity_type
[10May2026 16:43:00.636] [modloading-worker-0/INFO] [Railways/MultiRegistryCallback/]: Registering callback for railways:tuff_sliding_locometal_door in minecraft:block
[10May2026 16:43:00.637] [modloading-worker-0/INFO] [Railways/MultiRegistryCallback/]: Registering callback for create:sliding_door in minecraft:block_entity_type
[10May2026 16:43:00.637] [modloading-worker-0/INFO] [Railways/MultiRegistryCallback/]: Registering callback for railways:tuff_folding_locometal_door in minecraft:block
[10May2026 16:43:00.637] [modloading-worker-0/INFO] [Railways/MultiRegistryCallback/]: Registering callback for create:flywheel in minecraft:block_entity_type
[10May2026 16:43:00.637] [modloading-worker-0/INFO] [Railways/MultiRegistryCallback/]: Registering callback for railways:gray_locometal_flywheel in minecraft:block
[10May2026 16:43:00.637] [modloading-worker-0/INFO] [Railways/MultiRegistryCallback/]: Registering callback for create:sliding_door in minecraft:block_entity_type
[10May2026 16:43:00.637] [modloading-worker-0/INFO] [Railways/MultiRegistryCallback/]: Registering callback for railways:gray_sliding_locometal_door in minecraft:block
[10May2026 16:43:00.637] [modloading-worker-0/INFO] [Railways/MultiRegistryCallback/]: Registering callback for create:sliding_door in minecraft:block_entity_type
[10May2026 16:43:00.637] [modloading-worker-0/INFO] [Railways/MultiRegistryCallback/]: Registering callback for railways:gray_folding_locometal_door in minecraft:block
[10May2026 16:43:00.637] [modloading-worker-0/INFO] [Railways/MultiRegistryCallback/]: Registering callback for create:flywheel in minecraft:block_entity_type
[10May2026 16:43:00.637] [modloading-worker-0/INFO] [Railways/MultiRegistryCallback/]: Registering callback for railways:scorchia_locometal_flywheel in minecraft:block
[10May2026 16:43:00.637] [modloading-worker-0/INFO] [Railways/MultiRegistryCallback/]: Registering callback for create:sliding_door in minecraft:block_entity_type
[10May2026 16:43:00.637] [modloading-worker-0/INFO] [Railways/MultiRegistryCallback/]: Registering callback for railways:scorchia_sliding_locometal_door in minecraft:block
[10May2026 16:43:00.637] [modloading-worker-0/INFO] [Railways/MultiRegistryCallback/]: Registering callback for create:sliding_door in minecraft:block_entity_type
[10May2026 16:43:00.637] [modloading-worker-0/INFO] [Railways/MultiRegistryCallback/]: Registering callback for railways:scorchia_folding_locometal_door in minecraft:block
[10May2026 16:43:00.637] [modloading-worker-0/INFO] [Railways/MultiRegistryCallback/]: Registering callback for create:flywheel in minecraft:block_entity_type
[10May2026 16:43:00.637] [modloading-worker-0/INFO] [Railways/MultiRegistryCallback/]: Registering callback for railways:black_locometal_flywheel in minecraft:block
[10May2026 16:43:00.637] [modloading-worker-0/INFO] [Railways/MultiRegistryCallback/]: Registering callback for create:sliding_door in minecraft:block_entity_type
[10May2026 16:43:00.637] [modloading-worker-0/INFO] [Railways/MultiRegistryCallback/]: Registering callback for railways:black_sliding_locometal_door in minecraft:block
[10May2026 16:43:00.637] [modloading-worker-0/INFO] [Railways/MultiRegistryCallback/]: Registering callback for create:sliding_door in minecraft:block_entity_type
[10May2026 16:43:00.637] [modloading-worker-0/INFO] [Railways/MultiRegistryCallback/]: Registering callback for railways:black_folding_locometal_door in minecraft:block
[10May2026 16:43:00.656] [modloading-worker-0/INFO] [Railways/]: Registering tracks for Hex Casting
[10May2026 16:43:00.657] [modloading-worker-0/INFO] [Railways/]: Registering tracks for Oh The Biomes You'll Go
[10May2026 16:43:00.658] [modloading-worker-0/INFO] [Railways/]: Registering tracks for Blue Skies
[10May2026 16:43:00.658] [modloading-worker-0/INFO] [Railways/]: Registering tracks for Twilight Forest
[10May2026 16:43:00.663] [modloading-worker-0/INFO] [Railways/]: Registering tracks for Biomes O' Plenty
[10May2026 16:43:00.663] [modloading-worker-0/INFO] [Railways/]: Registering tracks for Nature's Spirit
[10May2026 16:43:00.664] [modloading-worker-0/INFO] [Railways/]: Registering tracks for Dreams and Desires
[10May2026 16:43:00.665] [modloading-worker-0/INFO] [Railways/]: Registering tracks for Quark
[10May2026 16:43:00.668] [modloading-worker-0/INFO] [Railways/]: Registering tracks for TerraFirmaCraft
[10May2026 16:43:04.238] [main/WARN] [dev.architectury.registry.registries.forge.RegistrarManagerImpl/]: Registry entry listened Registry Entry [minecraft:entity_type / zombies_plus:vile_zombie] was not realized!
[10May2026 16:43:04.239] [main/WARN] [dev.architectury.registry.registries.forge.RegistrarManagerImpl/]: Registry entry listened Registry Entry [minecraft:entity_type / zombies_plus:slow_zombie] was not realized!
[10May2026 16:43:04.239] [main/WARN] [dev.architectury.registry.registries.forge.RegistrarManagerImpl/]: Registry entry listened Registry Entry [minecraft:entity_type / zombies_plus:shrieker_zombie] was not realized!
[10May2026 16:43:04.239] [main/WARN] [dev.architectury.registry.registries.forge.RegistrarManagerImpl/]: Registry entry listened Registry Entry [minecraft:entity_type / zombies_plus:runner_zombie] was not realized!
[10May2026 16:43:04.239] [main/WARN] [dev.architectury.registry.registries.forge.RegistrarManagerImpl/]: Registry entry listened Registry Entry [minecraft:entity_type / zombies_plus:bow_zombie] was not realized!
[10May2026 16:43:04.239] [main/WARN] [dev.architectury.registry.registries.forge.RegistrarManagerImpl/]: Registry entry listened Registry Entry [minecraft:entity_type / zombies_plus:crawler_zombie] was not realized!
[10May2026 16:43:04.240] [main/WARN] [dev.architectury.registry.registries.forge.RegistrarManagerImpl/]: Registry entry listened Registry Entry [minecraft:entity_type / zombies_plus:axe_zombie] was not realized!
[10May2026 16:43:04.240] [main/WARN] [dev.architectury.registry.registries.forge.RegistrarManagerImpl/]: Registry entry listened Registry Entry [minecraft:entity_type / zombies_plus:brute_zombie] was not realized!
[10May2026 16:43:04.240] [main/WARN] [dev.architectury.registry.registries.forge.RegistrarManagerImpl/]: Registry entry listened Registry Entry [minecraft:entity_type / bloomingnature:termite] was not realized!
[10May2026 16:43:04.240] [main/WARN] [dev.architectury.registry.registries.forge.RegistrarManagerImpl/]: Registry entry listened Registry Entry [minecraft:entity_type / zombies_plus:crossbow_zombie] was not realized!
[10May2026 16:43:04.240] [main/WARN] [dev.architectury.registry.registries.forge.RegistrarManagerImpl/]: Registry entry listened Registry Entry [minecraft:entity_type / zombies_plus:sword_zombie] was not realized!
[10May2026 16:43:04.241] [main/WARN] [dev.architectury.registry.registries.forge.RegistrarManagerImpl/]: Registry entry listened Registry Entry [minecraft:entity_type / zombies_plus:leaper_zombie] was not realized!
[10May2026 16:43:04.241] [main/WARN] [dev.architectury.registry.registries.forge.RegistrarManagerImpl/]: Registry entry listened Registry Entry [minecraft:entity_type / zombies_plus:cave_zombie] was not realized!
[10May2026 16:43:04.241] [main/WARN] [dev.architectury.registry.registries.forge.RegistrarManagerImpl/]: Registry entry listened Registry Entry [minecraft:entity_type / bloomingnature:wandering_gardener] was not realized!
[10May2026 16:43:04.241] [main/WARN] [dev.architectury.registry.registries.forge.RegistrarManagerImpl/]: Registry entry listened Registry Entry [minecraft:entity_type / zombies_plus:weak_zombie] was not realized!
[10May2026 16:43:04.347] [main/INFO] [Moonlight/]: Initialized block sets in 22ms
[10May2026 16:43:04.376] [main/WARN] [dev.architectury.registry.registries.forge.RegistrarManagerImpl/]: Registry entry listened Registry Entry [minecraft:entity_type / zombies_plus:vile_zombie] was not realized!
[10May2026 16:43:04.376] [main/WARN] [dev.architectury.registry.registries.forge.RegistrarManagerImpl/]: Registry entry listened Registry Entry [minecraft:entity_type / zombies_plus:slow_zombie] was not realized!
[10May2026 16:43:04.377] [main/WARN] [dev.architectury.registry.registries.forge.RegistrarManagerImpl/]: Registry entry listened Registry Entry [minecraft:entity_type / zombies_plus:shrieker_zombie] was not realized!
[10May2026 16:43:04.377] [main/WARN] [dev.architectury.registry.registries.forge.RegistrarManagerImpl/]: Registry entry listened Registry Entry [minecraft:entity_type / zombies_plus:runner_zombie] was not realized!
[10May2026 16:43:04.377] [main/WARN] [dev.architectury.registry.registries.forge.RegistrarManagerImpl/]: Registry entry listened Registry Entry [minecraft:entity_type / zombies_plus:bow_zombie] was not realized!
[10May2026 16:43:04.377] [main/WARN] [dev.architectury.registry.registries.forge.RegistrarManagerImpl/]: Registry entry listened Registry Entry [minecraft:entity_type / zombies_plus:crawler_zombie] was not realized!
[10May2026 16:43:04.377] [main/WARN] [dev.architectury.registry.registries.forge.RegistrarManagerImpl/]: Registry entry listened Registry Entry [minecraft:entity_type / zombies_plus:axe_zombie] was not realized!
[10May2026 16:43:04.377] [main/WARN] [dev.architectury.registry.registries.forge.RegistrarManagerImpl/]: Registry entry listened Registry Entry [minecraft:entity_type / zombies_plus:brute_zombie] was not realized!
[10May2026 16:43:04.377] [main/WARN] [dev.architectury.registry.registries.forge.RegistrarManagerImpl/]: Registry entry listened Registry Entry [minecraft:entity_type / bloomingnature:termite] was not realized!
[10May2026 16:43:04.377] [main/WARN] [dev.architectury.registry.registries.forge.RegistrarManagerImpl/]: Registry entry listened Registry Entry [minecraft:entity_type / zombies_plus:crossbow_zombie] was not realized!
[10May2026 16:43:04.377] [main/WARN] [dev.architectury.registry.registries.forge.RegistrarManagerImpl/]: Registry entry listened Registry Entry [minecraft:entity_type / zombies_plus:sword_zombie] was not realized!
[10May2026 16:43:04.377] [main/WARN] [dev.architectury.registry.registries.forge.RegistrarManagerImpl/]: Registry entry listened Registry Entry [minecraft:entity_type / zombies_plus:leaper_zombie] was not realized!
[10May2026 16:43:04.377] [main/WARN] [dev.architectury.registry.registries.forge.RegistrarManagerImpl/]: Registry entry listened Registry Entry [minecraft:entity_type / zombies_plus:cave_zombie] was not realized!
[10May2026 16:43:04.377] [main/WARN] [dev.architectury.registry.registries.forge.RegistrarManagerImpl/]: Registry entry listened Registry Entry [minecraft:entity_type / bloomingnature:wandering_gardener] was not realized!
[10May2026 16:43:04.377] [main/WARN] [dev.architectury.registry.registries.forge.RegistrarManagerImpl/]: Registry entry listened Registry Entry [minecraft:entity_type / zombies_plus:weak_zombie] was not realized!
[10May2026 16:43:04.790] [main/WARN] [dev.architectury.registry.registries.forge.RegistrarManagerImpl/]: Registry entry listened Registry Entry [minecraft:entity_type / zombies_plus:vile_zombie] was not realized!
[10May2026 16:43:04.790] [main/WARN] [dev.architectury.registry.registries.forge.RegistrarManagerImpl/]: Registry entry listened Registry Entry [minecraft:entity_type / zombies_plus:slow_zombie] was not realized!
[10May2026 16:43:04.790] [main/WARN] [dev.architectury.registry.registries.forge.RegistrarManagerImpl/]: Registry entry listened Registry Entry [minecraft:entity_type / zombies_plus:shrieker_zombie] was not realized!
[10May2026 16:43:04.790] [main/WARN] [dev.architectury.registry.registries.forge.RegistrarManagerImpl/]: Registry entry listened Registry Entry [minecraft:entity_type / zombies_plus:runner_zombie] was not realized!
[10May2026 16:43:04.790] [main/WARN] [dev.architectury.registry.registries.forge.RegistrarManagerImpl/]: Registry entry listened Registry Entry [minecraft:entity_type / zombies_plus:bow_zombie] was not realized!
[10May2026 16:43:04.790] [main/WARN] [dev.architectury.registry.registries.forge.RegistrarManagerImpl/]: Registry entry listened Registry Entry [minecraft:entity_type / zombies_plus:crawler_zombie] was not realized!
[10May2026 16:43:04.790] [main/WARN] [dev.architectury.registry.registries.forge.RegistrarManagerImpl/]: Registry entry listened Registry Entry [minecraft:entity_type / zombies_plus:axe_zombie] was not realized!
[10May2026 16:43:04.790] [main/WARN] [dev.architectury.registry.registries.forge.RegistrarManagerImpl/]: Registry entry listened Registry Entry [minecraft:entity_type / zombies_plus:brute_zombie] was not realized!
[10May2026 16:43:04.790] [main/WARN] [dev.architectury.registry.registries.forge.RegistrarManagerImpl/]: Registry entry listened Registry Entry [minecraft:entity_type / bloomingnature:termite] was not realized!
[10May2026 16:43:04.790] [main/WARN] [dev.architectury.registry.registries.forge.RegistrarManagerImpl/]: Registry entry listened Registry Entry [minecraft:entity_type / zombies_plus:crossbow_zombie] was not realized!
[10May2026 16:43:04.790] [main/WARN] [dev.architectury.registry.registries.forge.RegistrarManagerImpl/]: Registry entry listened Registry Entry [minecraft:entity_type / zombies_plus:sword_zombie] was not realized!
[10May2026 16:43:04.790] [main/WARN] [dev.architectury.registry.registries.forge.RegistrarManagerImpl/]: Registry entry listened Registry Entry [minecraft:entity_type / zombies_plus:leaper_zombie] was not realized!
[10May2026 16:43:04.790] [main/WARN] [dev.architectury.registry.registries.forge.RegistrarManagerImpl/]: Registry entry listened Registry Entry [minecraft:entity_type / zombies_plus:cave_zombie] was not realized!
[10May2026 16:43:04.791] [main/WARN] [dev.architectury.registry.registries.forge.RegistrarManagerImpl/]: Registry entry listened Registry Entry [minecraft:entity_type / bloomingnature:wandering_gardener] was not realized!
[10May2026 16:43:04.791] [main/WARN] [dev.architectury.registry.registries.forge.RegistrarManagerImpl/]: Registry entry listened Registry Entry [minecraft:entity_type / zombies_plus:weak_zombie] was not realized!
[10May2026 16:43:04.794] [main/WARN] [dev.architectury.registry.registries.forge.RegistrarManagerImpl/]: Registry entry listened Registry Entry [minecraft:entity_type / zombies_plus:vile_zombie] was not realized!
[10May2026 16:43:04.794] [main/WARN] [dev.architectury.registry.registries.forge.RegistrarManagerImpl/]: Registry entry listened Registry Entry [minecraft:entity_type / zombies_plus:slow_zombie] was not realized!
[10May2026 16:43:04.794] [main/WARN] [dev.architectury.registry.registries.forge.RegistrarManagerImpl/]: Registry entry listened Registry Entry [minecraft:entity_type / zombies_plus:shrieker_zombie] was not realized!
[10May2026 16:43:04.794] [main/WARN] [dev.architectury.registry.registries.forge.RegistrarManagerImpl/]: Registry entry listened Registry Entry [minecraft:entity_type / zombies_plus:runner_zombie] was not realized!
[10May2026 16:43:04.794] [main/WARN] [dev.architectury.registry.registries.forge.RegistrarManagerImpl/]: Registry entry listened Registry Entry [minecraft:entity_type / zombies_plus:bow_zombie] was not realized!
[10May2026 16:43:04.795] [main/WARN] [dev.architectury.registry.registries.forge.RegistrarManagerImpl/]: Registry entry listened Registry Entry [minecraft:entity_type / zombies_plus:crawler_zombie] was not realized!
[10May2026 16:43:04.795] [main/WARN] [dev.architectury.registry.registries.forge.RegistrarManagerImpl/]: Registry entry listened Registry Entry [minecraft:entity_type / zombies_plus:axe_zombie] was not realized!
[10May2026 16:43:04.795] [main/WARN] [dev.architectury.registry.registries.forge.RegistrarManagerImpl/]: Registry entry listened Registry Entry [minecraft:entity_type / zombies_plus:brute_zombie] was not realized!
[10May2026 16:43:04.795] [main/WARN] [dev.architectury.registry.registries.forge.RegistrarManagerImpl/]: Registry entry listened Registry Entry [minecraft:entity_type / bloomingnature:termite] was not realized!
[10May2026 16:43:04.795] [main/WARN] [dev.architectury.registry.registries.forge.RegistrarManagerImpl/]: Registry entry listened Registry Entry [minecraft:entity_type / zombies_plus:crossbow_zombie] was not realized!
[10May2026 16:43:04.795] [main/WARN] [dev.architectury.registry.registries.forge.RegistrarManagerImpl/]: Registry entry listened Registry Entry [minecraft:entity_type / zombies_plus:sword_zombie] was not realized!
[10May2026 16:43:04.795] [main/WARN] [dev.architectury.registry.registries.forge.RegistrarManagerImpl/]: Registry entry listened Registry Entry [minecraft:entity_type / zombies_plus:leaper_zombie] was not realized!
[10May2026 16:43:04.795] [main/WARN] [dev.architectury.registry.registries.forge.RegistrarManagerImpl/]: Registry entry listened Registry Entry [minecraft:entity_type / zombies_plus:cave_zombie] was not realized!
[10May2026 16:43:04.795] [main/WARN] [dev.architectury.registry.registries.forge.RegistrarManagerImpl/]: Registry entry listened Registry Entry [minecraft:entity_type / bloomingnature:wandering_gardener] was not realized!
[10May2026 16:43:04.795] [main/WARN] [dev.architectury.registry.registries.forge.RegistrarManagerImpl/]: Registry entry listened Registry Entry [minecraft:entity_type / zombies_plus:weak_zombie] was not realized!
[10May2026 16:43:04.795] [main/WARN] [dev.architectury.registry.registries.forge.RegistrarManagerImpl/]: Registry entry listened Registry Entry [minecraft:entity_type / zombies_plus:vile_zombie] was not realized!
[10May2026 16:43:04.795] [main/WARN] [dev.architectury.registry.registries.forge.RegistrarManagerImpl/]: Registry entry listened Registry Entry [minecraft:entity_type / zombies_plus:slow_zombie] was not realized!
[10May2026 16:43:04.795] [main/WARN] [dev.architectury.registry.registries.forge.RegistrarManagerImpl/]: Registry entry listened Registry Entry [minecraft:entity_type / zombies_plus:shrieker_zombie] was not realized!
[10May2026 16:43:04.795] [main/WARN] [dev.architectury.registry.registries.forge.RegistrarManagerImpl/]: Registry entry listened Registry Entry [minecraft:entity_type / zombies_plus:runner_zombie] was not realized!
[10May2026 16:43:04.795] [main/WARN] [dev.architectury.registry.registries.forge.RegistrarManagerImpl/]: Registry entry listened Registry Entry [minecraft:entity_type / zombies_plus:bow_zombie] was not realized!
[10May2026 16:43:04.795] [main/WARN] [dev.architectury.registry.registries.forge.RegistrarManagerImpl/]: Registry entry listened Registry Entry [minecraft:entity_type / zombies_plus:crawler_zombie] was not realized!
[10May2026 16:43:04.795] [main/WARN] [dev.architectury.registry.registries.forge.RegistrarManagerImpl/]: Registry entry listened Registry Entry [minecraft:entity_type / zombies_plus:axe_zombie] was not realized!
[10May2026 16:43:04.796] [main/WARN] [dev.architectury.registry.registries.forge.RegistrarManagerImpl/]: Registry entry listened Registry Entry [minecraft:entity_type / zombies_plus:brute_zombie] was not realized!
[10May2026 16:43:04.796] [main/WARN] [dev.architectury.registry.registries.forge.RegistrarManagerImpl/]: Registry entry listened Registry Entry [minecraft:entity_type / bloomingnature:termite] was not realized!
[10May2026 16:43:04.796] [main/WARN] [dev.architectury.registry.registries.forge.RegistrarManagerImpl/]: Registry entry listened Registry Entry [minecraft:entity_type / zombies_plus:crossbow_zombie] was not realized!
[10May2026 16:43:04.796] [main/WARN] [dev.architectury.registry.registries.forge.RegistrarManagerImpl/]: Registry entry listened Registry Entry [minecraft:entity_type / zombies_plus:sword_zombie] was not realized!
[10May2026 16:43:04.796] [main/WARN] [dev.architectury.registry.registries.forge.RegistrarManagerImpl/]: Registry entry listened Registry Entry [minecraft:entity_type / zombies_plus:leaper_zombie] was not realized!
[10May2026 16:43:04.796] [main/WARN] [dev.architectury.registry.registries.forge.RegistrarManagerImpl/]: Registry entry listened Registry Entry [minecraft:entity_type / zombies_plus:cave_zombie] was not realized!
[10May2026 16:43:04.796] [main/WARN] [dev.architectury.registry.registries.forge.RegistrarManagerImpl/]: Registry entry listened Registry Entry [minecraft:entity_type / bloomingnature:wandering_gardener] was not realized!
[10May2026 16:43:04.796] [main/WARN] [dev.architectury.registry.registries.forge.RegistrarManagerImpl/]: Registry entry listened Registry Entry [minecraft:entity_type / zombies_plus:weak_zombie] was not realized!
[10May2026 16:43:04.823] [main/WARN] [dev.architectury.registry.registries.forge.RegistrarManagerImpl/]: Registry entry listened Registry Entry [minecraft:entity_type / bloomingnature:termite] was not realized!
[10May2026 16:43:04.823] [main/WARN] [dev.architectury.registry.registries.forge.RegistrarManagerImpl/]: Registry entry listened Registry Entry [minecraft:entity_type / bloomingnature:wandering_gardener] was not realized!
[10May2026 16:43:04.823] [main/WARN] [dev.architectury.registry.registries.forge.RegistrarManagerImpl/]: Registry entry listened Registry Entry [minecraft:entity_type / bloomingnature:termite] was not realized!
[10May2026 16:43:04.824] [main/WARN] [dev.architectury.registry.registries.forge.RegistrarManagerImpl/]: Registry entry listened Registry Entry [minecraft:entity_type / bloomingnature:wandering_gardener] was not realized!
[10May2026 16:43:04.982] [main/INFO] [Railways/MultiRegistryCallback/]: Running callback for create:flywheel and railways:locometal_flywheel
[10May2026 16:43:04.983] [main/INFO] [Railways/MultiRegistryCallback/]: Running callback for create:flywheel and railways:brown_locometal_flywheel
[10May2026 16:43:04.983] [main/INFO] [Railways/MultiRegistryCallback/]: Running callback for create:flywheel and railways:maroon_locometal_flywheel
[10May2026 16:43:04.983] [main/INFO] [Railways/MultiRegistryCallback/]: Running callback for create:flywheel and railways:red_locometal_flywheel
[10May2026 16:43:04.983] [main/INFO] [Railways/MultiRegistryCallback/]: Running callback for create:flywheel and railways:vermilion_locometal_flywheel
[10May2026 16:43:04.983] [main/INFO] [Railways/MultiRegistryCallback/]: Running callback for create:flywheel and railways:orange_locometal_flywheel
[10May2026 16:43:04.983] [main/INFO] [Railways/MultiRegistryCallback/]: Running callback for create:flywheel and railways:granite_locometal_flywheel
[10May2026 16:43:04.983] [main/INFO] [Railways/MultiRegistryCallback/]: Running callback for create:flywheel and railways:dripstone_locometal_flywheel
[10May2026 16:43:04.983] [main/INFO] [Railways/MultiRegistryCallback/]: Running callback for create:flywheel and railways:ochrum_locometal_flywheel
[10May2026 16:43:04.983] [main/INFO] [Railways/MultiRegistryCallback/]: Running callback for create:flywheel and railways:yellow_locometal_flywheel
[10May2026 16:43:04.983] [main/INFO] [Railways/MultiRegistryCallback/]: Running callback for create:flywheel and railways:chartreuse_locometal_flywheel
[10May2026 16:43:04.983] [main/INFO] [Railways/MultiRegistryCallback/]: Running callback for create:flywheel and railways:olive_green_locometal_flywheel
[10May2026 16:43:04.983] [main/INFO] [Railways/MultiRegistryCallback/]: Running callback for create:flywheel and railways:lime_locometal_flywheel
[10May2026 16:43:04.983] [main/INFO] [Railways/MultiRegistryCallback/]: Running callback for create:flywheel and railways:green_locometal_flywheel
[10May2026 16:43:04.983] [main/INFO] [Railways/MultiRegistryCallback/]: Running callback for create:flywheel and railways:pine_green_locometal_flywheel
[10May2026 16:43:04.983] [main/INFO] [Railways/MultiRegistryCallback/]: Running callback for create:flywheel and railways:cyan_locometal_flywheel
[10May2026 16:43:04.983] [main/INFO] [Railways/MultiRegistryCallback/]: Running callback for create:flywheel and railways:sea_green_locometal_flywheel
[10May2026 16:43:04.983] [main/INFO] [Railways/MultiRegistryCallback/]: Running callback for create:flywheel and railways:turquoise_locometal_flywheel
[10May2026 16:43:04.983] [main/INFO] [Railways/MultiRegistryCallback/]: Running callback for create:flywheel and railways:light_blue_locometal_flywheel
[10May2026 16:43:04.983] [main/INFO] [Railways/MultiRegistryCallback/]: Running callback for create:flywheel and railways:blue_locometal_flywheel
[10May2026 16:43:04.983] [main/INFO] [Railways/MultiRegistryCallback/]: Running callback for create:flywheel and railways:royal_blue_locometal_flywheel
[10May2026 16:43:04.983] [main/INFO] [Railways/MultiRegistryCallback/]: Running callback for create:flywheel and railways:purple_locometal_flywheel
[10May2026 16:43:04.983] [main/INFO] [Railways/MultiRegistryCallback/]: Running callback for create:flywheel and railways:magenta_locometal_flywheel
[10May2026 16:43:04.984] [main/INFO] [Railways/MultiRegistryCallback/]: Running callback for create:flywheel and railways:pink_locometal_flywheel
[10May2026 16:43:04.984] [main/INFO] [Railways/MultiRegistryCallback/]: Running callback for create:flywheel and railways:white_locometal_flywheel
[10May2026 16:43:04.984] [main/INFO] [Railways/MultiRegistryCallback/]: Running callback for create:flywheel and railways:diorite_locometal_flywheel
[10May2026 16:43:04.984] [main/INFO] [Railways/MultiRegistryCallback/]: Running callback for create:flywheel and railways:limestone_locometal_flywheel
[10May2026 16:43:04.984] [main/INFO] [Railways/MultiRegistryCallback/]: Running callback for create:flywheel and railways:light_gray_locometal_flywheel
[10May2026 16:43:04.984] [main/INFO] [Railways/MultiRegistryCallback/]: Running callback for create:flywheel and railways:tuff_locometal_flywheel
[10May2026 16:43:04.984] [main/INFO] [Railways/MultiRegistryCallback/]: Running callback for create:flywheel and railways:gray_locometal_flywheel
[10May2026 16:43:04.984] [main/INFO] [Railways/MultiRegistryCallback/]: Running callback for create:flywheel and railways:scorchia_locometal_flywheel
[10May2026 16:43:04.984] [main/INFO] [Railways/MultiRegistryCallback/]: Running callback for create:flywheel and railways:black_locometal_flywheel
[10May2026 16:43:04.986] [main/INFO] [Railways/MultiRegistryCallback/]: Running callback for create:sliding_door and railways:sliding_locometal_door
[10May2026 16:43:04.986] [main/INFO] [Railways/MultiRegistryCallback/]: Running callback for create:sliding_door and railways:folding_locometal_door
[10May2026 16:43:04.986] [main/INFO] [Railways/MultiRegistryCallback/]: Running callback for create:sliding_door and railways:brown_sliding_locometal_door
[10May2026 16:43:04.986] [main/INFO] [Railways/MultiRegistryCallback/]: Running callback for create:sliding_door and railways:brown_folding_locometal_door
[10May2026 16:43:04.986] [main/INFO] [Railways/MultiRegistryCallback/]: Running callback for create:sliding_door and railways:maroon_sliding_locometal_door
[10May2026 16:43:04.986] [main/INFO] [Railways/MultiRegistryCallback/]: Running callback for create:sliding_door and railways:maroon_folding_locometal_door
[10May2026 16:43:04.986] [main/INFO] [Railways/MultiRegistryCallback/]: Running callback for create:sliding_door and railways:red_sliding_locometal_door
[10May2026 16:43:04.986] [main/INFO] [Railways/MultiRegistryCallback/]: Running callback for create:sliding_door and railways:red_folding_locometal_door
[10May2026 16:43:04.986] [main/INFO] [Railways/MultiRegistryCallback/]: Running callback for create:sliding_door and railways:vermilion_sliding_locometal_door
[10May2026 16:43:04.986] [main/INFO] [Railways/MultiRegistryCallback/]: Running callback for create:sliding_door and railways:vermilion_folding_locometal_door
[10May2026 16:43:04.986] [main/INFO] [Railways/MultiRegistryCallback/]: Running callback for create:sliding_door and railways:orange_sliding_locometal_door
[10May2026 16:43:04.986] [main/INFO] [Railways/MultiRegistryCallback/]: Running callback for create:sliding_door and railways:orange_folding_locometal_door
[10May2026 16:43:04.986] [main/INFO] [Railways/MultiRegistryCallback/]: Running callback for create:sliding_door and railways:granite_sliding_locometal_door
[10May2026 16:43:04.987] [main/INFO] [Railways/MultiRegistryCallback/]: Running callback for create:sliding_door and railways:granite_folding_locometal_door
[10May2026 16:43:04.987] [main/INFO] [Railways/MultiRegistryCallback/]: Running callback for create:sliding_door and railways:dripstone_sliding_locometal_door
[10May2026 16:43:04.987] [main/INFO] [Railways/MultiRegistryCallback/]: Running callback for create:sliding_door and railways:dripstone_folding_locometal_door
[10May2026 16:43:04.987] [main/INFO] [Railways/MultiRegistryCallback/]: Running callback for create:sliding_door and railways:ochrum_sliding_locometal_door
[10May2026 16:43:04.987] [main/INFO] [Railways/MultiRegistryCallback/]: Running callback for create:sliding_door and railways:ochrum_folding_locometal_door
[10May2026 16:43:04.987] [main/INFO] [Railways/MultiRegistryCallback/]: Running callback for create:sliding_door and railways:yellow_sliding_locometal_door
[10May2026 16:43:04.987] [main/INFO] [Railways/MultiRegistryCallback/]: Running callback for create:sliding_door and railways:yellow_folding_locometal_door
[10May2026 16:43:04.987] [main/INFO] [Railways/MultiRegistryCallback/]: Running callback for create:sliding_door and railways:chartreuse_sliding_locometal_door
[10May2026 16:43:04.987] [main/INFO] [Railways/MultiRegistryCallback/]: Running callback for create:sliding_door and railways:chartreuse_folding_locometal_door
[10May2026 16:43:04.987] [main/INFO] [Railways/MultiRegistryCallback/]: Running callback for create:sliding_door and railways:olive_green_sliding_locometal_door
[10May2026 16:43:04.987] [main/INFO] [Railways/MultiRegistryCallback/]: Running callback for create:sliding_door and railways:olive_green_folding_locometal_door
[10May2026 16:43:04.987] [main/INFO] [Railways/MultiRegistryCallback/]: Running callback for create:sliding_door and railways:lime_sliding_locometal_door
[10May2026 16:43:04.987] [main/INFO] [Railways/MultiRegistryCallback/]: Running callback for create:sliding_door and railways:lime_folding_locometal_door
[10May2026 16:43:04.987] [main/INFO] [Railways/MultiRegistryCallback/]: Running callback for create:sliding_door and railways:green_sliding_locometal_door
[10May2026 16:43:04.987] [main/INFO] [Railways/MultiRegistryCallback/]: Running callback for create:sliding_door and railways:green_folding_locometal_door
[10May2026 16:43:04.987] [main/INFO] [Railways/MultiRegistryCallback/]: Running callback for create:sliding_door and railways:pine_green_sliding_locometal_door
[10May2026 16:43:04.987] [main/INFO] [Railways/MultiRegistryCallback/]: Running callback for create:sliding_door and railways:pine_green_folding_locometal_door
[10May2026 16:43:04.987] [main/INFO] [Railways/MultiRegistryCallback/]: Running callback for create:sliding_door and railways:cyan_sliding_locometal_door
[10May2026 16:43:04.987] [main/INFO] [Railways/MultiRegistryCallback/]: Running callback for create:sliding_door and railways:cyan_folding_locometal_door
[10May2026 16:43:04.987] [main/INFO] [Railways/MultiRegistryCallback/]: Running callback for create:sliding_door and railways:sea_green_sliding_locometal_door
[10May2026 16:43:04.987] [main/INFO] [Railways/MultiRegistryCallback/]: Running callback for create:sliding_door and railways:sea_green_folding_locometal_door
[10May2026 16:43:04.987] [main/INFO] [Railways/MultiRegistryCallback/]: Running callback for create:sliding_door and railways:turquoise_sliding_locometal_door
[10May2026 16:43:04.987] [main/INFO] [Railways/MultiRegistryCallback/]: Running callback for create:sliding_door and railways:turquoise_folding_locometal_door
[10May2026 16:43:04.987] [main/INFO] [Railways/MultiRegistryCallback/]: Running callback for create:sliding_door and railways:light_blue_sliding_locometal_door
[10May2026 16:43:04.987] [main/INFO] [Railways/MultiRegistryCallback/]: Running callback for create:sliding_door and railways:light_blue_folding_locometal_door
[10May2026 16:43:04.988] [main/INFO] [Railways/MultiRegistryCallback/]: Running callback for create:sliding_door and railways:blue_sliding_locometal_door
[10May2026 16:43:04.988] [main/INFO] [Railways/MultiRegistryCallback/]: Running callback for create:sliding_door and railways:blue_folding_locometal_door
[10May2026 16:43:04.988] [main/INFO] [Railways/MultiRegistryCallback/]: Running callback for create:sliding_door and railways:royal_blue_sliding_locometal_door
[10May2026 16:43:04.988] [main/INFO] [Railways/MultiRegistryCallback/]: Running callback for create:sliding_door and railways:royal_blue_folding_locometal_door
[10May2026 16:43:04.988] [main/INFO] [Railways/MultiRegistryCallback/]: Running callback for create:sliding_door and railways:purple_sliding_locometal_door
[10May2026 16:43:04.988] [main/INFO] [Railways/MultiRegistryCallback/]: Running callback for create:sliding_door and railways:purple_folding_locometal_door
[10May2026 16:43:04.988] [main/INFO] [Railways/MultiRegistryCallback/]: Running callback for create:sliding_door and railways:magenta_sliding_locometal_door
[10May2026 16:43:04.988] [main/INFO] [Railways/MultiRegistryCallback/]: Running callback for create:sliding_door and railways:magenta_folding_locometal_door
[10May2026 16:43:04.988] [main/INFO] [Railways/MultiRegistryCallback/]: Running callback for create:sliding_door and railways:pink_sliding_locometal_door
[10May2026 16:43:04.988] [main/INFO] [Railways/MultiRegistryCallback/]: Running callback for create:sliding_door and railways:pink_folding_locometal_door
[10May2026 16:43:04.988] [main/INFO] [Railways/MultiRegistryCallback/]: Running callback for create:sliding_door and railways:white_sliding_locometal_door
[10May2026 16:43:04.988] [main/INFO] [Railways/MultiRegistryCallback/]: Running callback for create:sliding_door and railways:white_folding_locometal_door
[10May2026 16:43:04.988] [main/INFO] [Railways/MultiRegistryCallback/]: Running callback for create:sliding_door and railways:diorite_sliding_locometal_door
[10May2026 16:43:04.988] [main/INFO] [Railways/MultiRegistryCallback/]: Running callback for create:sliding_door and railways:diorite_folding_locometal_door
[10May2026 16:43:04.988] [main/INFO] [Railways/MultiRegistryCallback/]: Running callback for create:sliding_door and railways:limestone_sliding_locometal_door
[10May2026 16:43:04.988] [main/INFO] [Railways/MultiRegistryCallback/]: Running callback for create:sliding_door and railways:limestone_folding_locometal_door
[10May2026 16:43:04.988] [main/INFO] [Railways/MultiRegistryCallback/]: Running callback for create:sliding_door and railways:light_gray_sliding_locometal_door
[10May2026 16:43:04.988] [main/INFO] [Railways/MultiRegistryCallback/]: Running callback for create:sliding_door and railways:light_gray_folding_locometal_door
[10May2026 16:43:04.988] [main/INFO] [Railways/MultiRegistryCallback/]: Running callback for create:sliding_door and railways:tuff_sliding_locometal_door
[10May2026 16:43:04.988] [main/INFO] [Railways/MultiRegistryCallback/]: Running callback for create:sliding_door and railways:tuff_folding_locometal_door
[10May2026 16:43:04.988] [main/INFO] [Railways/MultiRegistryCallback/]: Running callback for create:sliding_door and railways:gray_sliding_locometal_door
[10May2026 16:43:04.988] [main/INFO] [Railways/MultiRegistryCallback/]: Running callback for create:sliding_door and railways:gray_folding_locometal_door
[10May2026 16:43:04.988] [main/INFO] [Railways/MultiRegistryCallback/]: Running callback for create:sliding_door and railways:scorchia_sliding_locometal_door
[10May2026 16:43:04.988] [main/INFO] [Railways/MultiRegistryCallback/]: Running callback for create:sliding_door and railways:scorchia_folding_locometal_door
[10May2026 16:43:04.988] [main/INFO] [Railways/MultiRegistryCallback/]: Running callback for create:sliding_door and railways:black_sliding_locometal_door
[10May2026 16:43:04.988] [main/INFO] [Railways/MultiRegistryCallback/]: Running callback for create:sliding_door and railways:black_folding_locometal_door
[10May2026 16:43:04.988] [main/INFO] [Railways/MultiRegistryCallback/]: Running callback for create:copycat and railways:conductor_vent
[10May2026 16:43:05.369] [main/INFO] [Railways/MultiRegistryCallback/]: Running callback for create:track_signal and railways:track_signal_source
[10May2026 16:43:05.369] [main/INFO] [Railways/MultiRegistryCallback/]: Running finalizers
[10May2026 16:43:05.398] [main/INFO] [ModdingLegacy/StructureGel/]: [structure_gel] Registering data for structure_gel:loot_table_alias
[10May2026 16:43:05.407] [main/INFO] [ModdingLegacy/StructureGel/]: [structure_gel] Registering data for structure_gel:data_handler_type
[10May2026 16:43:05.409] [main/INFO] [ModdingLegacy/StructureGel/]: [structure_gel] Registering data for structure_gel:dynamic_spawner
[10May2026 16:43:05.411] [main/INFO] [ModdingLegacy/StructureGel/]: [structure_gel] Registering data for structure_gel:jigsaw_type
[10May2026 16:43:05.562] [main/INFO] [forge.net.trial.zombies_plus.ModMainCommon/]: Registering special spawn rules for Cave Zombie
[10May2026 16:43:05.593] [main/INFO] [Puzzles Lib/]: Loading common config for mutantmonsters
[10May2026 16:43:05.594] [Thread-5/INFO] [Puzzles Lib/]: Reloading common config for mutantmonsters
[10May2026 16:43:05.595] [Thread-5/INFO] [Puzzles Lib/]: Reloading common config for mutantmonsters
[10May2026 16:43:05.786] [modloading-worker-0/INFO] [dev.codeoverload.xrayreporter.Xrayreporter/]: [XrayReporter] Common setup event fired
[10May2026 16:43:05.846] [modloading-worker-0/INFO] [com.forgivingworld.ForgivingWorldMod/]: forgivingworld mod initialized
[10May2026 16:43:05.936] [Forge Version Check/INFO] [net.minecraftforge.fml.VersionChecker/]: [gamemenuremovegfarb] Starting version check at https://raw.githubusercontent.com/MORIMORI0317/GameMenuRemoveGFARB/master/version_check.json
[10May2026 16:43:05.948] [modloading-worker-0/INFO] [voicechat/]: [voicechat] Compatibility version 20
[10May2026 16:43:06.036] [modloading-worker-0/INFO] [dynamiclights/]: [Dynamic Lights] MidnightLib detected!
[10May2026 16:43:06.040] [modloading-worker-0/INFO] [incontrol/]: Enabling support for Lost Cities
[10May2026 16:43:06.044] [modloading-worker-0/INFO] [incontrol/]: Enabling support for Lost Cities
[10May2026 16:43:06.044] [modloading-worker-0/INFO] [incontrol/]: Enabling support for Serene Seasons
[10May2026 16:43:06.052] [modloading-worker-0/INFO] [dynamiclights/]: [Dynamic Lights] Loaded Dynamic Lights by Tschipcraft successfully!
[10May2026 16:43:06.095] [modloading-worker-0/INFO] [voicechat/]: [voicechat] Loading plugins
[10May2026 16:43:06.116] [modloading-worker-0/INFO] [voicechat/]: [voicechat] Loaded 2 plugin(s)
[10May2026 16:43:06.116] [modloading-worker-0/INFO] [voicechat/]: [voicechat] Initializing plugins
[10May2026 16:43:06.152] [modloading-worker-0/INFO] [Sound Physics - General/]: Initializing Simple Voice Chat integration
[10May2026 16:43:06.155] [modloading-worker-0/INFO] [voicechat/]: [voicechat] Initialized 2 plugin(s)
[10May2026 16:43:06.157] [modloading-worker-0/INFO] [voicechat/]: [voicechat] Registering events for 'sound_physics_remastered'
[10May2026 16:43:06.163] [modloading-worker-0/INFO] [voicechat/]: [voicechat] Registering events for 'walkietalkie'
[10May2026 16:43:06.191] [modloading-worker-0/INFO] [necronomicon/]: File exists, reading config for elocindev.item_obliterator.forge.config.ConfigEntries.
[10May2026 16:43:06.199] [modloading-worker-0/INFO] [necronomicon/]: Config for elocindev.item_obliterator.forge.config.ConfigEntries read successfully.
[10May2026 16:43:06.206] [modloading-worker-0/INFO] [elocindev.item_obliterator.forge.ItemObliterator/]: Loaded Item Obliterator Config
[10May2026 16:43:06.275] [Forge Version Check/INFO] [net.minecraftforge.fml.VersionChecker/]: [gamemenuremovegfarb] Found status: UP_TO_DATE Current: 2.1.2 Target: null
[10May2026 16:43:06.278] [Forge Version Check/INFO] [net.minecraftforge.fml.VersionChecker/]: [hordes] Starting version check at https://raw.githubusercontent.com/SmileycorpMC/The-Hordes/1.20/update.json
[10May2026 16:43:06.302] [Forge Version Check/INFO] [net.minecraftforge.fml.VersionChecker/]: [hordes] Found status: OUTDATED Current: 1.5.4c Target: 1.6.3d
[10May2026 16:43:06.304] [Forge Version Check/INFO] [net.minecraftforge.fml.VersionChecker/]: [structure_gel] Starting version check at http://changelogs.moddinglegacy.com/structure-gel.json
[10May2026 16:43:06.431] [modloading-worker-0/INFO] [CorgiLib/]: Initializing network...
[10May2026 16:43:06.440] [modloading-worker-0/INFO] [CorgiLib/]: Initialized network!
[10May2026 16:43:06.690] [modloading-worker-0/INFO] [FTB Library/]: Setting game stages provider implementation to: KubeJS Stages
[10May2026 16:43:06.690] [modloading-worker-0/INFO] [FTB XMod Compat/]: Chose [KubeJS Stages] as the active game stages implementation
[10May2026 16:43:06.693] [modloading-worker-0/INFO] [FTB XMod Compat/]: Chose [FALLBACK] as the active permissions implementation
[10May2026 16:43:06.697] [modloading-worker-0/INFO] [FTB XMod Compat/]: [FTB Quests] recipe helper provider is [JEI]
[10May2026 16:43:06.700] [modloading-worker-0/INFO] [FTB XMod Compat/]: [FTB Quests] Enabled Item Filters integration
[10May2026 16:43:06.761] [Forge Version Check/INFO] [net.minecraftforge.fml.VersionChecker/]: [structure_gel] Found status: BETA Current: 2.16.2 Target: null
[10May2026 16:43:06.762] [Forge Version Check/INFO] [net.minecraftforge.fml.VersionChecker/]: [corpse] Starting version check at https://update.maxhenkel.de/forge/corpse
[10May2026 16:43:06.780] [main/WARN] [AllTheLeaks/]: Failed to get VarHandle for class class com.github.alexthe666.citadel.server.world.CitadelServerData with field dataMap and type interface java.util.Map
[10May2026 16:43:06.781] [main/ERROR] [AllTheLeaks/]: Failed to instantiate constructor.
java.lang.ExceptionInInitializerError: null
	at java.lang.Class.forName0(Native Method) ~[?:?]
	at java.lang.Class.forName(Class.java:377) ~[?:?]
	at dev.uncandango.alltheleaks.leaks.IssueManager.lambda$initiateIssues$3(IssueManager.java:166) ~[alltheleaks-1.1.1+1.20.1-forge.jar%23312!/:1.1.1+1.20.1-forge]
	at java.util.ArrayList.forEach(ArrayList.java:1511) ~[?:?]
	at dev.uncandango.alltheleaks.leaks.IssueManager.initiateIssues(IssueManager.java:164) ~[alltheleaks-1.1.1+1.20.1-forge.jar%23312!/:1.1.1+1.20.1-forge]
	at java.util.concurrent.CompletableFuture$AsyncRun.run(CompletableFuture.java:1804) ~[?:?]
	at net.minecraftforge.fml.DeferredWorkQueue.lambda$makeRunnable$2(DeferredWorkQueue.java:81) ~[fmlcore-1.20.1-47.4.20.jar%23511!/:?]
	at net.minecraftforge.fml.DeferredWorkQueue.makeRunnable(DeferredWorkQueue.java:76) ~[fmlcore-1.20.1-47.4.20.jar%23511!/:?]
	at net.minecraftforge.fml.DeferredWorkQueue.lambda$runTasks$0(DeferredWorkQueue.java:60) ~[fmlcore-1.20.1-47.4.20.jar%23511!/:?]
	at java.util.concurrent.ConcurrentLinkedDeque.forEach(ConcurrentLinkedDeque.java:1650) ~[?:?]
	at net.minecraftforge.fml.DeferredWorkQueue.runTasks(DeferredWorkQueue.java:60) ~[fmlcore-1.20.1-47.4.20.jar%23511!/:?]
	at net.minecraftforge.fml.core.ParallelTransition.lambda$finalActivityGenerator$2(ParallelTransition.java:35) ~[forge-1.20.1-47.4.20-universal.jar%23515!/:?]
	at java.util.concurrent.CompletableFuture$UniApply.tryFire(CompletableFuture.java:646) ~[?:?]
	at java.util.concurrent.CompletableFuture$Completion.run(CompletableFuture.java:482) ~[?:?]
	at net.minecraftforge.fml.ModWorkManager$SyncExecutor.driveOne(ModWorkManager.java:43) ~[fmlcore-1.20.1-47.4.20.jar%23511!/:?]
	at net.minecraftforge.fml.ModWorkManager$DrivenExecutor.drive(ModWorkManager.java:28) ~[fmlcore-1.20.1-47.4.20.jar%23511!/:?]
	at net.minecraftforge.fml.ModLoader.waitForTransition(ModLoader.java:224) ~[fmlcore-1.20.1-47.4.20.jar%23511!/:?]
	at net.minecraftforge.fml.ModLoader.lambda$dispatchAndHandleError$20(ModLoader.java:210) ~[fmlcore-1.20.1-47.4.20.jar%23511!/:?]
	at java.util.Optional.ifPresent(Optional.java:178) ~[?:?]
	at net.minecraftforge.fml.ModLoader.dispatchAndHandleError(ModLoader.java:210) ~[fmlcore-1.20.1-47.4.20.jar%23511!/:?]
	at net.minecraftforge.fml.ModLoader.lambda$loadMods$15(ModLoader.java:190) ~[fmlcore-1.20.1-47.4.20.jar%23511!/:?]
	at java.lang.Iterable.forEach(Iterable.java:75) ~[?:?]
	at net.minecraftforge.fml.ModLoader.loadMods(ModLoader.java:190) ~[fmlcore-1.20.1-47.4.20.jar%23511!/:?]
	at net.minecraftforge.server.loading.ServerModLoader.load(ServerModLoader.java:31) ~[forge-1.20.1-47.4.20-universal.jar%23515!/:?]
	at net.minecraft.server.Main.main(Main.java:125) ~[server-1.20.1-20230612.114412-srg.jar%23510!/:?]
	at jdk.internal.reflect.NativeMethodAccessorImpl.invoke0(Native Method) ~[?:?]
	at jdk.internal.reflect.NativeMethodAccessorImpl.invoke(NativeMethodAccessorImpl.java:77) ~[?:?]
	at jdk.internal.reflect.DelegatingMethodAccessorImpl.invoke(DelegatingMethodAccessorImpl.java:43) ~[?:?]
	at java.lang.reflect.Method.invoke(Method.java:569) ~[?:?]
	at net.minecraftforge.fml.loading.targets.CommonLaunchHandler.runTarget(CommonLaunchHandler.java:111) ~[fmlloader-1.20.1-47.4.20.jar%2369!/:?]
	at net.minecraftforge.fml.loading.targets.CommonLaunchHandler.serverService(CommonLaunchHandler.java:103) ~[fmlloader-1.20.1-47.4.20.jar%2369!/:?]
	at net.minecraftforge.fml.loading.targets.CommonServerLaunchHandler.lambda$makeService$0(CommonServerLaunchHandler.java:27) ~[fmlloader-1.20.1-47.4.20.jar%2369!/:?]
	at cpw.mods.modlauncher.LaunchServiceHandlerDecorator.launch(LaunchServiceHandlerDecorator.java:30) ~[modlauncher-10.0.9.jar%2355!/:?]
	at cpw.mods.modlauncher.LaunchServiceHandler.launch(LaunchServiceHandler.java:53) ~[modlauncher-10.0.9.jar%2355!/:?]
	at cpw.mods.modlauncher.LaunchServiceHandler.launch(LaunchServiceHandler.java:71) ~[modlauncher-10.0.9.jar%2355!/:?]
	at cpw.mods.modlauncher.Launcher.run(Launcher.java:108) ~[modlauncher-10.0.9.jar%2355!/:?]
	at cpw.mods.modlauncher.Launcher.main(Launcher.java:78) ~[modlauncher-10.0.9.jar%2355!/:?]
	at cpw.mods.modlauncher.BootstrapLaunchConsumer.accept(BootstrapLaunchConsumer.java:26) ~[modlauncher-10.0.9.jar%2355!/:?]
	at cpw.mods.modlauncher.BootstrapLaunchConsumer.accept(BootstrapLaunchConsumer.java:23) ~[modlauncher-10.0.9.jar%2355!/:?]
	at cpw.mods.bootstraplauncher.BootstrapLauncher.main(BootstrapLauncher.java:141) ~[bootstraplauncher-1.1.2.jar:?]
Caused by: java.lang.RuntimeException: VarHandler is null
	at dev.uncandango.alltheleaks.utils.ReflectionHelper.getFieldFromClass(ReflectionHelper.java:132) ~[alltheleaks-1.1.1+1.20.1-forge.jar%23312!/:1.1.1+1.20.1-forge]
	at dev.uncandango.alltheleaks.leaks.common.mods.citadel.UntrackedIssue001.<clinit>(UntrackedIssue001.java:17) ~[alltheleaks-1.1.1+1.20.1-forge.jar%23312!/:1.1.1+1.20.1-forge]
	... 40 more
[10May2026 16:43:06.939] [main/INFO] [Framework/SYNCED_ENTITY_DATA]: Registered synced data key refurbished_furniture:lock_yaw for refurbished_furniture:seat
[10May2026 16:43:06.990] [main/INFO] [tacz/SYNCED_ENTITY_DATA_TAC_COPY]: Registered synced data key tacz:shoot_cool_down for minecraft:living_entity
[10May2026 16:43:06.991] [main/INFO] [tacz/SYNCED_ENTITY_DATA_TAC_COPY]: Registered synced data key tacz:melee_cool_down for minecraft:living_entity
[10May2026 16:43:06.991] [main/INFO] [tacz/SYNCED_ENTITY_DATA_TAC_COPY]: Registered synced data key tacz:reload_state for minecraft:living_entity
[10May2026 16:43:06.991] [main/INFO] [tacz/SYNCED_ENTITY_DATA_TAC_COPY]: Registered synced data key tacz:aiming_progress for minecraft:living_entity
[10May2026 16:43:06.991] [main/INFO] [tacz/SYNCED_ENTITY_DATA_TAC_COPY]: Registered synced data key tacz:draw_cool_down for minecraft:living_entity
[10May2026 16:43:06.991] [main/INFO] [tacz/SYNCED_ENTITY_DATA_TAC_COPY]: Registered synced data key tacz:is_aiming for minecraft:living_entity
[10May2026 16:43:06.991] [main/INFO] [tacz/SYNCED_ENTITY_DATA_TAC_COPY]: Registered synced data key tacz:sprint_time for minecraft:living_entity
[10May2026 16:43:06.991] [main/INFO] [tacz/SYNCED_ENTITY_DATA_TAC_COPY]: Registered synced data key tacz:is_bolting for minecraft:living_entity
[10May2026 16:43:06.991] [main/INFO] [tacz/SYNCED_ENTITY_DATA_TAC_COPY]: Registered synced data key tacz:throwable_using for minecraft:living_entity
[10May2026 16:43:07.091] [main/INFO] [Moonlight/]: Initialized color sets in 57ms
[10May2026 16:43:07.092] [main/ERROR] [Moonlight/]: Fabric API detected! This is not a Fabric mod, so please dont report related issues to MoonlightLib or its dependant. This can usually happen with connector or when having a mod that does NOT have a proper Forge native implementation. This can easily lead to poor compatibility and issues. Proceed ar your own risk. 
 Mods that bundled Fabric API: [net.minecraftforge.fml.loading.moddiscovery.ModInfo@4f081b5d]
[10May2026 16:43:07.097] [modloading-worker-0/INFO] [xaero.map.server.WorldMapServer/]: Loading Xaero's World Map - Stage 1/2 (Server)
[10May2026 16:43:07.097] [modloading-worker-0/INFO] [xaero.minimap.XaeroMinimap/]: Loading Xaero's Minimap - Stage 1/2 (Server)
[10May2026 16:43:07.099] [main/INFO] [xaero.minimap.XaeroMinimap/]: Loading Xaero's Minimap - Stage 2/2 (Server)
[10May2026 16:43:07.100] [main/INFO] [xaero.map.server.WorldMapServer/]: Loading Xaero's World Map - Stage 2/2 (Server)
[10May2026 16:43:07.288] [Forge Version Check/INFO] [net.minecraftforge.fml.VersionChecker/]: [corpse] Found status: AHEAD Current: 1.20.1-1.0.23 Target: null
[10May2026 16:43:07.288] [Forge Version Check/INFO] [net.minecraftforge.fml.VersionChecker/]: [gml] Starting version check at https://maven.moddinginquisition.org/releases/org/groovymc/gml/gml/forge-promotions.json
[10May2026 16:43:07.350] [modloading-worker-0/INFO] [Jade/]: Start loading plugin at net.blay09.mods.balm.forge.compat.hudinfo.ForgeJadeModCompat
[10May2026 16:43:07.367] [modloading-worker-0/INFO] [Jade/]: Start loading plugin at de.maxhenkel.corpse.integration.waila.PluginCorpse
[10May2026 16:43:07.370] [modloading-worker-0/ERROR] [ihh.propertymodifier.Logger/]: Could not find rarity  mentioned in entry "test" = 
[10May2026 16:43:07.376] [modloading-worker-0/INFO] [Jade/]: Start loading plugin at net.geforcemods.securitycraft.compat.hudmods.JadeDataProvider
[10May2026 16:43:07.389] [modloading-worker-0/INFO] [Jade/]: Start loading plugin at snownee.jade.addon.vanilla.VanillaPlugin
[10May2026 16:43:07.450] [modloading-worker-0/INFO] [Jade/]: Start loading plugin at snownee.jade.addon.universal.UniversalPlugin
[10May2026 16:43:07.455] [modloading-worker-0/INFO] [Jade/]: Start loading plugin at snownee.jade.addon.core.CorePlugin
[10May2026 16:43:07.470] [modloading-worker-0/ERROR] [ihh.propertymodifier.Logger/]: Could not find rarity  mentioned in entry "test" = 
[10May2026 16:43:07.738] [Forge Version Check/INFO] [net.minecraftforge.fml.VersionChecker/]: [gml] Found status: BETA Current: 4.0.11 Target: null
[10May2026 16:43:07.738] [Forge Version Check/INFO] [net.minecraftforge.fml.VersionChecker/]: [mr_tidal_towns] Starting version check at https://api.modrinth.com/updates/EEIwvQVo/forge_updates.json
[10May2026 16:43:07.847] [Forge Version Check/INFO] [net.minecraftforge.fml.VersionChecker/]: [mr_tidal_towns] Found status: OUTDATED Current: 1.3.4 Target: 1.3.4+mod
[10May2026 16:43:07.848] [Forge Version Check/INFO] [net.minecraftforge.fml.VersionChecker/]: [searchables] Starting version check at https://updates.blamejared.com/get?n=searchables&gv=1.20.1
[10May2026 16:43:08.221] [Forge Version Check/INFO] [net.minecraftforge.fml.VersionChecker/]: [searchables] Found status: BETA Current: 1.0.3 Target: 1.0.3
[10May2026 16:43:08.221] [Forge Version Check/INFO] [net.minecraftforge.fml.VersionChecker/]: [atlaslib] Starting version check at https://raw.githubusercontent.com/SmileycorpMC/Atlas-Lib/1.20/update.json
[10May2026 16:43:08.235] [Forge Version Check/INFO] [net.minecraftforge.fml.VersionChecker/]: [atlaslib] Found status: UP_TO_DATE Current: 1.1.12 Target: null
[10May2026 16:43:08.235] [Forge Version Check/INFO] [net.minecraftforge.fml.VersionChecker/]: [majruszlibrary] Starting version check at https://raw.githubusercontent.com/Majrusz/MinecraftCommon/main/Library/update.json
[10May2026 16:43:08.252] [Forge Version Check/INFO] [net.minecraftforge.fml.VersionChecker/]: [majruszlibrary] Found status: AHEAD Current: 7.0.8 Target: null
[10May2026 16:43:08.252] [Forge Version Check/INFO] [net.minecraftforge.fml.VersionChecker/]: [mutantmonsters] Starting version check at https://raw.githubusercontent.com/Fuzss/modresources/main/update/mutantmonsters.json
[10May2026 16:43:08.266] [Forge Version Check/INFO] [net.minecraftforge.fml.VersionChecker/]: [mutantmonsters] Found status: OUTDATED Current: 8.0.7 Target: 8.0.8
[10May2026 16:43:08.267] [Forge Version Check/INFO] [net.minecraftforge.fml.VersionChecker/]: [puzzlesaccessapi] Starting version check at https://raw.githubusercontent.com/Fuzss/modresources/main/update/puzzlesaccessapi.json
[10May2026 16:43:08.281] [Forge Version Check/INFO] [net.minecraftforge.fml.VersionChecker/]: [puzzlesaccessapi] Found status: BETA Current: 20.1.1 Target: null
[10May2026 16:43:08.281] [Forge Version Check/INFO] [net.minecraftforge.fml.VersionChecker/]: [forge] Starting version check at https://files.minecraftforge.net/net/minecraftforge/forge/promotions_slim.json
[10May2026 16:43:08.388] [Forge Version Check/INFO] [net.minecraftforge.fml.VersionChecker/]: [forge] Found status: AHEAD Current: 47.4.20 Target: null
[10May2026 16:43:08.389] [Forge Version Check/INFO] [net.minecraftforge.fml.VersionChecker/]: [cofh_core] Starting version check at https://raw.github.com/cofh/version/main/cofh_core/update.json
[10May2026 16:43:08.478] [Forge Version Check/INFO] [net.minecraftforge.fml.VersionChecker/]: [cofh_core] Found status: AHEAD Current: 11.0.2 Target: null
[10May2026 16:43:08.478] [Forge Version Check/INFO] [net.minecraftforge.fml.VersionChecker/]: [voicechat] Starting version check at https://update.maxhenkel.de/forge/voicechat
[10May2026 16:43:08.576] [Forge Version Check/INFO] [net.minecraftforge.fml.VersionChecker/]: [voicechat] Found status: OUTDATED Current: 1.20.1-2.6.12 Target: 1.20.1-2.6.17
[10May2026 16:43:08.576] [Forge Version Check/INFO] [net.minecraftforge.fml.VersionChecker/]: [sound_physics_remastered] Starting version check at https://update.maxhenkel.de/forge/sound_physics_remastered
[10May2026 16:43:08.680] [Forge Version Check/INFO] [net.minecraftforge.fml.VersionChecker/]: [sound_physics_remastered] Found status: OUTDATED Current: 1.20.1-1.4.10 Target: 1.20.1-1.5.1
[10May2026 16:43:08.682] [Forge Version Check/INFO] [net.minecraftforge.fml.VersionChecker/]: [securitycraft] Starting version check at https://www.github.com/Geforce132/SecurityCraft/raw/master/Updates/Forge.json
[10May2026 16:43:08.882] [Forge Version Check/INFO] [net.minecraftforge.fml.VersionChecker/]: [securitycraft] Found status: OUTDATED Current: 1.10.0.1 Target: 1.10.1
[10May2026 16:43:08.882] [Forge Version Check/INFO] [net.minecraftforge.fml.VersionChecker/]: [ambientenvironment] Starting version check at https://updates.blamejared.com/get?n=AmbientEnvironment&gv=1.20.1
[10May2026 16:43:08.983] [Forge Version Check/INFO] [net.minecraftforge.fml.VersionChecker/]: [ambientenvironment] Found status: BETA Current: 11.0.0.1 Target: 11.0.0.1
[10May2026 16:43:08.984] [Forge Version Check/INFO] [net.minecraftforge.fml.VersionChecker/]: [puzzleslib] Starting version check at https://raw.githubusercontent.com/Fuzss/modresources/main/update/puzzleslib.json
[10May2026 16:43:09.002] [Forge Version Check/INFO] [net.minecraftforge.fml.VersionChecker/]: [puzzleslib] Found status: UP_TO_DATE Current: 8.1.33 Target: null
[10May2026 16:43:09.003] [Forge Version Check/INFO] [net.minecraftforge.fml.VersionChecker/]: [dynamiclights] Starting version check at https://api.modrinth.com/updates/7YjclEGc/forge_updates.json?forge=only
[10May2026 16:43:09.082] [Forge Version Check/INFO] [net.minecraftforge.fml.VersionChecker/]: [dynamiclights] Found status: UP_TO_DATE Current: 1.9+mod Target: null
[10May2026 16:43:09.082] [Forge Version Check/INFO] [net.minecraftforge.fml.VersionChecker/]: [controlling] Starting version check at https://updates.blamejared.com/get?n=controlling&gv=1.20.1
[10May2026 16:43:09.182] [Forge Version Check/INFO] [net.minecraftforge.fml.VersionChecker/]: [controlling] Found status: BETA Current: 12.0.2 Target: 12.0.2
[10May2026 16:43:09.182] [Forge Version Check/INFO] [net.minecraftforge.fml.VersionChecker/]: [bookshelf] Starting version check at https://updates.blamejared.com/get?n=bookshelf&gv=1.20.1
[10May2026 16:43:09.280] [Forge Version Check/INFO] [net.minecraftforge.fml.VersionChecker/]: [bookshelf] Found status: BETA Current: 20.2.15 Target: 20.2.15
[10May2026 16:43:09.280] [Forge Version Check/INFO] [net.minecraftforge.fml.VersionChecker/]: [uteamcore] Starting version check at https://api.u-team.info/update/uteamcore.json
[10May2026 16:43:09.377] [Forge Version Check/INFO] [net.minecraftforge.fml.VersionChecker/]: [uteamcore] Found status: UP_TO_DATE Current: 5.1.4.382 Target: null
[10May2026 16:43:09.378] [Forge Version Check/INFO] [net.minecraftforge.fml.VersionChecker/]: [copycats] Starting version check at https://raw.githubusercontent.com/copycats-plus/copycats/multiloader/update.json
[10May2026 16:43:09.390] [Forge Version Check/INFO] [net.minecraftforge.fml.VersionChecker/]: [copycats] Found status: AHEAD Current: 3.0.7+mc.1.20.1-forge Target: null
[10May2026 16:43:09.390] [Forge Version Check/INFO] [net.minecraftforge.fml.VersionChecker/]: [sliceanddice] Starting version check at https://api.modrinth.com/updates/slice-and-dice/forge_updates.json
[10May2026 16:43:09.424] [Forge Version Check/INFO] [net.minecraftforge.fml.VersionChecker/]: [sliceanddice] Found status: UP_TO_DATE Current: 3.6.0 Target: null
[10May2026 16:43:09.424] [Forge Version Check/INFO] [net.minecraftforge.fml.VersionChecker/]: [clumps] Starting version check at https://updates.blamejared.com/get?n=clumps&gv=1.20.1
[10May2026 16:43:09.522] [Forge Version Check/INFO] [net.minecraftforge.fml.VersionChecker/]: [clumps] Found status: BETA Current: 12.0.0.4 Target: 12.0.0.4
[10May2026 16:43:09.522] [Forge Version Check/INFO] [net.minecraftforge.fml.VersionChecker/]: [badmobs] Starting version check at https://updates.blamejared.com/get?n=badmobs&gv=1.20.1
[10May2026 16:43:09.619] [Forge Version Check/INFO] [net.minecraftforge.fml.VersionChecker/]: [badmobs] Found status: BETA Current: 19.0.4 Target: 19.0.4
[10May2026 16:43:09.619] [Forge Version Check/INFO] [net.minecraftforge.fml.VersionChecker/]: [enchdesc] Starting version check at https://updates.blamejared.com/get?n=enchdesc&gv=1.20.1
[10May2026 16:43:09.715] [Forge Version Check/INFO] [net.minecraftforge.fml.VersionChecker/]: [enchdesc] Found status: BETA Current: 17.1.21 Target: 17.1.21
[10May2026 16:43:09.715] [Forge Version Check/INFO] [net.minecraftforge.fml.VersionChecker/]: [moonlight] Starting version check at https://api.modrinth.com/updates/moonlight/forge_updates.json
[10May2026 16:43:09.781] [Forge Version Check/INFO] [net.minecraftforge.fml.VersionChecker/]: [moonlight] Found status: OUTDATED Current: 1.20-2.16.28 Target: 1.20-2.16.31-forge
[10May2026 16:43:09.781] [Forge Version Check/INFO] [net.minecraftforge.fml.VersionChecker/]: [smoothboot] Starting version check at https://github.com/AbdElAziz333/SmoothBoot-Reloaded/raw/mc1.20.1/dev/updates.json
[10May2026 16:43:09.815] [Forge Version Check/WARN] [net.minecraftforge.fml.VersionChecker/]: Failed to process update information
com.google.gson.JsonSyntaxException: java.lang.IllegalStateException: Expected BEGIN_OBJECT but was STRING at line 9 column 1 path $
	at com.google.gson.Gson.fromJson(Gson.java:1226) ~[gson-2.10.jar%2372!/:?]
	at com.google.gson.Gson.fromJson(Gson.java:1124) ~[gson-2.10.jar%2372!/:?]
	at com.google.gson.Gson.fromJson(Gson.java:1034) ~[gson-2.10.jar%2372!/:?]
	at com.google.gson.Gson.fromJson(Gson.java:969) ~[gson-2.10.jar%2372!/:?]
	at net.minecraftforge.fml.VersionChecker$1.process(VersionChecker.java:186) ~[fmlcore-1.20.1-47.4.20.jar%23511!/:?]
	at java.lang.Iterable.forEach(Iterable.java:75) ~[?:?]
	at net.minecraftforge.fml.VersionChecker$1.run(VersionChecker.java:117) ~[fmlcore-1.20.1-47.4.20.jar%23511!/:?]
Caused by: java.lang.IllegalStateException: Expected BEGIN_OBJECT but was STRING at line 9 column 1 path $
	at com.google.gson.stream.JsonReader.beginObject(JsonReader.java:393) ~[gson-2.10.jar%2372!/:?]
	at com.google.gson.internal.bind.MapTypeAdapterFactory$Adapter.read(MapTypeAdapterFactory.java:182) ~[gson-2.10.jar%2372!/:?]
	at com.google.gson.internal.bind.MapTypeAdapterFactory$Adapter.read(MapTypeAdapterFactory.java:144) ~[gson-2.10.jar%2372!/:?]
	at com.google.gson.Gson.fromJson(Gson.java:1214) ~[gson-2.10.jar%2372!/:?]
	... 6 more
[10May2026 16:43:09.816] [Forge Version Check/INFO] [net.minecraftforge.fml.VersionChecker/]: [openloader] Starting version check at https://updates.blamejared.com/get?n=openloader&gv=1.20.1
[10May2026 16:43:09.913] [Forge Version Check/INFO] [net.minecraftforge.fml.VersionChecker/]: [openloader] Found status: BETA Current: 19.0.5 Target: 19.0.5
[10May2026 16:43:24.090] [main/INFO] [com.mojang.authlib.yggdrasil.YggdrasilAuthenticationService/]: Environment: authHost='https://authserver.mojang.com', accountsHost='https://api.mojang.com', sessionHost='https://sessionserver.mojang.com', servicesHost='https://api.minecraftservices.com', name='PROD'
[10May2026 16:43:36.263] [main/WARN] [net.minecraft.server.packs.VanillaPackResourcesBuilder/]: Assets URL 'union:/workspaces/Cloud-Server/servidor_minecraft/libraries/net/minecraft/server/1.20.1-20230612.114412/server-1.20.1-20230612.114412-srg.jar%23510!/assets/.mcassetsroot' uses unexpected schema
[10May2026 16:43:36.265] [main/WARN] [net.minecraft.server.packs.VanillaPackResourcesBuilder/]: Assets URL 'union:/workspaces/Cloud-Server/servidor_minecraft/libraries/net/minecraft/server/1.20.1-20230612.114412/server-1.20.1-20230612.114412-srg.jar%23510!/data/.mcassetsroot' uses unexpected schema
[10May2026 16:43:36.577] [main/INFO] [com.simibubi.create.Create/]: Created 429 recipes which will be injected into the game
[10May2026 16:43:36.587] [main/INFO] [com.simibubi.create.Create/]: Created 27 tags which will be injected into the game
[10May2026 16:43:36.663] [main/INFO] [tacz/GunPackFinder]: Start scanning for gun packs in /workspaces/Cloud-Server/servidor_minecraft/tacz
[10May2026 16:43:36.665] [main/INFO] [tacz/GunPackFinder]: - Apocalypse_v1.1.7_G, Main namespace: bf1
[10May2026 16:43:36.684] [main/INFO] [tacz/GunPackFinder]: - tacz_default_gun, Main namespace: tacz
[10May2026 16:43:36.686] [main/INFO] [tacz/GunPackFinder]: - [Tacz1.1.5+]MS-Mobius Gunspack v1.1.5, Main namespace: sfms
[10May2026 16:43:36.686] [main/INFO] [tacz/GunPackFinder]: Found 3 possible gunpack(s) and added them to resource set.
[10May2026 16:43:36.803] [main/INFO] [Open Loader/]: Preparing Data Pack injection.
[10May2026 16:43:36.808] [main/INFO] [Open Loader/]: Loaded archive Data Pack from /workspaces/Cloud-Server/servidor_minecraft/config/openloader/data/cw_mutant_drop_fix.zip.
[10May2026 16:43:36.853] [main/WARN] [net.minecraft.server.packs.repository.Pack/]: Missing metadata in pack data/jcwsdata.zip
[10May2026 16:43:36.854] [main/INFO] [Open Loader/]: Loaded archive Data Pack from /workspaces/Cloud-Server/servidor_minecraft/config/openloader/data/IW_fluid_gen_disabler.zip.
[10May2026 16:43:36.854] [main/INFO] [Open Loader/]: Loaded archive Data Pack from /workspaces/Cloud-Server/servidor_minecraft/config/openloader/data/newLcLootv2.zip.
[10May2026 16:43:36.855] [main/INFO] [Open Loader/]: Loaded archive Data Pack from /workspaces/Cloud-Server/servidor_minecraft/config/openloader/data/CWRecipeChanges.zip.
[10May2026 16:43:36.855] [main/INFO] [Open Loader/]: Successfully injected 4/4 packs from /workspaces/Cloud-Server/servidor_minecraft/config/openloader/data.
[10May2026 16:43:37.013] [main/INFO] [KubeJS Server/]: Loaded script server_scripts:itemRecipeBlacklist.js in 0.007 s
[10May2026 16:43:37.023] [main/INFO] [KubeJS Server/]: Loaded script server_scripts:cwTweaks.js in 0.01 s
[10May2026 16:43:37.025] [main/INFO] [KubeJS Server/]: Loaded script server_scripts:matt's_stims_server.js in 0.002 s
[10May2026 16:43:37.026] [main/INFO] [KubeJS Server/]: Loaded script server_scripts:lootTweaks.js in 0.0 s
[10May2026 16:43:37.026] [main/INFO] [KubeJS Server/]: Loaded 4/4 KubeJS server scripts in 0.039 s with 0 errors and 0 warnings
[10May2026 16:43:37.026] [main/INFO] [KubeJS Server/]: Scripts loaded
[10May2026 16:43:37.044] [main/INFO] [KubeJS Server/]: Initializing recipe event...
[10May2026 16:43:37.060] [main/INFO] [Moonlight/]: Starting runtime resource generation for pack type SERVER_DATA with generators from mods [immersive_weathering]: [com.ordana.immersive_weathering.dynamicpack.ServerDynamicResourcesHandler@30d59575]
[10May2026 16:43:37.061] [main/INFO] [Moonlight/]: Generating runtime assets for pack Immersive Weathering Generated Pack (immersive_weathering)
[10May2026 16:43:37.075] [main/INFO] [com.ordana.immersive_weathering.ImmersiveWeathering/]: Generated runtime SERVER_DATA for pack Immersive Weathering Generated Pack (immersive_weathering) in: 13 ms (multithreaded)
[10May2026 16:43:37.075] [main/INFO] [Moonlight/]: Finished runtime resources generation for 1 packs in a total of 15 ms
[10May2026 16:43:37.097] [main/INFO] [com.cupboard.Cupboard/]: Loaded config for: biomesize.json
[10May2026 16:43:39.963] [main/INFO] [com.github.alexthe666.alexsmobs.AlexsMobs/]: Adding datapack listener capsid_recipes
[10May2026 16:43:40.236] [Worker-Main-11/ERROR] [net.minecraft.server.packs.resources.SimpleJsonResourceReloadListener/]: Couldn't parse data file flan:zh_tw from flan:lang/zh_tw.json
com.google.gson.JsonParseException: com.google.gson.stream.MalformedJsonException: Unterminated object at line 131 column 4 path $.flan.screenMenuBlockPlace
	at net.minecraft.util.GsonHelper.m_13780_(GsonHelper.java:526) ~[server-1.20.1-20230612.114412-srg.jar%23510!/:?]
	at net.minecraft.util.GsonHelper.m_263475_(GsonHelper.java:531) ~[server-1.20.1-20230612.114412-srg.jar%23510!/:?]
	at net.minecraft.util.GsonHelper.m_13776_(GsonHelper.java:581) ~[server-1.20.1-20230612.114412-srg.jar%23510!/:?]
	at net.minecraft.server.packs.resources.SimpleJsonResourceReloadListener.m_278771_(SimpleJsonResourceReloadListener.java:41) ~[server-1.20.1-20230612.114412-srg.jar%23510!/:?]
	at net.minecraft.server.packs.resources.SimpleJsonResourceReloadListener.m_5944_(SimpleJsonResourceReloadListener.java:29) ~[server-1.20.1-20230612.114412-srg.jar%23510!/:?]
	at io.github.flemmli97.linguabib.data.ServerLangManager.m_5944_(ServerLangManager.java:97) ~[lingua_bib-1.20.1-1.0.6-forge.jar%23739!/:?]
	at io.github.flemmli97.linguabib.data.ServerLangManager.m_5944_(ServerLangManager.java:25) ~[lingua_bib-1.20.1-1.0.6-forge.jar%23739!/:?]
	at net.minecraft.server.packs.resources.SimplePreparableReloadListener.m_10786_(SimplePreparableReloadListener.java:11) ~[server-1.20.1-20230612.114412-srg.jar%23510!/:?]
	at java.util.concurrent.CompletableFuture$AsyncSupply.run(CompletableFuture.java:1768) ~[?:?]
	at java.util.concurrent.CompletableFuture$AsyncSupply.exec(CompletableFuture.java:1760) ~[?:?]
	at java.util.concurrent.ForkJoinTask.doExec(ForkJoinTask.java:373) ~[?:?]
	at java.util.concurrent.ForkJoinPool$WorkQueue.topLevelExec(ForkJoinPool.java:1182) ~[?:?]
	at java.util.concurrent.ForkJoinPool.scan(ForkJoinPool.java:1655) ~[?:?]
	at java.util.concurrent.ForkJoinPool.runWorker(ForkJoinPool.java:1622) ~[?:?]
	at java.util.concurrent.ForkJoinWorkerThread.run(ForkJoinWorkerThread.java:165) ~[?:?]
Caused by: com.google.gson.stream.MalformedJsonException: Unterminated object at line 131 column 4 path $.flan.screenMenuBlockPlace
	at com.google.gson.stream.JsonReader.syntaxError(JsonReader.java:1657) ~[gson-2.10.jar%2372!/:?]
	at com.google.gson.stream.JsonReader.doPeek(JsonReader.java:500) ~[gson-2.10.jar%2372!/:?]
	at com.google.gson.stream.JsonReader.hasNext(JsonReader.java:422) ~[gson-2.10.jar%2372!/:?]
	at com.google.gson.internal.bind.TypeAdapters$28.read(TypeAdapters.java:779) ~[gson-2.10.jar%2372!/:?]
	at com.google.gson.internal.bind.TypeAdapters$28.read(TypeAdapters.java:725) ~[gson-2.10.jar%2372!/:?]
	at com.google.gson.internal.bind.TypeAdapters$34$1.read(TypeAdapters.java:1007) ~[gson-2.10.jar%2372!/:?]
	at net.minecraft.util.GsonHelper.m_13780_(GsonHelper.java:524) ~[server-1.20.1-20230612.114412-srg.jar%23510!/:?]
	... 14 more
[10May2026 16:43:40.624] [Worker-Main-6/INFO] [KubeJS Server/]: [minecraft:item] Found 1406 tags, added 85 objects, removed 0 objects
[10May2026 16:43:40.627] [Worker-Main-7/INFO] [KubeJS Server/]: [minecraft:block] Found 766 tags, added 2 objects, removed 0 objects
[10May2026 16:43:40.635] [Worker-Main-6/ERROR] [net.minecraft.tags.TagLoader/]: Couldn't load tag the_deeper_void:cw as it is missing following references: cw_additions:rubber_sheet (from [V2.0.4] the_deeper_void-2.0.4-forge-1.20.1.jar), 
	cw_additions:plastic_sheet (from [V2.0.4] the_deeper_void-2.0.4-forge-1.20.1.jar), 
	cw_additions:gun_parts (from [V2.0.4] the_deeper_void-2.0.4-forge-1.20.1.jar), 
	cw_additions:gunsteel (from [V2.0.4] the_deeper_void-2.0.4-forge-1.20.1.jar), 
	cw_additions:gun_barrel (from [V2.0.4] the_deeper_void-2.0.4-forge-1.20.1.jar), 
	cw_additions:reinforced_barrel (from [V2.0.4] the_deeper_void-2.0.4-forge-1.20.1.jar), 
	cw_additions:advanced_gun_internals (from [V2.0.4] the_deeper_void-2.0.4-forge-1.20.1.jar)
[10May2026 16:43:40.647] [Worker-Main-7/ERROR] [net.minecraft.tags.TagLoader/]: Couldn't load tag fabric:mineable/needs_tool_level_3 as it is missing following references: netherite_ore_mod:ancientdebrisore (from Sky's Overworld Netherite 2.8 1.20.1 Forge.jar), 
	netherite_ore_mod:deepslate_ancient_debris_ore (from Sky's Overworld Netherite 2.8 1.20.1 Forge.jar), 
	netherite_ore_mod:netherite_ancient_debris_ore (from Sky's Overworld Netherite 2.8 1.20.1 Forge.jar)
[10May2026 16:43:41.062] [Worker-Main-2/ERROR] [net.minecraft.server.packs.resources.SimpleJsonResourceReloadListener/]: Couldn't parse data file tacz:misc/blood_strike_1 from tacz:recipes/misc/blood_strike_1.json
com.google.gson.JsonParseException: com.google.gson.stream.MalformedJsonException: Expected ':' at line 27 column 10 path $.result.item.nbt.BlockId.sfms:ms_workbench
	at net.minecraft.util.GsonHelper.m_13780_(GsonHelper.java:526) ~[server-1.20.1-20230612.114412-srg.jar%23510!/:?]
	at net.minecraft.util.GsonHelper.m_263475_(GsonHelper.java:531) ~[server-1.20.1-20230612.114412-srg.jar%23510!/:?]
	at net.minecraft.util.GsonHelper.m_13776_(GsonHelper.java:581) ~[server-1.20.1-20230612.114412-srg.jar%23510!/:?]
	at net.minecraft.server.packs.resources.SimpleJsonResourceReloadListener.m_278771_(SimpleJsonResourceReloadListener.java:41) ~[server-1.20.1-20230612.114412-srg.jar%23510!/:?]
	at net.minecraft.server.packs.resources.SimpleJsonResourceReloadListener.m_5944_(SimpleJsonResourceReloadListener.java:29) ~[server-1.20.1-20230612.114412-srg.jar%23510!/:?]
	at net.minecraft.server.packs.resources.SimpleJsonResourceReloadListener.m_5944_(SimpleJsonResourceReloadListener.java:17) ~[server-1.20.1-20230612.114412-srg.jar%23510!/:?]
	at net.minecraft.server.packs.resources.SimplePreparableReloadListener.m_10786_(SimplePreparableReloadListener.java:11) ~[server-1.20.1-20230612.114412-srg.jar%23510!/:?]
	at java.util.concurrent.CompletableFuture$AsyncSupply.run(CompletableFuture.java:1768) ~[?:?]
	at java.util.concurrent.CompletableFuture$AsyncSupply.exec(CompletableFuture.java:1760) ~[?:?]
	at java.util.concurrent.ForkJoinTask.doExec(ForkJoinTask.java:373) ~[?:?]
	at java.util.concurrent.ForkJoinPool$WorkQueue.topLevelExec(ForkJoinPool.java:1182) ~[?:?]
	at java.util.concurrent.ForkJoinPool.scan(ForkJoinPool.java:1655) ~[?:?]
	at java.util.concurrent.ForkJoinPool.runWorker(ForkJoinPool.java:1622) ~[?:?]
	at java.util.concurrent.ForkJoinWorkerThread.run(ForkJoinWorkerThread.java:165) ~[?:?]
Caused by: com.google.gson.stream.MalformedJsonException: Expected ':' at line 27 column 10 path $.result.item.nbt.BlockId.sfms:ms_workbench
	at com.google.gson.stream.JsonReader.syntaxError(JsonReader.java:1657) ~[gson-2.10.jar%2372!/:?]
	at com.google.gson.stream.JsonReader.doPeek(JsonReader.java:539) ~[gson-2.10.jar%2372!/:?]
	at com.google.gson.stream.JsonReader.peek(JsonReader.java:433) ~[gson-2.10.jar%2372!/:?]
	at com.google.gson.internal.bind.TypeAdapters$28.read(TypeAdapters.java:786) ~[gson-2.10.jar%2372!/:?]
	at com.google.gson.internal.bind.TypeAdapters$28.read(TypeAdapters.java:725) ~[gson-2.10.jar%2372!/:?]
	at com.google.gson.internal.bind.TypeAdapters$34$1.read(TypeAdapters.java:1007) ~[gson-2.10.jar%2372!/:?]
	at net.minecraft.util.GsonHelper.m_13780_(GsonHelper.java:524) ~[server-1.20.1-20230612.114412-srg.jar%23510!/:?]
	... 13 more
[10May2026 16:43:41.512] [Worker-Main-5/ERROR] [net.minecraftforge.common.ForgeHooks/]: Couldn't parse element loot_tables:aiycrates:blocks/blue_filum_table
com.google.gson.JsonSyntaxException: Expected name to be an item, was unknown string 'getit:blue_filum'
	at net.minecraft.util.GsonHelper.m_13866_(GsonHelper.java:145) ~[server-1.20.1-20230612.114412-srg.jar%23510!/:?]
	at java.util.Optional.orElseThrow(Optional.java:403) ~[?:?]
	at net.minecraft.util.GsonHelper.m_13874_(GsonHelper.java:145) ~[server-1.20.1-20230612.114412-srg.jar%23510!/:?]
	at net.minecraft.util.GsonHelper.m_13909_(GsonHelper.java:153) ~[server-1.20.1-20230612.114412-srg.jar%23510!/:?]
	at net.minecraft.world.level.storage.loot.entries.LootItem$Serializer.m_7267_(LootItem.java:55) ~[server-1.20.1-20230612.114412-srg.jar%23510!/:?]
	at net.minecraft.world.level.storage.loot.entries.LootItem$Serializer.m_7267_(LootItem.java:40) ~[server-1.20.1-20230612.114412-srg.jar%23510!/:?]
	at net.minecraft.world.level.storage.loot.entries.LootPoolSingletonContainer$Serializer.m_5921_(LootPoolSingletonContainer.java:151) ~[server-1.20.1-20230612.114412-srg.jar%23510!/:?]
	at net.minecraft.world.level.storage.loot.entries.LootPoolSingletonContainer$Serializer.m_5921_(LootPoolSingletonContainer.java:129) ~[server-1.20.1-20230612.114412-srg.jar%23510!/:?]
	at net.minecraft.world.level.storage.loot.entries.LootPoolEntryContainer$Serializer.m_7561_(LootPoolEntryContainer.java:86) ~[server-1.20.1-20230612.114412-srg.jar%23510!/:?]
	at net.minecraft.world.level.storage.loot.entries.LootPoolEntryContainer$Serializer.m_7561_(LootPoolEntryContainer.java:74) ~[server-1.20.1-20230612.114412-srg.jar%23510!/:?]
	at net.minecraft.world.level.storage.loot.GsonAdapterFactory$JsonAdapter.deserialize(GsonAdapterFactory.java:102) ~[server-1.20.1-20230612.114412-srg.jar%23510!/:?]
	at com.google.gson.internal.bind.TreeTypeAdapter.read(TreeTypeAdapter.java:76) ~[gson-2.10.jar%2372!/:?]
	at com.google.gson.internal.bind.TypeAdapterRuntimeTypeWrapper.read(TypeAdapterRuntimeTypeWrapper.java:40) ~[gson-2.10.jar%2372!/:?]
	at com.google.gson.internal.bind.ArrayTypeAdapter.read(ArrayTypeAdapter.java:72) ~[gson-2.10.jar%2372!/:?]
	at com.google.gson.Gson.fromJson(Gson.java:1214) ~[gson-2.10.jar%2372!/:?]
	at com.google.gson.Gson.fromJson(Gson.java:1319) ~[gson-2.10.jar%2372!/:?]
	at com.google.gson.Gson.fromJson(Gson.java:1290) ~[gson-2.10.jar%2372!/:?]
	at com.google.gson.internal.bind.TreeTypeAdapter$GsonContextImpl.deserialize(TreeTypeAdapter.java:179) ~[gson-2.10.jar%2372!/:?]
	at net.minecraft.util.GsonHelper.m_13808_(GsonHelper.java:463) ~[server-1.20.1-20230612.114412-srg.jar%23510!/:?]
	at net.minecraft.util.GsonHelper.m_13836_(GsonHelper.java:471) ~[server-1.20.1-20230612.114412-srg.jar%23510!/:?]
	at net.minecraft.world.level.storage.loot.LootPool$Serializer.deserialize(LootPool.java:192) ~[server-1.20.1-20230612.114412-srg.jar%23510!/:?]
	at net.minecraft.world.level.storage.loot.LootPool$Serializer.deserialize(LootPool.java:189) ~[server-1.20.1-20230612.114412-srg.jar%23510!/:?]
	at com.google.gson.internal.bind.TreeTypeAdapter.read(TreeTypeAdapter.java:76) ~[gson-2.10.jar%2372!/:?]
	at com.google.gson.internal.bind.TypeAdapterRuntimeTypeWrapper.read(TypeAdapterRuntimeTypeWrapper.java:40) ~[gson-2.10.jar%2372!/:?]
	at com.google.gson.internal.bind.ArrayTypeAdapter.read(ArrayTypeAdapter.java:72) ~[gson-2.10.jar%2372!/:?]
	at com.google.gson.Gson.fromJson(Gson.java:1214) ~[gson-2.10.jar%2372!/:?]
	at com.google.gson.Gson.fromJson(Gson.java:1319) ~[gson-2.10.jar%2372!/:?]
	at com.google.gson.Gson.fromJson(Gson.java:1290) ~[gson-2.10.jar%2372!/:?]
	at com.google.gson.internal.bind.TreeTypeAdapter$GsonContextImpl.deserialize(TreeTypeAdapter.java:179) ~[gson-2.10.jar%2372!/:?]
	at net.minecraft.util.GsonHelper.m_13808_(GsonHelper.java:463) ~[server-1.20.1-20230612.114412-srg.jar%23510!/:?]
	at net.minecraft.util.GsonHelper.m_13845_(GsonHelper.java:481) ~[server-1.20.1-20230612.114412-srg.jar%23510!/:?]
	at net.minecraft.world.level.storage.loot.LootTable$Serializer.deserialize(LootTable.java:294) ~[server-1.20.1-20230612.114412-srg.jar%23510!/:?]
	at net.minecraft.world.level.storage.loot.LootTable$Serializer.deserialize(LootTable.java:291) ~[server-1.20.1-20230612.114412-srg.jar%23510!/:?]
	at com.google.gson.internal.bind.TreeTypeAdapter.read(TreeTypeAdapter.java:76) ~[gson-2.10.jar%2372!/:?]
	at com.google.gson.Gson.fromJson(Gson.java:1214) ~[gson-2.10.jar%2372!/:?]
	at com.google.gson.Gson.fromJson(Gson.java:1319) ~[gson-2.10.jar%2372!/:?]
	at com.google.gson.Gson.fromJson(Gson.java:1261) ~[gson-2.10.jar%2372!/:?]
	at net.minecraftforge.common.ForgeHooks.loadLootTable(ForgeHooks.java:872) ~[forge-1.20.1-47.4.20-universal.jar%23515!/:?]
	at net.minecraftforge.common.ForgeHooks.lambda$getLootTableDeserializer$3(ForgeHooks.java:849) ~[forge-1.20.1-47.4.20-universal.jar%23515!/:?]
	at net.minecraft.world.level.storage.loot.LootDataType.deserialize(LootDataType.java:45) ~[server-1.20.1-20230612.114412-srg.jar%23510!/:?]
	at net.minecraft.world.level.storage.loot.LootDataManager.lambda$scheduleElementParse$4(LootDataManager.java:56) ~[server-1.20.1-20230612.114412-srg.jar%23510!/:?]
	at java.util.HashMap.forEach(HashMap.java:1421) ~[?:?]
	at net.minecraft.world.level.storage.loot.LootDataManager.m_278660_(LootDataManager.java:55) ~[server-1.20.1-20230612.114412-srg.jar%23510!/:?]
	at java.util.concurrent.CompletableFuture$AsyncRun.run(CompletableFuture.java:1804) ~[?:?]
	at java.util.concurrent.CompletableFuture$AsyncRun.exec(CompletableFuture.java:1796) ~[?:?]
	at java.util.concurrent.ForkJoinTask.doExec(ForkJoinTask.java:373) ~[?:?]
	at java.util.concurrent.ForkJoinPool$WorkQueue.topLevelExec(ForkJoinPool.java:1182) ~[?:?]
	at java.util.concurrent.ForkJoinPool.scan(ForkJoinPool.java:1655) ~[?:?]
	at java.util.concurrent.ForkJoinPool.runWorker(ForkJoinPool.java:1622) ~[?:?]
	at java.util.concurrent.ForkJoinWorkerThread.run(ForkJoinWorkerThread.java:165) ~[?:?]
[10May2026 16:43:41.528] [Worker-Main-5/ERROR] [net.minecraftforge.common.ForgeHooks/]: Couldn't parse element loot_tables:keerdm_zombie_essentials:chests/abandoned_car_advanced_vics
com.google.gson.JsonSyntaxException: Expected name to be an item, was unknown string 'pointblank:m4a1'
	at net.minecraft.util.GsonHelper.m_13866_(GsonHelper.java:145) ~[server-1.20.1-20230612.114412-srg.jar%23510!/:?]
	at java.util.Optional.orElseThrow(Optional.java:403) ~[?:?]
	at net.minecraft.util.GsonHelper.m_13874_(GsonHelper.java:145) ~[server-1.20.1-20230612.114412-srg.jar%23510!/:?]
	at net.minecraft.util.GsonHelper.m_13909_(GsonHelper.java:153) ~[server-1.20.1-20230612.114412-srg.jar%23510!/:?]
	at net.minecraft.world.level.storage.loot.entries.LootItem$Serializer.m_7267_(LootItem.java:55) ~[server-1.20.1-20230612.114412-srg.jar%23510!/:?]
	at net.minecraft.world.level.storage.loot.entries.LootItem$Serializer.m_7267_(LootItem.java:40) ~[server-1.20.1-20230612.114412-srg.jar%23510!/:?]
	at net.minecraft.world.level.storage.loot.entries.LootPoolSingletonContainer$Serializer.m_5921_(LootPoolSingletonContainer.java:151) ~[server-1.20.1-20230612.114412-srg.jar%23510!/:?]
	at net.minecraft.world.level.storage.loot.entries.LootPoolSingletonContainer$Serializer.m_5921_(LootPoolSingletonContainer.java:129) ~[server-1.20.1-20230612.114412-srg.jar%23510!/:?]
	at net.minecraft.world.level.storage.loot.entries.LootPoolEntryContainer$Serializer.m_7561_(LootPoolEntryContainer.java:86) ~[server-1.20.1-20230612.114412-srg.jar%23510!/:?]
	at net.minecraft.world.level.storage.loot.entries.LootPoolEntryContainer$Serializer.m_7561_(LootPoolEntryContainer.java:74) ~[server-1.20.1-20230612.114412-srg.jar%23510!/:?]
	at net.minecraft.world.level.storage.loot.GsonAdapterFactory$JsonAdapter.deserialize(GsonAdapterFactory.java:102) ~[server-1.20.1-20230612.114412-srg.jar%23510!/:?]
	at com.google.gson.internal.bind.TreeTypeAdapter.read(TreeTypeAdapter.java:76) ~[gson-2.10.jar%2372!/:?]
	at com.google.gson.internal.bind.TypeAdapterRuntimeTypeWrapper.read(TypeAdapterRuntimeTypeWrapper.java:40) ~[gson-2.10.jar%2372!/:?]
	at com.google.gson.internal.bind.ArrayTypeAdapter.read(ArrayTypeAdapter.java:72) ~[gson-2.10.jar%2372!/:?]
	at com.google.gson.Gson.fromJson(Gson.java:1214) ~[gson-2.10.jar%2372!/:?]
	at com.google.gson.Gson.fromJson(Gson.java:1319) ~[gson-2.10.jar%2372!/:?]
	at com.google.gson.Gson.fromJson(Gson.java:1290) ~[gson-2.10.jar%2372!/:?]
	at com.google.gson.internal.bind.TreeTypeAdapter$GsonContextImpl.deserialize(TreeTypeAdapter.java:179) ~[gson-2.10.jar%2372!/:?]
	at net.minecraft.util.GsonHelper.m_13808_(GsonHelper.java:463) ~[server-1.20.1-20230612.114412-srg.jar%23510!/:?]
	at net.minecraft.util.GsonHelper.m_13836_(GsonHelper.java:471) ~[server-1.20.1-20230612.114412-srg.jar%23510!/:?]
	at net.minecraft.world.level.storage.loot.LootPool$Serializer.deserialize(LootPool.java:192) ~[server-1.20.1-20230612.114412-srg.jar%23510!/:?]
	at net.minecraft.world.level.storage.loot.LootPool$Serializer.deserialize(LootPool.java:189) ~[server-1.20.1-20230612.114412-srg.jar%23510!/:?]
	at com.google.gson.internal.bind.TreeTypeAdapter.read(TreeTypeAdapter.java:76) ~[gson-2.10.jar%2372!/:?]
	at com.google.gson.internal.bind.TypeAdapterRuntimeTypeWrapper.read(TypeAdapterRuntimeTypeWrapper.java:40) ~[gson-2.10.jar%2372!/:?]
	at com.google.gson.internal.bind.ArrayTypeAdapter.read(ArrayTypeAdapter.java:72) ~[gson-2.10.jar%2372!/:?]
	at com.google.gson.Gson.fromJson(Gson.java:1214) ~[gson-2.10.jar%2372!/:?]
	at com.google.gson.Gson.fromJson(Gson.java:1319) ~[gson-2.10.jar%2372!/:?]
	at com.google.gson.Gson.fromJson(Gson.java:1290) ~[gson-2.10.jar%2372!/:?]
	at com.google.gson.internal.bind.TreeTypeAdapter$GsonContextImpl.deserialize(TreeTypeAdapter.java:179) ~[gson-2.10.jar%2372!/:?]
	at net.minecraft.util.GsonHelper.m_13808_(GsonHelper.java:463) ~[server-1.20.1-20230612.114412-srg.jar%23510!/:?]
	at net.minecraft.util.GsonHelper.m_13845_(GsonHelper.java:481) ~[server-1.20.1-20230612.114412-srg.jar%23510!/:?]
	at net.minecraft.world.level.storage.loot.LootTable$Serializer.deserialize(LootTable.java:294) ~[server-1.20.1-20230612.114412-srg.jar%23510!/:?]
	at net.minecraft.world.level.storage.loot.LootTable$Serializer.deserialize(LootTable.java:291) ~[server-1.20.1-20230612.114412-srg.jar%23510!/:?]
	at com.google.gson.internal.bind.TreeTypeAdapter.read(TreeTypeAdapter.java:76) ~[gson-2.10.jar%2372!/:?]
	at com.google.gson.Gson.fromJson(Gson.java:1214) ~[gson-2.10.jar%2372!/:?]
	at com.google.gson.Gson.fromJson(Gson.java:1319) ~[gson-2.10.jar%2372!/:?]
	at com.google.gson.Gson.fromJson(Gson.java:1261) ~[gson-2.10.jar%2372!/:?]
	at net.minecraftforge.common.ForgeHooks.loadLootTable(ForgeHooks.java:872) ~[forge-1.20.1-47.4.20-universal.jar%23515!/:?]
	at net.minecraftforge.common.ForgeHooks.lambda$getLootTableDeserializer$3(ForgeHooks.java:849) ~[forge-1.20.1-47.4.20-universal.jar%23515!/:?]
	at net.minecraft.world.level.storage.loot.LootDataType.deserialize(LootDataType.java:45) ~[server-1.20.1-20230612.114412-srg.jar%23510!/:?]
	at net.minecraft.world.level.storage.loot.LootDataManager.lambda$scheduleElementParse$4(LootDataManager.java:56) ~[server-1.20.1-20230612.114412-srg.jar%23510!/:?]
	at java.util.HashMap.forEach(HashMap.java:1421) ~[?:?]
	at net.minecraft.world.level.storage.loot.LootDataManager.m_278660_(LootDataManager.java:55) ~[server-1.20.1-20230612.114412-srg.jar%23510!/:?]
	at java.util.concurrent.CompletableFuture$AsyncRun.run(CompletableFuture.java:1804) ~[?:?]
	at java.util.concurrent.CompletableFuture$AsyncRun.exec(CompletableFuture.java:1796) ~[?:?]
	at java.util.concurrent.ForkJoinTask.doExec(ForkJoinTask.java:373) ~[?:?]
	at java.util.concurrent.ForkJoinPool$WorkQueue.topLevelExec(ForkJoinPool.java:1182) ~[?:?]
	at java.util.concurrent.ForkJoinPool.scan(ForkJoinPool.java:1655) ~[?:?]
	at java.util.concurrent.ForkJoinPool.runWorker(ForkJoinPool.java:1622) ~[?:?]
	at java.util.concurrent.ForkJoinWorkerThread.run(ForkJoinWorkerThread.java:165) ~[?:?]
[10May2026 16:43:41.550] [Worker-Main-5/ERROR] [net.minecraftforge.common.ForgeHooks/]: Couldn't parse element loot_tables:keerdm_zombie_essentials:chests/abandoned_car_basic_vics
com.google.gson.JsonSyntaxException: Expected name to be an item, was unknown string 'pointblank:mp7'
	at net.minecraft.util.GsonHelper.m_13866_(GsonHelper.java:145) ~[server-1.20.1-20230612.114412-srg.jar%23510!/:?]
	at java.util.Optional.orElseThrow(Optional.java:403) ~[?:?]
	at net.minecraft.util.GsonHelper.m_13874_(GsonHelper.java:145) ~[server-1.20.1-20230612.114412-srg.jar%23510!/:?]
	at net.minecraft.util.GsonHelper.m_13909_(GsonHelper.java:153) ~[server-1.20.1-20230612.114412-srg.jar%23510!/:?]
	at net.minecraft.world.level.storage.loot.entries.LootItem$Serializer.m_7267_(LootItem.java:55) ~[server-1.20.1-20230612.114412-srg.jar%23510!/:?]
	at net.minecraft.world.level.storage.loot.entries.LootItem$Serializer.m_7267_(LootItem.java:40) ~[server-1.20.1-20230612.114412-srg.jar%23510!/:?]
	at net.minecraft.world.level.storage.loot.entries.LootPoolSingletonContainer$Serializer.m_5921_(LootPoolSingletonContainer.java:151) ~[server-1.20.1-20230612.114412-srg.jar%23510!/:?]
	at net.minecraft.world.level.storage.loot.entries.LootPoolSingletonContainer$Serializer.m_5921_(LootPoolSingletonContainer.java:129) ~[server-1.20.1-20230612.114412-srg.jar%23510!/:?]
	at net.minecraft.world.level.storage.loot.entries.LootPoolEntryContainer$Serializer.m_7561_(LootPoolEntryContainer.java:86) ~[server-1.20.1-20230612.114412-srg.jar%23510!/:?]
	at net.minecraft.world.level.storage.loot.entries.LootPoolEntryContainer$Serializer.m_7561_(LootPoolEntryContainer.java:74) ~[server-1.20.1-20230612.114412-srg.jar%23510!/:?]
	at net.minecraft.world.level.storage.loot.GsonAdapterFactory$JsonAdapter.deserialize(GsonAdapterFactory.java:102) ~[server-1.20.1-20230612.114412-srg.jar%23510!/:?]
	at com.google.gson.internal.bind.TreeTypeAdapter.read(TreeTypeAdapter.java:76) ~[gson-2.10.jar%2372!/:?]
	at com.google.gson.internal.bind.TypeAdapterRuntimeTypeWrapper.read(TypeAdapterRuntimeTypeWrapper.java:40) ~[gson-2.10.jar%2372!/:?]
	at com.google.gson.internal.bind.ArrayTypeAdapter.read(ArrayTypeAdapter.java:72) ~[gson-2.10.jar%2372!/:?]
	at com.google.gson.Gson.fromJson(Gson.java:1214) ~[gson-2.10.jar%2372!/:?]
	at com.google.gson.Gson.fromJson(Gson.java:1319) ~[gson-2.10.jar%2372!/:?]
	at com.google.gson.Gson.fromJson(Gson.java:1290) ~[gson-2.10.jar%2372!/:?]
	at com.google.gson.internal.bind.TreeTypeAdapter$GsonContextImpl.deserialize(TreeTypeAdapter.java:179) ~[gson-2.10.jar%2372!/:?]
	at net.minecraft.util.GsonHelper.m_13808_(GsonHelper.java:463) ~[server-1.20.1-20230612.114412-srg.jar%23510!/:?]
	at net.minecraft.util.GsonHelper.m_13836_(GsonHelper.java:471) ~[server-1.20.1-20230612.114412-srg.jar%23510!/:?]
	at net.minecraft.world.level.storage.loot.LootPool$Serializer.deserialize(LootPool.java:192) ~[server-1.20.1-20230612.114412-srg.jar%23510!/:?]
	at net.minecraft.world.level.storage.loot.LootPool$Serializer.deserialize(LootPool.java:189) ~[server-1.20.1-20230612.114412-srg.jar%23510!/:?]
	at com.google.gson.internal.bind.TreeTypeAdapter.read(TreeTypeAdapter.java:76) ~[gson-2.10.jar%2372!/:?]
	at com.google.gson.internal.bind.TypeAdapterRuntimeTypeWrapper.read(TypeAdapterRuntimeTypeWrapper.java:40) ~[gson-2.10.jar%2372!/:?]
	at com.google.gson.internal.bind.ArrayTypeAdapter.read(ArrayTypeAdapter.java:72) ~[gson-2.10.jar%2372!/:?]
	at com.google.gson.Gson.fromJson(Gson.java:1214) ~[gson-2.10.jar%2372!/:?]
	at com.google.gson.Gson.fromJson(Gson.java:1319) ~[gson-2.10.jar%2372!/:?]
	at com.google.gson.Gson.fromJson(Gson.java:1290) ~[gson-2.10.jar%2372!/:?]
	at com.google.gson.internal.bind.TreeTypeAdapter$GsonContextImpl.deserialize(TreeTypeAdapter.java:179) ~[gson-2.10.jar%2372!/:?]
	at net.minecraft.util.GsonHelper.m_13808_(GsonHelper.java:463) ~[server-1.20.1-20230612.114412-srg.jar%23510!/:?]
	at net.minecraft.util.GsonHelper.m_13845_(GsonHelper.java:481) ~[server-1.20.1-20230612.114412-srg.jar%23510!/:?]
	at net.minecraft.world.level.storage.loot.LootTable$Serializer.deserialize(LootTable.java:294) ~[server-1.20.1-20230612.114412-srg.jar%23510!/:?]
	at net.minecraft.world.level.storage.loot.LootTable$Serializer.deserialize(LootTable.java:291) ~[server-1.20.1-20230612.114412-srg.jar%23510!/:?]
	at com.google.gson.internal.bind.TreeTypeAdapter.read(TreeTypeAdapter.java:76) ~[gson-2.10.jar%2372!/:?]
	at com.google.gson.Gson.fromJson(Gson.java:1214) ~[gson-2.10.jar%2372!/:?]
	at com.google.gson.Gson.fromJson(Gson.java:1319) ~[gson-2.10.jar%2372!/:?]
	at com.google.gson.Gson.fromJson(Gson.java:1261) ~[gson-2.10.jar%2372!/:?]
	at net.minecraftforge.common.ForgeHooks.loadLootTable(ForgeHooks.java:872) ~[forge-1.20.1-47.4.20-universal.jar%23515!/:?]
	at net.minecraftforge.common.ForgeHooks.lambda$getLootTableDeserializer$3(ForgeHooks.java:849) ~[forge-1.20.1-47.4.20-universal.jar%23515!/:?]
	at net.minecraft.world.level.storage.loot.LootDataType.deserialize(LootDataType.java:45) ~[server-1.20.1-20230612.114412-srg.jar%23510!/:?]
	at net.minecraft.world.level.storage.loot.LootDataManager.lambda$scheduleElementParse$4(LootDataManager.java:56) ~[server-1.20.1-20230612.114412-srg.jar%23510!/:?]
	at java.util.HashMap.forEach(HashMap.java:1421) ~[?:?]
	at net.minecraft.world.level.storage.loot.LootDataManager.m_278660_(LootDataManager.java:55) ~[server-1.20.1-20230612.114412-srg.jar%23510!/:?]
	at java.util.concurrent.CompletableFuture$AsyncRun.run(CompletableFuture.java:1804) ~[?:?]
	at java.util.concurrent.CompletableFuture$AsyncRun.exec(CompletableFuture.java:1796) ~[?:?]
	at java.util.concurrent.ForkJoinTask.doExec(ForkJoinTask.java:373) ~[?:?]
	at java.util.concurrent.ForkJoinPool$WorkQueue.topLevelExec(ForkJoinPool.java:1182) ~[?:?]
	at java.util.concurrent.ForkJoinPool.scan(ForkJoinPool.java:1655) ~[?:?]
	at java.util.concurrent.ForkJoinPool.runWorker(ForkJoinPool.java:1622) ~[?:?]
	at java.util.concurrent.ForkJoinWorkerThread.run(ForkJoinWorkerThread.java:165) ~[?:?]
[10May2026 16:43:41.558] [Worker-Main-5/ERROR] [net.minecraftforge.common.ForgeHooks/]: Couldn't parse element loot_tables:keerdm_zombie_essentials:chests/vics_point_blank_ammochest
com.google.gson.JsonSyntaxException: Expected name to be an item, was unknown string 'pointblank:ammo9mm'
	at net.minecraft.util.GsonHelper.m_13866_(GsonHelper.java:145) ~[server-1.20.1-20230612.114412-srg.jar%23510!/:?]
	at java.util.Optional.orElseThrow(Optional.java:403) ~[?:?]
	at net.minecraft.util.GsonHelper.m_13874_(GsonHelper.java:145) ~[server-1.20.1-20230612.114412-srg.jar%23510!/:?]
	at net.minecraft.util.GsonHelper.m_13909_(GsonHelper.java:153) ~[server-1.20.1-20230612.114412-srg.jar%23510!/:?]
	at net.minecraft.world.level.storage.loot.entries.LootItem$Serializer.m_7267_(LootItem.java:55) ~[server-1.20.1-20230612.114412-srg.jar%23510!/:?]
	at net.minecraft.world.level.storage.loot.entries.LootItem$Serializer.m_7267_(LootItem.java:40) ~[server-1.20.1-20230612.114412-srg.jar%23510!/:?]
	at net.minecraft.world.level.storage.loot.entries.LootPoolSingletonContainer$Serializer.m_5921_(LootPoolSingletonContainer.java:151) ~[server-1.20.1-20230612.114412-srg.jar%23510!/:?]
	at net.minecraft.world.level.storage.loot.entries.LootPoolSingletonContainer$Serializer.m_5921_(LootPoolSingletonContainer.java:129) ~[server-1.20.1-20230612.114412-srg.jar%23510!/:?]
	at net.minecraft.world.level.storage.loot.entries.LootPoolEntryContainer$Serializer.m_7561_(LootPoolEntryContainer.java:86) ~[server-1.20.1-20230612.114412-srg.jar%23510!/:?]
	at net.minecraft.world.level.storage.loot.entries.LootPoolEntryContainer$Serializer.m_7561_(LootPoolEntryContainer.java:74) ~[server-1.20.1-20230612.114412-srg.jar%23510!/:?]
	at net.minecraft.world.level.storage.loot.GsonAdapterFactory$JsonAdapter.deserialize(GsonAdapterFactory.java:102) ~[server-1.20.1-20230612.114412-srg.jar%23510!/:?]
	at com.google.gson.internal.bind.TreeTypeAdapter.read(TreeTypeAdapter.java:76) ~[gson-2.10.jar%2372!/:?]
	at com.google.gson.internal.bind.TypeAdapterRuntimeTypeWrapper.read(TypeAdapterRuntimeTypeWrapper.java:40) ~[gson-2.10.jar%2372!/:?]
	at com.google.gson.internal.bind.ArrayTypeAdapter.read(ArrayTypeAdapter.java:72) ~[gson-2.10.jar%2372!/:?]
	at com.google.gson.Gson.fromJson(Gson.java:1214) ~[gson-2.10.jar%2372!/:?]
	at com.google.gson.Gson.fromJson(Gson.java:1319) ~[gson-2.10.jar%2372!/:?]
	at com.google.gson.Gson.fromJson(Gson.java:1290) ~[gson-2.10.jar%2372!/:?]
	at com.google.gson.internal.bind.TreeTypeAdapter$GsonContextImpl.deserialize(TreeTypeAdapter.java:179) ~[gson-2.10.jar%2372!/:?]
	at net.minecraft.util.GsonHelper.m_13808_(GsonHelper.java:463) ~[server-1.20.1-20230612.114412-srg.jar%23510!/:?]
	at net.minecraft.util.GsonHelper.m_13836_(GsonHelper.java:471) ~[server-1.20.1-20230612.114412-srg.jar%23510!/:?]
	at net.minecraft.world.level.storage.loot.LootPool$Serializer.deserialize(LootPool.java:192) ~[server-1.20.1-20230612.114412-srg.jar%23510!/:?]
	at net.minecraft.world.level.storage.loot.LootPool$Serializer.deserialize(LootPool.java:189) ~[server-1.20.1-20230612.114412-srg.jar%23510!/:?]
	at com.google.gson.internal.bind.TreeTypeAdapter.read(TreeTypeAdapter.java:76) ~[gson-2.10.jar%2372!/:?]
	at com.google.gson.internal.bind.TypeAdapterRuntimeTypeWrapper.read(TypeAdapterRuntimeTypeWrapper.java:40) ~[gson-2.10.jar%2372!/:?]
	at com.google.gson.internal.bind.ArrayTypeAdapter.read(ArrayTypeAdapter.java:72) ~[gson-2.10.jar%2372!/:?]
	at com.google.gson.Gson.fromJson(Gson.java:1214) ~[gson-2.10.jar%2372!/:?]
	at com.google.gson.Gson.fromJson(Gson.java:1319) ~[gson-2.10.jar%2372!/:?]
	at com.google.gson.Gson.fromJson(Gson.java:1290) ~[gson-2.10.jar%2372!/:?]
	at com.google.gson.internal.bind.TreeTypeAdapter$GsonContextImpl.deserialize(TreeTypeAdapter.java:179) ~[gson-2.10.jar%2372!/:?]
	at net.minecraft.util.GsonHelper.m_13808_(GsonHelper.java:463) ~[server-1.20.1-20230612.114412-srg.jar%23510!/:?]
	at net.minecraft.util.GsonHelper.m_13845_(GsonHelper.java:481) ~[server-1.20.1-20230612.114412-srg.jar%23510!/:?]
	at net.minecraft.world.level.storage.loot.LootTable$Serializer.deserialize(LootTable.java:294) ~[server-1.20.1-20230612.114412-srg.jar%23510!/:?]
	at net.minecraft.world.level.storage.loot.LootTable$Serializer.deserialize(LootTable.java:291) ~[server-1.20.1-20230612.114412-srg.jar%23510!/:?]
	at com.google.gson.internal.bind.TreeTypeAdapter.read(TreeTypeAdapter.java:76) ~[gson-2.10.jar%2372!/:?]
	at com.google.gson.Gson.fromJson(Gson.java:1214) ~[gson-2.10.jar%2372!/:?]
	at com.google.gson.Gson.fromJson(Gson.java:1319) ~[gson-2.10.jar%2372!/:?]
	at com.google.gson.Gson.fromJson(Gson.java:1261) ~[gson-2.10.jar%2372!/:?]
	at net.minecraftforge.common.ForgeHooks.loadLootTable(ForgeHooks.java:872) ~[forge-1.20.1-47.4.20-universal.jar%23515!/:?]
	at net.minecraftforge.common.ForgeHooks.lambda$getLootTableDeserializer$3(ForgeHooks.java:849) ~[forge-1.20.1-47.4.20-universal.jar%23515!/:?]
	at net.minecraft.world.level.storage.loot.LootDataType.deserialize(LootDataType.java:45) ~[server-1.20.1-20230612.114412-srg.jar%23510!/:?]
	at net.minecraft.world.level.storage.loot.LootDataManager.lambda$scheduleElementParse$4(LootDataManager.java:56) ~[server-1.20.1-20230612.114412-srg.jar%23510!/:?]
	at java.util.HashMap.forEach(HashMap.java:1421) ~[?:?]
	at net.minecraft.world.level.storage.loot.LootDataManager.m_278660_(LootDataManager.java:55) ~[server-1.20.1-20230612.114412-srg.jar%23510!/:?]
	at java.util.concurrent.CompletableFuture$AsyncRun.run(CompletableFuture.java:1804) ~[?:?]
	at java.util.concurrent.CompletableFuture$AsyncRun.exec(CompletableFuture.java:1796) ~[?:?]
	at java.util.concurrent.ForkJoinTask.doExec(ForkJoinTask.java:373) ~[?:?]
	at java.util.concurrent.ForkJoinPool$WorkQueue.topLevelExec(ForkJoinPool.java:1182) ~[?:?]
	at java.util.concurrent.ForkJoinPool.scan(ForkJoinPool.java:1655) ~[?:?]
	at java.util.concurrent.ForkJoinPool.runWorker(ForkJoinPool.java:1622) ~[?:?]
	at java.util.concurrent.ForkJoinWorkerThread.run(ForkJoinWorkerThread.java:165) ~[?:?]
[10May2026 16:43:41.578] [Worker-Main-5/ERROR] [net.minecraftforge.common.ForgeHooks/]: Couldn't parse element loot_tables:keerdm_zombie_essentials:chests/apartment_bathroom_vics
com.google.gson.JsonSyntaxException: Expected name to be an item, was unknown string 'pointblank:glock17'
	at net.minecraft.util.GsonHelper.m_13866_(GsonHelper.java:145) ~[server-1.20.1-20230612.114412-srg.jar%23510!/:?]
	at java.util.Optional.orElseThrow(Optional.java:403) ~[?:?]
	at net.minecraft.util.GsonHelper.m_13874_(GsonHelper.java:145) ~[server-1.20.1-20230612.114412-srg.jar%23510!/:?]
	at net.minecraft.util.GsonHelper.m_13909_(GsonHelper.java:153) ~[server-1.20.1-20230612.114412-srg.jar%23510!/:?]
	at net.minecraft.world.level.storage.loot.entries.LootItem$Serializer.m_7267_(LootItem.java:55) ~[server-1.20.1-20230612.114412-srg.jar%23510!/:?]
	at net.minecraft.world.level.storage.loot.entries.LootItem$Serializer.m_7267_(LootItem.java:40) ~[server-1.20.1-20230612.114412-srg.jar%23510!/:?]
	at net.minecraft.world.level.storage.loot.entries.LootPoolSingletonContainer$Serializer.m_5921_(LootPoolSingletonContainer.java:151) ~[server-1.20.1-20230612.114412-srg.jar%23510!/:?]
	at net.minecraft.world.level.storage.loot.entries.LootPoolSingletonContainer$Serializer.m_5921_(LootPoolSingletonContainer.java:129) ~[server-1.20.1-20230612.114412-srg.jar%23510!/:?]
	at net.minecraft.world.level.storage.loot.entries.LootPoolEntryContainer$Serializer.m_7561_(LootPoolEntryContainer.java:86) ~[server-1.20.1-20230612.114412-srg.jar%23510!/:?]
	at net.minecraft.world.level.storage.loot.entries.LootPoolEntryContainer$Serializer.m_7561_(LootPoolEntryContainer.java:74) ~[server-1.20.1-20230612.114412-srg.jar%23510!/:?]
	at net.minecraft.world.level.storage.loot.GsonAdapterFactory$JsonAdapter.deserialize(GsonAdapterFactory.java:102) ~[server-1.20.1-20230612.114412-srg.jar%23510!/:?]
	at com.google.gson.internal.bind.TreeTypeAdapter.read(TreeTypeAdapter.java:76) ~[gson-2.10.jar%2372!/:?]
	at com.google.gson.internal.bind.TypeAdapterRuntimeTypeWrapper.read(TypeAdapterRuntimeTypeWrapper.java:40) ~[gson-2.10.jar%2372!/:?]
	at com.google.gson.internal.bind.ArrayTypeAdapter.read(ArrayTypeAdapter.java:72) ~[gson-2.10.jar%2372!/:?]
	at com.google.gson.Gson.fromJson(Gson.java:1214) ~[gson-2.10.jar%2372!/:?]
	at com.google.gson.Gson.fromJson(Gson.java:1319) ~[gson-2.10.jar%2372!/:?]
	at com.google.gson.Gson.fromJson(Gson.java:1290) ~[gson-2.10.jar%2372!/:?]
	at com.google.gson.internal.bind.TreeTypeAdapter$GsonContextImpl.deserialize(TreeTypeAdapter.java:179) ~[gson-2.10.jar%2372!/:?]
	at net.minecraft.util.GsonHelper.m_13808_(GsonHelper.java:463) ~[server-1.20.1-20230612.114412-srg.jar%23510!/:?]
	at net.minecraft.util.GsonHelper.m_13836_(GsonHelper.java:471) ~[server-1.20.1-20230612.114412-srg.jar%23510!/:?]
	at net.minecraft.world.level.storage.loot.LootPool$Serializer.deserialize(LootPool.java:192) ~[server-1.20.1-20230612.114412-srg.jar%23510!/:?]
	at net.minecraft.world.level.storage.loot.LootPool$Serializer.deserialize(LootPool.java:189) ~[server-1.20.1-20230612.114412-srg.jar%23510!/:?]
	at com.google.gson.internal.bind.TreeTypeAdapter.read(TreeTypeAdapter.java:76) ~[gson-2.10.jar%2372!/:?]
	at com.google.gson.internal.bind.TypeAdapterRuntimeTypeWrapper.read(TypeAdapterRuntimeTypeWrapper.java:40) ~[gson-2.10.jar%2372!/:?]
	at com.google.gson.internal.bind.ArrayTypeAdapter.read(ArrayTypeAdapter.java:72) ~[gson-2.10.jar%2372!/:?]
	at com.google.gson.Gson.fromJson(Gson.java:1214) ~[gson-2.10.jar%2372!/:?]
	at com.google.gson.Gson.fromJson(Gson.java:1319) ~[gson-2.10.jar%2372!/:?]
	at com.google.gson.Gson.fromJson(Gson.java:1290) ~[gson-2.10.jar%2372!/:?]
	at com.google.gson.internal.bind.TreeTypeAdapter$GsonContextImpl.deserialize(TreeTypeAdapter.java:179) ~[gson-2.10.jar%2372!/:?]
	at net.minecraft.util.GsonHelper.m_13808_(GsonHelper.java:463) ~[server-1.20.1-20230612.114412-srg.jar%23510!/:?]
	at net.minecraft.util.GsonHelper.m_13845_(GsonHelper.java:481) ~[server-1.20.1-20230612.114412-srg.jar%23510!/:?]
	at net.minecraft.world.level.storage.loot.LootTable$Serializer.deserialize(LootTable.java:294) ~[server-1.20.1-20230612.114412-srg.jar%23510!/:?]
	at net.minecraft.world.level.storage.loot.LootTable$Serializer.deserialize(LootTable.java:291) ~[server-1.20.1-20230612.114412-srg.jar%23510!/:?]
	at com.google.gson.internal.bind.TreeTypeAdapter.read(TreeTypeAdapter.java:76) ~[gson-2.10.jar%2372!/:?]
	at com.google.gson.Gson.fromJson(Gson.java:1214) ~[gson-2.10.jar%2372!/:?]
	at com.google.gson.Gson.fromJson(Gson.java:1319) ~[gson-2.10.jar%2372!/:?]
	at com.google.gson.Gson.fromJson(Gson.java:1261) ~[gson-2.10.jar%2372!/:?]
	at net.minecraftforge.common.ForgeHooks.loadLootTable(ForgeHooks.java:872) ~[forge-1.20.1-47.4.20-universal.jar%23515!/:?]
	at net.minecraftforge.common.ForgeHooks.lambda$getLootTableDeserializer$3(ForgeHooks.java:849) ~[forge-1.20.1-47.4.20-universal.jar%23515!/:?]
	at net.minecraft.world.level.storage.loot.LootDataType.deserialize(LootDataType.java:45) ~[server-1.20.1-20230612.114412-srg.jar%23510!/:?]
	at net.minecraft.world.level.storage.loot.LootDataManager.lambda$scheduleElementParse$4(LootDataManager.java:56) ~[server-1.20.1-20230612.114412-srg.jar%23510!/:?]
	at java.util.HashMap.forEach(HashMap.java:1421) ~[?:?]
	at net.minecraft.world.level.storage.loot.LootDataManager.m_278660_(LootDataManager.java:55) ~[server-1.20.1-20230612.114412-srg.jar%23510!/:?]
	at java.util.concurrent.CompletableFuture$AsyncRun.run(CompletableFuture.java:1804) ~[?:?]
	at java.util.concurrent.CompletableFuture$AsyncRun.exec(CompletableFuture.java:1796) ~[?:?]
	at java.util.concurrent.ForkJoinTask.doExec(ForkJoinTask.java:373) ~[?:?]
	at java.util.concurrent.ForkJoinPool$WorkQueue.topLevelExec(ForkJoinPool.java:1182) ~[?:?]
	at java.util.concurrent.ForkJoinPool.scan(ForkJoinPool.java:1655) ~[?:?]
	at java.util.concurrent.ForkJoinPool.runWorker(ForkJoinPool.java:1622) ~[?:?]
	at java.util.concurrent.ForkJoinWorkerThread.run(ForkJoinWorkerThread.java:165) ~[?:?]
[10May2026 16:43:41.614] [Worker-Main-5/ERROR] [net.minecraftforge.common.ForgeHooks/]: Couldn't parse element loot_tables:keerdm_zombie_essentials:chests/vics_point_blank_gunchest
com.google.gson.JsonSyntaxException: Expected name to be an item, was unknown string 'pointblank:glock17'
	at net.minecraft.util.GsonHelper.m_13866_(GsonHelper.java:145) ~[server-1.20.1-20230612.114412-srg.jar%23510!/:?]
	at java.util.Optional.orElseThrow(Optional.java:403) ~[?:?]
	at net.minecraft.util.GsonHelper.m_13874_(GsonHelper.java:145) ~[server-1.20.1-20230612.114412-srg.jar%23510!/:?]
	at net.minecraft.util.GsonHelper.m_13909_(GsonHelper.java:153) ~[server-1.20.1-20230612.114412-srg.jar%23510!/:?]
	at net.minecraft.world.level.storage.loot.entries.LootItem$Serializer.m_7267_(LootItem.java:55) ~[server-1.20.1-20230612.114412-srg.jar%23510!/:?]
	at net.minecraft.world.level.storage.loot.entries.LootItem$Serializer.m_7267_(LootItem.java:40) ~[server-1.20.1-20230612.114412-srg.jar%23510!/:?]
	at net.minecraft.world.level.storage.loot.entries.LootPoolSingletonContainer$Serializer.m_5921_(LootPoolSingletonContainer.java:151) ~[server-1.20.1-20230612.114412-srg.jar%23510!/:?]
	at net.minecraft.world.level.storage.loot.entries.LootPoolSingletonContainer$Serializer.m_5921_(LootPoolSingletonContainer.java:129) ~[server-1.20.1-20230612.114412-srg.jar%23510!/:?]
	at net.minecraft.world.level.storage.loot.entries.LootPoolEntryContainer$Serializer.m_7561_(LootPoolEntryContainer.java:86) ~[server-1.20.1-20230612.114412-srg.jar%23510!/:?]
	at net.minecraft.world.level.storage.loot.entries.LootPoolEntryContainer$Serializer.m_7561_(LootPoolEntryContainer.java:74) ~[server-1.20.1-20230612.114412-srg.jar%23510!/:?]
	at net.minecraft.world.level.storage.loot.GsonAdapterFactory$JsonAdapter.deserialize(GsonAdapterFactory.java:102) ~[server-1.20.1-20230612.114412-srg.jar%23510!/:?]
	at com.google.gson.internal.bind.TreeTypeAdapter.read(TreeTypeAdapter.java:76) ~[gson-2.10.jar%2372!/:?]
	at com.google.gson.internal.bind.TypeAdapterRuntimeTypeWrapper.read(TypeAdapterRuntimeTypeWrapper.java:40) ~[gson-2.10.jar%2372!/:?]
	at com.google.gson.internal.bind.ArrayTypeAdapter.read(ArrayTypeAdapter.java:72) ~[gson-2.10.jar%2372!/:?]
	at com.google.gson.Gson.fromJson(Gson.java:1214) ~[gson-2.10.jar%2372!/:?]
	at com.google.gson.Gson.fromJson(Gson.java:1319) ~[gson-2.10.jar%2372!/:?]
	at com.google.gson.Gson.fromJson(Gson.java:1290) ~[gson-2.10.jar%2372!/:?]
	at com.google.gson.internal.bind.TreeTypeAdapter$GsonContextImpl.deserialize(TreeTypeAdapter.java:179) ~[gson-2.10.jar%2372!/:?]
	at net.minecraft.util.GsonHelper.m_13808_(GsonHelper.java:463) ~[server-1.20.1-20230612.114412-srg.jar%23510!/:?]
	at net.minecraft.util.GsonHelper.m_13836_(GsonHelper.java:471) ~[server-1.20.1-20230612.114412-srg.jar%23510!/:?]
	at net.minecraft.world.level.storage.loot.LootPool$Serializer.deserialize(LootPool.java:192) ~[server-1.20.1-20230612.114412-srg.jar%23510!/:?]
	at net.minecraft.world.level.storage.loot.LootPool$Serializer.deserialize(LootPool.java:189) ~[server-1.20.1-20230612.114412-srg.jar%23510!/:?]
	at com.google.gson.internal.bind.TreeTypeAdapter.read(TreeTypeAdapter.java:76) ~[gson-2.10.jar%2372!/:?]
	at com.google.gson.internal.bind.TypeAdapterRuntimeTypeWrapper.read(TypeAdapterRuntimeTypeWrapper.java:40) ~[gson-2.10.jar%2372!/:?]
	at com.google.gson.internal.bind.ArrayTypeAdapter.read(ArrayTypeAdapter.java:72) ~[gson-2.10.jar%2372!/:?]
	at com.google.gson.Gson.fromJson(Gson.java:1214) ~[gson-2.10.jar%2372!/:?]
	at com.google.gson.Gson.fromJson(Gson.java:1319) ~[gson-2.10.jar%2372!/:?]
	at com.google.gson.Gson.fromJson(Gson.java:1290) ~[gson-2.10.jar%2372!/:?]
	at com.google.gson.internal.bind.TreeTypeAdapter$GsonContextImpl.deserialize(TreeTypeAdapter.java:179) ~[gson-2.10.jar%2372!/:?]
	at net.minecraft.util.GsonHelper.m_13808_(GsonHelper.java:463) ~[server-1.20.1-20230612.114412-srg.jar%23510!/:?]
	at net.minecraft.util.GsonHelper.m_13845_(GsonHelper.java:481) ~[server-1.20.1-20230612.114412-srg.jar%23510!/:?]
	at net.minecraft.world.level.storage.loot.LootTable$Serializer.deserialize(LootTable.java:294) ~[server-1.20.1-20230612.114412-srg.jar%23510!/:?]
	at net.minecraft.world.level.storage.loot.LootTable$Serializer.deserialize(LootTable.java:291) ~[server-1.20.1-20230612.114412-srg.jar%23510!/:?]
	at com.google.gson.internal.bind.TreeTypeAdapter.read(TreeTypeAdapter.java:76) ~[gson-2.10.jar%2372!/:?]
	at com.google.gson.Gson.fromJson(Gson.java:1214) ~[gson-2.10.jar%2372!/:?]
	at com.google.gson.Gson.fromJson(Gson.java:1319) ~[gson-2.10.jar%2372!/:?]
	at com.google.gson.Gson.fromJson(Gson.java:1261) ~[gson-2.10.jar%2372!/:?]
	at net.minecraftforge.common.ForgeHooks.loadLootTable(ForgeHooks.java:872) ~[forge-1.20.1-47.4.20-universal.jar%23515!/:?]
	at net.minecraftforge.common.ForgeHooks.lambda$getLootTableDeserializer$3(ForgeHooks.java:849) ~[forge-1.20.1-47.4.20-universal.jar%23515!/:?]
	at net.minecraft.world.level.storage.loot.LootDataType.deserialize(LootDataType.java:45) ~[server-1.20.1-20230612.114412-srg.jar%23510!/:?]
	at net.minecraft.world.level.storage.loot.LootDataManager.lambda$scheduleElementParse$4(LootDataManager.java:56) ~[server-1.20.1-20230612.114412-srg.jar%23510!/:?]
	at java.util.HashMap.forEach(HashMap.java:1421) ~[?:?]
	at net.minecraft.world.level.storage.loot.LootDataManager.m_278660_(LootDataManager.java:55) ~[server-1.20.1-20230612.114412-srg.jar%23510!/:?]
	at java.util.concurrent.CompletableFuture$AsyncRun.run(CompletableFuture.java:1804) ~[?:?]
	at java.util.concurrent.CompletableFuture$AsyncRun.exec(CompletableFuture.java:1796) ~[?:?]
	at java.util.concurrent.ForkJoinTask.doExec(ForkJoinTask.java:373) ~[?:?]
	at java.util.concurrent.ForkJoinPool$WorkQueue.topLevelExec(ForkJoinPool.java:1182) ~[?:?]
	at java.util.concurrent.ForkJoinPool.scan(ForkJoinPool.java:1655) ~[?:?]
	at java.util.concurrent.ForkJoinPool.runWorker(ForkJoinPool.java:1622) ~[?:?]
	at java.util.concurrent.ForkJoinWorkerThread.run(ForkJoinWorkerThread.java:165) ~[?:?]
[10May2026 16:43:41.621] [Worker-Main-5/ERROR] [net.minecraftforge.common.ForgeHooks/]: Couldn't parse element loot_tables:keerdm_zombie_essentials:chests/abandoned_car_emergency_vics
com.google.gson.JsonSyntaxException: Expected name to be an item, was unknown string 'pointblank:glock17'
	at net.minecraft.util.GsonHelper.m_13866_(GsonHelper.java:145) ~[server-1.20.1-20230612.114412-srg.jar%23510!/:?]
	at java.util.Optional.orElseThrow(Optional.java:403) ~[?:?]
	at net.minecraft.util.GsonHelper.m_13874_(GsonHelper.java:145) ~[server-1.20.1-20230612.114412-srg.jar%23510!/:?]
	at net.minecraft.util.GsonHelper.m_13909_(GsonHelper.java:153) ~[server-1.20.1-20230612.114412-srg.jar%23510!/:?]
	at net.minecraft.world.level.storage.loot.entries.LootItem$Serializer.m_7267_(LootItem.java:55) ~[server-1.20.1-20230612.114412-srg.jar%23510!/:?]
	at net.minecraft.world.level.storage.loot.entries.LootItem$Serializer.m_7267_(LootItem.java:40) ~[server-1.20.1-20230612.114412-srg.jar%23510!/:?]
	at net.minecraft.world.level.storage.loot.entries.LootPoolSingletonContainer$Serializer.m_5921_(LootPoolSingletonContainer.java:151) ~[server-1.20.1-20230612.114412-srg.jar%23510!/:?]
	at net.minecraft.world.level.storage.loot.entries.LootPoolSingletonContainer$Serializer.m_5921_(LootPoolSingletonContainer.java:129) ~[server-1.20.1-20230612.114412-srg.jar%23510!/:?]
	at net.minecraft.world.level.storage.loot.entries.LootPoolEntryContainer$Serializer.m_7561_(LootPoolEntryContainer.java:86) ~[server-1.20.1-20230612.114412-srg.jar%23510!/:?]
	at net.minecraft.world.level.storage.loot.entries.LootPoolEntryContainer$Serializer.m_7561_(LootPoolEntryContainer.java:74) ~[server-1.20.1-20230612.114412-srg.jar%23510!/:?]
	at net.minecraft.world.level.storage.loot.GsonAdapterFactory$JsonAdapter.deserialize(GsonAdapterFactory.java:102) ~[server-1.20.1-20230612.114412-srg.jar%23510!/:?]
	at com.google.gson.internal.bind.TreeTypeAdapter.read(TreeTypeAdapter.java:76) ~[gson-2.10.jar%2372!/:?]
	at com.google.gson.internal.bind.TypeAdapterRuntimeTypeWrapper.read(TypeAdapterRuntimeTypeWrapper.java:40) ~[gson-2.10.jar%2372!/:?]
	at com.google.gson.internal.bind.ArrayTypeAdapter.read(ArrayTypeAdapter.java:72) ~[gson-2.10.jar%2372!/:?]
	at com.google.gson.Gson.fromJson(Gson.java:1214) ~[gson-2.10.jar%2372!/:?]
	at com.google.gson.Gson.fromJson(Gson.java:1319) ~[gson-2.10.jar%2372!/:?]
	at com.google.gson.Gson.fromJson(Gson.java:1290) ~[gson-2.10.jar%2372!/:?]
	at com.google.gson.internal.bind.TreeTypeAdapter$GsonContextImpl.deserialize(TreeTypeAdapter.java:179) ~[gson-2.10.jar%2372!/:?]
	at net.minecraft.util.GsonHelper.m_13808_(GsonHelper.java:463) ~[server-1.20.1-20230612.114412-srg.jar%23510!/:?]
	at net.minecraft.util.GsonHelper.m_13836_(GsonHelper.java:471) ~[server-1.20.1-20230612.114412-srg.jar%23510!/:?]
	at net.minecraft.world.level.storage.loot.LootPool$Serializer.deserialize(LootPool.java:192) ~[server-1.20.1-20230612.114412-srg.jar%23510!/:?]
	at net.minecraft.world.level.storage.loot.LootPool$Serializer.deserialize(LootPool.java:189) ~[server-1.20.1-20230612.114412-srg.jar%23510!/:?]
	at com.google.gson.internal.bind.TreeTypeAdapter.read(TreeTypeAdapter.java:76) ~[gson-2.10.jar%2372!/:?]
	at com.google.gson.internal.bind.TypeAdapterRuntimeTypeWrapper.read(TypeAdapterRuntimeTypeWrapper.java:40) ~[gson-2.10.jar%2372!/:?]
	at com.google.gson.internal.bind.ArrayTypeAdapter.read(ArrayTypeAdapter.java:72) ~[gson-2.10.jar%2372!/:?]
	at com.google.gson.Gson.fromJson(Gson.java:1214) ~[gson-2.10.jar%2372!/:?]
	at com.google.gson.Gson.fromJson(Gson.java:1319) ~[gson-2.10.jar%2372!/:?]
	at com.google.gson.Gson.fromJson(Gson.java:1290) ~[gson-2.10.jar%2372!/:?]
	at com.google.gson.internal.bind.TreeTypeAdapter$GsonContextImpl.deserialize(TreeTypeAdapter.java:179) ~[gson-2.10.jar%2372!/:?]
	at net.minecraft.util.GsonHelper.m_13808_(GsonHelper.java:463) ~[server-1.20.1-20230612.114412-srg.jar%23510!/:?]
	at net.minecraft.util.GsonHelper.m_13845_(GsonHelper.java:481) ~[server-1.20.1-20230612.114412-srg.jar%23510!/:?]
	at net.minecraft.world.level.storage.loot.LootTable$Serializer.deserialize(LootTable.java:294) ~[server-1.20.1-20230612.114412-srg.jar%23510!/:?]
	at net.minecraft.world.level.storage.loot.LootTable$Serializer.deserialize(LootTable.java:291) ~[server-1.20.1-20230612.114412-srg.jar%23510!/:?]
	at com.google.gson.internal.bind.TreeTypeAdapter.read(TreeTypeAdapter.java:76) ~[gson-2.10.jar%2372!/:?]
	at com.google.gson.Gson.fromJson(Gson.java:1214) ~[gson-2.10.jar%2372!/:?]
	at com.google.gson.Gson.fromJson(Gson.java:1319) ~[gson-2.10.jar%2372!/:?]
	at com.google.gson.Gson.fromJson(Gson.java:1261) ~[gson-2.10.jar%2372!/:?]
	at net.minecraftforge.common.ForgeHooks.loadLootTable(ForgeHooks.java:872) ~[forge-1.20.1-47.4.20-universal.jar%23515!/:?]
	at net.minecraftforge.common.ForgeHooks.lambda$getLootTableDeserializer$3(ForgeHooks.java:849) ~[forge-1.20.1-47.4.20-universal.jar%23515!/:?]
	at net.minecraft.world.level.storage.loot.LootDataType.deserialize(LootDataType.java:45) ~[server-1.20.1-20230612.114412-srg.jar%23510!/:?]
	at net.minecraft.world.level.storage.loot.LootDataManager.lambda$scheduleElementParse$4(LootDataManager.java:56) ~[server-1.20.1-20230612.114412-srg.jar%23510!/:?]
	at java.util.HashMap.forEach(HashMap.java:1421) ~[?:?]
	at net.minecraft.world.level.storage.loot.LootDataManager.m_278660_(LootDataManager.java:55) ~[server-1.20.1-20230612.114412-srg.jar%23510!/:?]
	at java.util.concurrent.CompletableFuture$AsyncRun.run(CompletableFuture.java:1804) ~[?:?]
	at java.util.concurrent.CompletableFuture$AsyncRun.exec(CompletableFuture.java:1796) ~[?:?]
	at java.util.concurrent.ForkJoinTask.doExec(ForkJoinTask.java:373) ~[?:?]
	at java.util.concurrent.ForkJoinPool$WorkQueue.topLevelExec(ForkJoinPool.java:1182) ~[?:?]
	at java.util.concurrent.ForkJoinPool.scan(ForkJoinPool.java:1655) ~[?:?]
	at java.util.concurrent.ForkJoinPool.runWorker(ForkJoinPool.java:1622) ~[?:?]
	at java.util.concurrent.ForkJoinWorkerThread.run(ForkJoinWorkerThread.java:165) ~[?:?]
[10May2026 16:43:41.919] [main/WARN] [net.minecraft.world.level.storage.loot.LootDataManager/]: Found loot table element validation problem in {loot_tables:jeffs_cursed_walking_structures:chests/gun_2}.pools[0].entries[3].functions[0]: Parameters [<parameter minecraft:origin>] are not provided in this context
[10May2026 16:43:41.919] [main/WARN] [net.minecraft.world.level.storage.loot.LootDataManager/]: Found loot table element validation problem in {loot_tables:minecraft:entities/zombie}.pools[1].entries[4].functions[1]: Parameters [<parameter minecraft:tool>] are not provided in this context
[10May2026 16:43:41.919] [main/WARN] [net.minecraft.world.level.storage.loot.LootDataManager/]: Found loot table element validation problem in {loot_tables:minecraft:entities/zombie}.pools[1].entries[2].functions[1]: Parameters [<parameter minecraft:tool>] are not provided in this context
[10May2026 16:43:41.919] [main/WARN] [net.minecraft.world.level.storage.loot.LootDataManager/]: Found loot table element validation problem in {loot_tables:minecraft:entities/zombie}.pools[1].entries[3].functions[1]: Parameters [<parameter minecraft:tool>] are not provided in this context
[10May2026 16:43:41.919] [main/WARN] [net.minecraft.world.level.storage.loot.LootDataManager/]: Found loot table element validation problem in {loot_tables:minecraft:entities/zombie}.pools[1].entries[6].functions[1]: Parameters [<parameter minecraft:tool>] are not provided in this context
[10May2026 16:43:41.919] [main/WARN] [net.minecraft.world.level.storage.loot.LootDataManager/]: Found loot table element validation problem in {loot_tables:jeffs_cursed_walking_structures:chests/resource_chest}.pools[1].entries[0].functions[0]: Parameters [<parameter minecraft:origin>] are not provided in this context
[10May2026 16:43:41.919] [main/WARN] [net.minecraft.world.level.storage.loot.LootDataManager/]: Found loot table element validation problem in {loot_tables:minecraft:entities/zombie}.pools[1].entries[1].functions[1]: Parameters [<parameter minecraft:tool>] are not provided in this context
[10May2026 16:43:41.919] [main/WARN] [net.minecraft.world.level.storage.loot.LootDataManager/]: Found loot table element validation problem in {loot_tables:minecraft:entities/zombie}.pools[1].entries[0].functions[1]: Parameters [<parameter minecraft:tool>] are not provided in this context
[10May2026 16:43:41.919] [main/WARN] [net.minecraft.world.level.storage.loot.LootDataManager/]: Found loot table element validation problem in {loot_tables:minecraft:entities/zombie}.pools[1].entries[5].functions[1]: Parameters [<parameter minecraft:tool>] are not provided in this context
[10May2026 16:43:41.919] [main/WARN] [net.minecraft.world.level.storage.loot.LootDataManager/]: Found loot table element validation problem in {loot_tables:minecraft:entities/zombie}.pools[0].entries[0].functions[1]: Parameters [<parameter minecraft:tool>] are not provided in this context
[10May2026 16:43:41.919] [main/WARN] [net.minecraft.world.level.storage.loot.LootDataManager/]: Found loot table element validation problem in {loot_tables:minecraft:entities/zombie}.pools[1].entries[7].functions[1]: Parameters [<parameter minecraft:tool>] are not provided in this context
[10May2026 16:43:42.448] [main/INFO] [KubeJS Server/]: Processing recipes...
[10May2026 16:43:42.514] [main/WARN] [KubeJS Server/]: Failed to parse recipe 'the_deep_void:lavendite_golden_sword[minecraft:smithing_transform]'! Falling back to vanilla: Ingredient 'template' can't be empty!
[10May2026 16:43:42.531] [main/WARN] [KubeJS Server/]: Failed to parse recipe 'the_deep_void:lavendite_wooden_sword[minecraft:smithing_transform]'! Falling back to vanilla: Ingredient 'template' can't be empty!
[10May2026 16:43:42.557] [main/WARN] [KubeJS Server/]: Failed to parse recipe 'the_deep_void:lavendite_stone_sword[minecraft:smithing_transform]'! Falling back to vanilla: Ingredient 'template' can't be empty!
[10May2026 16:43:42.562] [main/WARN] [KubeJS Server/]: Failed to parse recipe 'the_deep_void:lavendite_diamond_sword[minecraft:smithing_transform]'! Falling back to vanilla: Ingredient 'template' can't be empty!
[10May2026 16:43:42.585] [main/WARN] [KubeJS Server/]: Failed to parse recipe 'the_deep_void:lavendite_iron_sword[minecraft:smithing_transform]'! Falling back to vanilla: Ingredient 'template' can't be empty!
[10May2026 16:43:42.594] [main/WARN] [KubeJS Server/]: Failed to parse recipe 'the_deep_void:void_vision_spyglass[minecraft:smithing_transform]'! Falling back to vanilla: Ingredient 'template' can't be empty!
[10May2026 16:43:42.605] [main/WARN] [KubeJS Server/]: Failed to parse recipe 'the_deep_void:lavendite_onyx_sword[minecraft:smithing_transform]'! Falling back to vanilla: Ingredient 'template' can't be empty!
[10May2026 16:43:42.608] [main/WARN] [KubeJS Server/]: Failed to parse recipe 'the_deep_void:lavendite_netherite_sword[minecraft:smithing_transform]'! Falling back to vanilla: Ingredient 'template' can't be empty!
[10May2026 16:43:42.627] [main/WARN] [KubeJS Server/]: Failed to parse recipe 'the_deep_void:lavendite_shield[minecraft:smithing_transform]'! Falling back to vanilla: Ingredient 'template' can't be empty!
[10May2026 16:43:42.637] [main/WARN] [KubeJS Server/]: Failed to parse recipe 'sfms:gun/har50[tacz:gun_smith_table_crafting]'! Falling back to vanilla: Unknown item 'the_deeper_void:netherite_rhenium_ingot'
[10May2026 16:43:42.644] [main/WARN] [KubeJS Server/]: Failed to parse recipe 'the_deep_void:lavendite_bone_sword[minecraft:smithing_transform]'! Falling back to vanilla: Ingredient 'template' can't be empty!
[10May2026 16:43:42.645] [main/WARN] [KubeJS Server/]: Failed to parse recipe 'the_deep_void:rotten_golden_sword[minecraft:smithing_transform]'! Falling back to vanilla: Ingredient 'template' can't be empty!
[10May2026 16:43:42.651] [main/WARN] [KubeJS Server/]: Failed to parse recipe 'tacz:gun_smith_table[minecraft:crafting_shaped]'! Falling back to vanilla: Failed to parse custom ingredient ("custom") from {"type":"custom","group":"tacz:misc","item":{"item":"minecraft:painting","nbt":{"display":{"Name":"{\"translate\":\"\"}"},"EntityTag":{"variant":"tacz:blood_strike_1"}},"count":1}}: com.google.gson.JsonSyntaxException: Unknown ingredient type: custom
[10May2026 16:43:42.661] [main/INFO] [KubeJS Server/]: Found 11744 recipes in 211.4 ms
[10May2026 16:43:42.662] [main/INFO] [KubeJS Server/]: itemRecipeBlacklist.js#167: immersive_weathering:iron_ingot_from_clean_block
[10May2026 16:43:42.662] [main/INFO] [KubeJS Server/]: itemRecipeBlacklist.js#167: immersive_weathering:iron_ingot_from_clean_block_blasting
[10May2026 16:43:42.662] [main/INFO] [KubeJS Server/]: itemRecipeBlacklist.js#167: immersive_weathering:iron_ingot_from_exposed_block
[10May2026 16:43:42.662] [main/INFO] [KubeJS Server/]: itemRecipeBlacklist.js#167: immersive_weathering:iron_ingot_from_exposed_block_blasting
[10May2026 16:43:42.662] [main/INFO] [KubeJS Server/]: itemRecipeBlacklist.js#167: immersive_weathering:iron_ingot_from_rusted_block
[10May2026 16:43:42.662] [main/INFO] [KubeJS Server/]: itemRecipeBlacklist.js#167: immersive_weathering:iron_ingot_from_rusted_block_blasting
[10May2026 16:43:42.662] [main/INFO] [KubeJS Server/]: itemRecipeBlacklist.js#167: immersive_weathering:iron_ingot_from_weathered_block
[10May2026 16:43:42.663] [main/INFO] [KubeJS Server/]: itemRecipeBlacklist.js#167: immersive_weathering:iron_ingot_from_weathered_block_blasting
[10May2026 16:43:42.663] [main/INFO] [KubeJS Server/]: itemRecipeBlacklist.js#167: the_deep_void:refined_bismuth
[10May2026 16:43:42.663] [main/INFO] [KubeJS Server/]: itemRecipeBlacklist.js#167: minecraft:gunpowder
[10May2026 16:43:42.663] [main/INFO] [KubeJS Server/]: itemRecipeBlacklist.js#167: create:splashing/gravel
[10May2026 16:43:42.663] [main/INFO] [KubeJS Server/]: itemRecipeBlacklist.js#167: create:splashing/red_sand
[10May2026 16:43:42.663] [main/INFO] [KubeJS Server/]: itemRecipeBlacklist.js#167: create_netherless:ender_pearl_by_haunting
[10May2026 16:43:42.689] [KubeJS Recipe Event Worker 0/WARN] [com.simibubi.create.Create/]: Your custom create:crushing recipe (the_deeper_void:rutile_block_crushing) has more item outputs (9) than supported (7).
[10May2026 16:43:43.434] [main/INFO] [KubeJS Server/]: cwTweaks.js#9: CW Recipe Tweaks has fired.
[10May2026 16:43:43.654] [main/INFO] [KubeJS Server/]: Posted recipe events in 993.0 ms
[10May2026 16:43:43.715] [KubeJS Recipe Event Worker 0/WARN] [KubeJS Server/]: Error parsing recipe tacz:misc/upgrade[tacz:gun_smith_table_crafting]: {"materials":[{"item":{"type":"forge:partial_nbt","item":"tacz:workbench_b","nbt":{"BlockId":"hamster:workbench"}},"count":1}],"result":{"type":"gun","item":"tacz:glock17"},"type":"tacz:gun_smith_table_crafting"}: Missing id, expected to find a string
[10May2026 16:43:43.726] [KubeJS Recipe Event Worker 0/WARN] [KubeJS Server/]: Error parsing recipe bf1:melee/sledge_hammer[tacz:gun_smith_table_crafting]: {"type":"tacz:gun_smith_table_crafting","materials":[{"item":{"tag":"forge:ingots/iron"},"count":12},{"item":{"tag":"forge:obsidian"},"count":8},{"item":{"tag":"forge:leather"},"count":2}],"result":{"type":"custom","group":"stock","item":{"item":"lrtactical:melee","nbt":{"MeleeWeaponId":"bf1:sledge_hammer"}}}}: Unknown item 'lrtactical:melee'
[10May2026 16:43:43.752] [KubeJS Recipe Event Worker 0/WARN] [KubeJS Server/]: Error parsing recipe minecraft:kjs/steriod_shot_enhanced[kubejs:shapeless]: {"type":"minecraft:crafting_shapeless","result":{"item":"kubejs:steriod_shot_enhanced","count":1},"ingredients":[{"item":"kubejs:steriod_shot"},{"item":"minecraft:nether_wart"},{"item":"minecraft:slime_ball"},{"item":"immersive_weathering:tallow"},[]]}: Item array cannot be empty, at least one item must be defined
[10May2026 16:43:43.764] [main/INFO] [KubeJS Server/]: Added 44 recipes, removed 79 recipes, modified 0 recipes, with 3 failed recipes in 107.4 ms
[10May2026 16:43:43.999] [main/INFO] [net.minecraft.advancements.AdvancementList/]: Loaded 8461 advancements
[10May2026 16:43:44.008] [main/INFO] [placebo/]: Registered 0 additional recipes.
[10May2026 16:43:44.026] [main/INFO] [top.theillusivec4.curios.Curios/]: Loaded 11 curio slots
[10May2026 16:43:44.039] [main/INFO] [top.theillusivec4.curios.Curios/]: Loaded 1 curio entities
[10May2026 16:43:44.044] [main/WARN] [net.minecraftforge.common.loot.LootModifierManager/]: Unable to decode loot conditions
com.google.gson.JsonSyntaxException: Unknown type 'lootr:loot_table_id'
	at net.minecraft.world.level.storage.loot.GsonAdapterFactory$JsonAdapter.deserialize(GsonAdapterFactory.java:99) ~[server-1.20.1-20230612.114412-srg.jar%23510!/:?]
	at com.google.gson.internal.bind.TreeTypeAdapter.read(TreeTypeAdapter.java:76) ~[gson-2.10.jar%2372!/:?]
	at com.google.gson.internal.bind.TypeAdapterRuntimeTypeWrapper.read(TypeAdapterRuntimeTypeWrapper.java:40) ~[gson-2.10.jar%2372!/:?]
	at com.google.gson.internal.bind.ArrayTypeAdapter.read(ArrayTypeAdapter.java:72) ~[gson-2.10.jar%2372!/:?]
	at com.google.gson.Gson.fromJson(Gson.java:1214) ~[gson-2.10.jar%2372!/:?]
	at com.google.gson.Gson.fromJson(Gson.java:1319) ~[gson-2.10.jar%2372!/:?]
	at com.google.gson.Gson.fromJson(Gson.java:1261) ~[gson-2.10.jar%2372!/:?]
	at net.minecraftforge.common.loot.IGlobalLootModifier.lambda$static$1(IGlobalLootModifier.java:39) ~[forge-1.20.1-47.4.20-universal.jar%23515!/:?]
	at com.mojang.serialization.Decoder$1.lambda$decode$1(Decoder.java:49) ~[datafixerupper-6.0.8.jar%2377!/:?]
	at com.mojang.serialization.DataResult.lambda$flatMap$11(DataResult.java:139) ~[datafixerupper-6.0.8.jar%2377!/:?]
	at com.mojang.datafixers.util.Either$Left.map(Either.java:38) ~[datafixerupper-6.0.8.jar%2377!/:?]
	at com.mojang.serialization.DataResult.flatMap(DataResult.java:137) ~[datafixerupper-6.0.8.jar%2377!/:?]
	at com.mojang.serialization.Decoder$1.decode(Decoder.java:49) ~[datafixerupper-6.0.8.jar%2377!/:?]
	at com.mojang.serialization.Codec$2.decode(Codec.java:71) ~[datafixerupper-6.0.8.jar%2377!/:?]
	at com.mojang.serialization.Decoder.parse(Decoder.java:18) ~[datafixerupper-6.0.8.jar%2377!/:?]
	at com.mojang.serialization.codecs.FieldDecoder.decode(FieldDecoder.java:29) ~[datafixerupper-6.0.8.jar%2377!/:?]
	at com.mojang.serialization.MapCodec$1.decode(MapCodec.java:34) ~[datafixerupper-6.0.8.jar%2377!/:?]
	at com.mojang.serialization.codecs.RecordCodecBuilder$Instance$3.decode(RecordCodecBuilder.java:248) ~[datafixerupper-6.0.8.jar%2377!/:?]
	at com.mojang.serialization.codecs.RecordCodecBuilder$2.decode(RecordCodecBuilder.java:107) ~[datafixerupper-6.0.8.jar%2377!/:?]
	at com.mojang.serialization.codecs.KeyDispatchCodec.lambda$decode$3(KeyDispatchCodec.java:67) ~[datafixerupper-6.0.8.jar%2377!/:?]
	at com.mojang.serialization.DataResult.lambda$flatMap$11(DataResult.java:139) ~[datafixerupper-6.0.8.jar%2377!/:?]
	at com.mojang.datafixers.util.Either$Left.map(Either.java:38) ~[datafixerupper-6.0.8.jar%2377!/:?]
	at com.mojang.serialization.DataResult.flatMap(DataResult.java:137) ~[datafixerupper-6.0.8.jar%2377!/:?]
	at com.mojang.serialization.codecs.KeyDispatchCodec.lambda$decode$4(KeyDispatchCodec.java:58) ~[datafixerupper-6.0.8.jar%2377!/:?]
	at com.mojang.serialization.DataResult.lambda$flatMap$11(DataResult.java:139) ~[datafixerupper-6.0.8.jar%2377!/:?]
	at com.mojang.datafixers.util.Either$Left.map(Either.java:38) ~[datafixerupper-6.0.8.jar%2377!/:?]
	at com.mojang.serialization.DataResult.flatMap(DataResult.java:137) ~[datafixerupper-6.0.8.jar%2377!/:?]
	at com.mojang.serialization.codecs.KeyDispatchCodec.decode(KeyDispatchCodec.java:56) ~[datafixerupper-6.0.8.jar%2377!/:?]
	at com.mojang.serialization.MapDecoder.lambda$compressedDecode$1(MapDecoder.java:52) ~[datafixerupper-6.0.8.jar%2377!/:?]
	at com.mojang.serialization.DataResult.lambda$flatMap$11(DataResult.java:139) ~[datafixerupper-6.0.8.jar%2377!/:?]
	at com.mojang.datafixers.util.Either$Left.map(Either.java:38) ~[datafixerupper-6.0.8.jar%2377!/:?]
	at com.mojang.serialization.DataResult.flatMap(DataResult.java:137) ~[datafixerupper-6.0.8.jar%2377!/:?]
	at com.mojang.serialization.MapDecoder.compressedDecode(MapDecoder.java:52) ~[datafixerupper-6.0.8.jar%2377!/:?]
	at com.mojang.serialization.MapCodec$MapCodecCodec.decode(MapCodec.java:91) ~[datafixerupper-6.0.8.jar%2377!/:?]
	at com.mojang.serialization.Decoder.parse(Decoder.java:18) ~[datafixerupper-6.0.8.jar%2377!/:?]
	at net.minecraftforge.common.loot.LootModifierManager.apply(LootModifierManager.java:79) ~[forge-1.20.1-47.4.20-universal.jar%23515!/:?]
	at net.minecraftforge.common.loot.LootModifierManager.m_5787_(LootModifierManager.java:38) ~[forge-1.20.1-47.4.20-universal.jar%23515!/:?]
	at net.minecraft.server.packs.resources.SimplePreparableReloadListener.m_10789_(SimplePreparableReloadListener.java:13) ~[server-1.20.1-20230612.114412-srg.jar%23510!/:?]
	at java.util.concurrent.CompletableFuture$UniAccept.tryFire(CompletableFuture.java:718) ~[?:?]
	at java.util.concurrent.CompletableFuture$Completion.run(CompletableFuture.java:482) ~[?:?]
	at net.minecraft.server.packs.resources.SimpleReloadInstance.m_143940_(SimpleReloadInstance.java:69) ~[server-1.20.1-20230612.114412-srg.jar%23510!/:?]
	at net.minecraft.Util.m_214652_(Util.java:783) ~[server-1.20.1-20230612.114412-srg.jar%23510!/:?]
	at net.minecraft.Util.m_214679_(Util.java:772) ~[server-1.20.1-20230612.114412-srg.jar%23510!/:?]
	at net.minecraft.server.Main.main(Main.java:166) ~[server-1.20.1-20230612.114412-srg.jar%23510!/:?]
	at jdk.internal.reflect.NativeMethodAccessorImpl.invoke0(Native Method) ~[?:?]
	at jdk.internal.reflect.NativeMethodAccessorImpl.invoke(NativeMethodAccessorImpl.java:77) ~[?:?]
	at jdk.internal.reflect.DelegatingMethodAccessorImpl.invoke(DelegatingMethodAccessorImpl.java:43) ~[?:?]
	at java.lang.reflect.Method.invoke(Method.java:569) ~[?:?]
	at net.minecraftforge.fml.loading.targets.CommonLaunchHandler.runTarget(CommonLaunchHandler.java:111) ~[fmlloader-1.20.1-47.4.20.jar%2369!/:?]
	at net.minecraftforge.fml.loading.targets.CommonLaunchHandler.serverService(CommonLaunchHandler.java:103) ~[fmlloader-1.20.1-47.4.20.jar%2369!/:?]
	at net.minecraftforge.fml.loading.targets.CommonServerLaunchHandler.lambda$makeService$0(CommonServerLaunchHandler.java:27) ~[fmlloader-1.20.1-47.4.20.jar%2369!/:?]
	at cpw.mods.modlauncher.LaunchServiceHandlerDecorator.launch(LaunchServiceHandlerDecorator.java:30) ~[modlauncher-10.0.9.jar%2355!/:?]
	at cpw.mods.modlauncher.LaunchServiceHandler.launch(LaunchServiceHandler.java:53) ~[modlauncher-10.0.9.jar%2355!/:?]
	at cpw.mods.modlauncher.LaunchServiceHandler.launch(LaunchServiceHandler.java:71) ~[modlauncher-10.0.9.jar%2355!/:?]
	at cpw.mods.modlauncher.Launcher.run(Launcher.java:108) ~[modlauncher-10.0.9.jar%2355!/:?]
	at cpw.mods.modlauncher.Launcher.main(Launcher.java:78) ~[modlauncher-10.0.9.jar%2355!/:?]
	at cpw.mods.modlauncher.BootstrapLaunchConsumer.accept(BootstrapLaunchConsumer.java:26) ~[modlauncher-10.0.9.jar%2355!/:?]
	at cpw.mods.modlauncher.BootstrapLaunchConsumer.accept(BootstrapLaunchConsumer.java:23) ~[modlauncher-10.0.9.jar%2355!/:?]
	at cpw.mods.bootstraplauncher.BootstrapLauncher.main(BootstrapLauncher.java:141) ~[bootstraplauncher-1.1.2.jar:?]
[10May2026 16:43:44.046] [main/WARN] [net.minecraftforge.common.loot.LootModifierManager/]: Could not decode GlobalLootModifier with json id the_deeper_void:void_common_loot_swap - error: Unknown type 'lootr:loot_table_id'
[10May2026 16:43:44.047] [main/WARN] [net.minecraftforge.common.loot.LootModifierManager/]: Unable to decode loot conditions
com.google.gson.JsonSyntaxException: Unknown type 'lootr:loot_table_id'
	at net.minecraft.world.level.storage.loot.GsonAdapterFactory$JsonAdapter.deserialize(GsonAdapterFactory.java:99) ~[server-1.20.1-20230612.114412-srg.jar%23510!/:?]
	at com.google.gson.internal.bind.TreeTypeAdapter.read(TreeTypeAdapter.java:76) ~[gson-2.10.jar%2372!/:?]
	at com.google.gson.internal.bind.TypeAdapterRuntimeTypeWrapper.read(TypeAdapterRuntimeTypeWrapper.java:40) ~[gson-2.10.jar%2372!/:?]
	at com.google.gson.internal.bind.ArrayTypeAdapter.read(ArrayTypeAdapter.java:72) ~[gson-2.10.jar%2372!/:?]
	at com.google.gson.Gson.fromJson(Gson.java:1214) ~[gson-2.10.jar%2372!/:?]
	at com.google.gson.Gson.fromJson(Gson.java:1319) ~[gson-2.10.jar%2372!/:?]
	at com.google.gson.Gson.fromJson(Gson.java:1261) ~[gson-2.10.jar%2372!/:?]
	at net.minecraftforge.common.loot.IGlobalLootModifier.lambda$static$1(IGlobalLootModifier.java:39) ~[forge-1.20.1-47.4.20-universal.jar%23515!/:?]
	at com.mojang.serialization.Decoder$1.lambda$decode$1(Decoder.java:49) ~[datafixerupper-6.0.8.jar%2377!/:?]
	at com.mojang.serialization.DataResult.lambda$flatMap$11(DataResult.java:139) ~[datafixerupper-6.0.8.jar%2377!/:?]
	at com.mojang.datafixers.util.Either$Left.map(Either.java:38) ~[datafixerupper-6.0.8.jar%2377!/:?]
	at com.mojang.serialization.DataResult.flatMap(DataResult.java:137) ~[datafixerupper-6.0.8.jar%2377!/:?]
	at com.mojang.serialization.Decoder$1.decode(Decoder.java:49) ~[datafixerupper-6.0.8.jar%2377!/:?]
	at com.mojang.serialization.Codec$2.decode(Codec.java:71) ~[datafixerupper-6.0.8.jar%2377!/:?]
	at com.mojang.serialization.Decoder.parse(Decoder.java:18) ~[datafixerupper-6.0.8.jar%2377!/:?]
	at com.mojang.serialization.codecs.FieldDecoder.decode(FieldDecoder.java:29) ~[datafixerupper-6.0.8.jar%2377!/:?]
	at com.mojang.serialization.MapCodec$1.decode(MapCodec.java:34) ~[datafixerupper-6.0.8.jar%2377!/:?]
	at com.mojang.serialization.codecs.RecordCodecBuilder$Instance$3.decode(RecordCodecBuilder.java:248) ~[datafixerupper-6.0.8.jar%2377!/:?]
	at com.mojang.serialization.codecs.RecordCodecBuilder$2.decode(RecordCodecBuilder.java:107) ~[datafixerupper-6.0.8.jar%2377!/:?]
	at com.mojang.serialization.codecs.KeyDispatchCodec.lambda$decode$3(KeyDispatchCodec.java:67) ~[datafixerupper-6.0.8.jar%2377!/:?]
	at com.mojang.serialization.DataResult.lambda$flatMap$11(DataResult.java:139) ~[datafixerupper-6.0.8.jar%2377!/:?]
	at com.mojang.datafixers.util.Either$Left.map(Either.java:38) ~[datafixerupper-6.0.8.jar%2377!/:?]
	at com.mojang.serialization.DataResult.flatMap(DataResult.java:137) ~[datafixerupper-6.0.8.jar%2377!/:?]
	at com.mojang.serialization.codecs.KeyDispatchCodec.lambda$decode$4(KeyDispatchCodec.java:58) ~[datafixerupper-6.0.8.jar%2377!/:?]
	at com.mojang.serialization.DataResult.lambda$flatMap$11(DataResult.java:139) ~[datafixerupper-6.0.8.jar%2377!/:?]
	at com.mojang.datafixers.util.Either$Left.map(Either.java:38) ~[datafixerupper-6.0.8.jar%2377!/:?]
	at com.mojang.serialization.DataResult.flatMap(DataResult.java:137) ~[datafixerupper-6.0.8.jar%2377!/:?]
	at com.mojang.serialization.codecs.KeyDispatchCodec.decode(KeyDispatchCodec.java:56) ~[datafixerupper-6.0.8.jar%2377!/:?]
	at com.mojang.serialization.MapDecoder.lambda$compressedDecode$1(MapDecoder.java:52) ~[datafixerupper-6.0.8.jar%2377!/:?]
	at com.mojang.serialization.DataResult.lambda$flatMap$11(DataResult.java:139) ~[datafixerupper-6.0.8.jar%2377!/:?]
	at com.mojang.datafixers.util.Either$Left.map(Either.java:38) ~[datafixerupper-6.0.8.jar%2377!/:?]
	at com.mojang.serialization.DataResult.flatMap(DataResult.java:137) ~[datafixerupper-6.0.8.jar%2377!/:?]
	at com.mojang.serialization.MapDecoder.compressedDecode(MapDecoder.java:52) ~[datafixerupper-6.0.8.jar%2377!/:?]
	at com.mojang.serialization.MapCodec$MapCodecCodec.decode(MapCodec.java:91) ~[datafixerupper-6.0.8.jar%2377!/:?]
	at com.mojang.serialization.Decoder.parse(Decoder.java:18) ~[datafixerupper-6.0.8.jar%2377!/:?]
	at net.minecraftforge.common.loot.LootModifierManager.apply(LootModifierManager.java:79) ~[forge-1.20.1-47.4.20-universal.jar%23515!/:?]
	at net.minecraftforge.common.loot.LootModifierManager.m_5787_(LootModifierManager.java:38) ~[forge-1.20.1-47.4.20-universal.jar%23515!/:?]
	at net.minecraft.server.packs.resources.SimplePreparableReloadListener.m_10789_(SimplePreparableReloadListener.java:13) ~[server-1.20.1-20230612.114412-srg.jar%23510!/:?]
	at java.util.concurrent.CompletableFuture$UniAccept.tryFire(CompletableFuture.java:718) ~[?:?]
	at java.util.concurrent.CompletableFuture$Completion.run(CompletableFuture.java:482) ~[?:?]
	at net.minecraft.server.packs.resources.SimpleReloadInstance.m_143940_(SimpleReloadInstance.java:69) ~[server-1.20.1-20230612.114412-srg.jar%23510!/:?]
	at net.minecraft.Util.m_214652_(Util.java:783) ~[server-1.20.1-20230612.114412-srg.jar%23510!/:?]
	at net.minecraft.Util.m_214679_(Util.java:772) ~[server-1.20.1-20230612.114412-srg.jar%23510!/:?]
	at net.minecraft.server.Main.main(Main.java:166) ~[server-1.20.1-20230612.114412-srg.jar%23510!/:?]
	at jdk.internal.reflect.NativeMethodAccessorImpl.invoke0(Native Method) ~[?:?]
	at jdk.internal.reflect.NativeMethodAccessorImpl.invoke(NativeMethodAccessorImpl.java:77) ~[?:?]
	at jdk.internal.reflect.DelegatingMethodAccessorImpl.invoke(DelegatingMethodAccessorImpl.java:43) ~[?:?]
	at java.lang.reflect.Method.invoke(Method.java:569) ~[?:?]
	at net.minecraftforge.fml.loading.targets.CommonLaunchHandler.runTarget(CommonLaunchHandler.java:111) ~[fmlloader-1.20.1-47.4.20.jar%2369!/:?]
	at net.minecraftforge.fml.loading.targets.CommonLaunchHandler.serverService(CommonLaunchHandler.java:103) ~[fmlloader-1.20.1-47.4.20.jar%2369!/:?]
	at net.minecraftforge.fml.loading.targets.CommonServerLaunchHandler.lambda$makeService$0(CommonServerLaunchHandler.java:27) ~[fmlloader-1.20.1-47.4.20.jar%2369!/:?]
	at cpw.mods.modlauncher.LaunchServiceHandlerDecorator.launch(LaunchServiceHandlerDecorator.java:30) ~[modlauncher-10.0.9.jar%2355!/:?]
	at cpw.mods.modlauncher.LaunchServiceHandler.launch(LaunchServiceHandler.java:53) ~[modlauncher-10.0.9.jar%2355!/:?]
	at cpw.mods.modlauncher.LaunchServiceHandler.launch(LaunchServiceHandler.java:71) ~[modlauncher-10.0.9.jar%2355!/:?]
	at cpw.mods.modlauncher.Launcher.run(Launcher.java:108) ~[modlauncher-10.0.9.jar%2355!/:?]
	at cpw.mods.modlauncher.Launcher.main(Launcher.java:78) ~[modlauncher-10.0.9.jar%2355!/:?]
	at cpw.mods.modlauncher.BootstrapLaunchConsumer.accept(BootstrapLaunchConsumer.java:26) ~[modlauncher-10.0.9.jar%2355!/:?]
	at cpw.mods.modlauncher.BootstrapLaunchConsumer.accept(BootstrapLaunchConsumer.java:23) ~[modlauncher-10.0.9.jar%2355!/:?]
	at cpw.mods.bootstraplauncher.BootstrapLauncher.main(BootstrapLauncher.java:141) ~[bootstraplauncher-1.1.2.jar:?]
[10May2026 16:43:44.048] [main/WARN] [net.minecraftforge.common.loot.LootModifierManager/]: Could not decode GlobalLootModifier with json id the_deeper_void:void_treasure_swap - error: Unknown type 'lootr:loot_table_id'
[10May2026 16:43:44.252] [main/ERROR] [tacz/AllowTagManager]: Failed to parse data file tacz:muzzle_brake
com.google.gson.JsonParseException: Null value found in JSON data
	at com.tacz.guns.resource.manager.AttachmentsTagManager.apply(AttachmentsTagManager.java:63) ~[tacz-1.20.1-1.1.6-hotfix.jar%23485!/:1.1.6-hotfix]
	at com.tacz.guns.resource.manager.AttachmentsTagManager.m_5787_(AttachmentsTagManager.java:26) ~[tacz-1.20.1-1.1.6-hotfix.jar%23485!/:1.1.6-hotfix]
	at net.minecraft.server.packs.resources.SimplePreparableReloadListener.m_10789_(SimplePreparableReloadListener.java:13) ~[server-1.20.1-20230612.114412-srg.jar%23510!/:?]
	at java.util.concurrent.CompletableFuture$UniAccept.tryFire(CompletableFuture.java:718) ~[?:?]
	at java.util.concurrent.CompletableFuture$Completion.run(CompletableFuture.java:482) ~[?:?]
	at net.minecraft.server.packs.resources.SimpleReloadInstance.m_143940_(SimpleReloadInstance.java:69) ~[server-1.20.1-20230612.114412-srg.jar%23510!/:?]
	at net.minecraft.Util.m_214652_(Util.java:783) ~[server-1.20.1-20230612.114412-srg.jar%23510!/:?]
	at net.minecraft.Util.m_214679_(Util.java:772) ~[server-1.20.1-20230612.114412-srg.jar%23510!/:?]
	at net.minecraft.server.Main.main(Main.java:166) ~[server-1.20.1-20230612.114412-srg.jar%23510!/:?]
	at jdk.internal.reflect.NativeMethodAccessorImpl.invoke0(Native Method) ~[?:?]
	at jdk.internal.reflect.NativeMethodAccessorImpl.invoke(NativeMethodAccessorImpl.java:77) ~[?:?]
	at jdk.internal.reflect.DelegatingMethodAccessorImpl.invoke(DelegatingMethodAccessorImpl.java:43) ~[?:?]
	at java.lang.reflect.Method.invoke(Method.java:569) ~[?:?]
	at net.minecraftforge.fml.loading.targets.CommonLaunchHandler.runTarget(CommonLaunchHandler.java:111) ~[fmlloader-1.20.1-47.4.20.jar%2369!/:?]
	at net.minecraftforge.fml.loading.targets.CommonLaunchHandler.serverService(CommonLaunchHandler.java:103) ~[fmlloader-1.20.1-47.4.20.jar%2369!/:?]
	at net.minecraftforge.fml.loading.targets.CommonServerLaunchHandler.lambda$makeService$0(CommonServerLaunchHandler.java:27) ~[fmlloader-1.20.1-47.4.20.jar%2369!/:?]
	at cpw.mods.modlauncher.LaunchServiceHandlerDecorator.launch(LaunchServiceHandlerDecorator.java:30) ~[modlauncher-10.0.9.jar%2355!/:?]
	at cpw.mods.modlauncher.LaunchServiceHandler.launch(LaunchServiceHandler.java:53) ~[modlauncher-10.0.9.jar%2355!/:?]
	at cpw.mods.modlauncher.LaunchServiceHandler.launch(LaunchServiceHandler.java:71) ~[modlauncher-10.0.9.jar%2355!/:?]
	at cpw.mods.modlauncher.Launcher.run(Launcher.java:108) ~[modlauncher-10.0.9.jar%2355!/:?]
	at cpw.mods.modlauncher.Launcher.main(Launcher.java:78) ~[modlauncher-10.0.9.jar%2355!/:?]
	at cpw.mods.modlauncher.BootstrapLaunchConsumer.accept(BootstrapLaunchConsumer.java:26) ~[modlauncher-10.0.9.jar%2355!/:?]
	at cpw.mods.modlauncher.BootstrapLaunchConsumer.accept(BootstrapLaunchConsumer.java:23) ~[modlauncher-10.0.9.jar%2355!/:?]
	at cpw.mods.bootstraplauncher.BootstrapLauncher.main(BootstrapLauncher.java:141) ~[bootstraplauncher-1.1.2.jar:?]
[10May2026 16:43:44.261] [main/ERROR] [tacz/GunIndexLoader]: Failed to load data file bf1:mg0815
com.google.gson.JsonParseException: there is no corresponding data file
	at com.tacz.guns.resource.serialize.CommonGunIndexSerializer.deserialize(CommonGunIndexSerializer.java:19) ~[tacz-1.20.1-1.1.6-hotfix.jar%23485!/:1.1.6-hotfix]
	at com.tacz.guns.resource.serialize.CommonGunIndexSerializer.deserialize(CommonGunIndexSerializer.java:12) ~[tacz-1.20.1-1.1.6-hotfix.jar%23485!/:1.1.6-hotfix]
	at com.google.gson.internal.bind.TreeTypeAdapter.read(TreeTypeAdapter.java:76) ~[gson-2.10.jar%2372!/:?]
	at com.google.gson.Gson.fromJson(Gson.java:1214) ~[gson-2.10.jar%2372!/:?]
	at com.google.gson.Gson.fromJson(Gson.java:1319) ~[gson-2.10.jar%2372!/:?]
	at com.google.gson.Gson.fromJson(Gson.java:1261) ~[gson-2.10.jar%2372!/:?]
	at com.tacz.guns.resource.manager.JsonDataManager.parseJson(JsonDataManager.java:69) ~[tacz-1.20.1-1.1.6-hotfix.jar%23485!/:1.1.6-hotfix]
	at com.tacz.guns.resource.manager.JsonDataManager.apply(JsonDataManager.java:58) ~[tacz-1.20.1-1.1.6-hotfix.jar%23485!/:1.1.6-hotfix]
	at com.tacz.guns.resource.manager.CommonDataManager.apply(CommonDataManager.java:35) ~[tacz-1.20.1-1.1.6-hotfix.jar%23485!/:1.1.6-hotfix]
	at com.tacz.guns.resource.manager.CommonDataManager.m_5787_(CommonDataManager.java:19) ~[tacz-1.20.1-1.1.6-hotfix.jar%23485!/:1.1.6-hotfix]
	at net.minecraft.server.packs.resources.SimplePreparableReloadListener.m_10789_(SimplePreparableReloadListener.java:13) ~[server-1.20.1-20230612.114412-srg.jar%23510!/:?]
	at java.util.concurrent.CompletableFuture$UniAccept.tryFire(CompletableFuture.java:718) ~[?:?]
	at java.util.concurrent.CompletableFuture$Completion.run(CompletableFuture.java:482) ~[?:?]
	at net.minecraft.server.packs.resources.SimpleReloadInstance.m_143940_(SimpleReloadInstance.java:69) ~[server-1.20.1-20230612.114412-srg.jar%23510!/:?]
	at net.minecraft.Util.m_214652_(Util.java:783) ~[server-1.20.1-20230612.114412-srg.jar%23510!/:?]
	at net.minecraft.Util.m_214679_(Util.java:772) ~[server-1.20.1-20230612.114412-srg.jar%23510!/:?]
	at net.minecraft.server.Main.main(Main.java:166) ~[server-1.20.1-20230612.114412-srg.jar%23510!/:?]
	at jdk.internal.reflect.NativeMethodAccessorImpl.invoke0(Native Method) ~[?:?]
	at jdk.internal.reflect.NativeMethodAccessorImpl.invoke(NativeMethodAccessorImpl.java:77) ~[?:?]
	at jdk.internal.reflect.DelegatingMethodAccessorImpl.invoke(DelegatingMethodAccessorImpl.java:43) ~[?:?]
	at java.lang.reflect.Method.invoke(Method.java:569) ~[?:?]
	at net.minecraftforge.fml.loading.targets.CommonLaunchHandler.runTarget(CommonLaunchHandler.java:111) ~[fmlloader-1.20.1-47.4.20.jar%2369!/:?]
	at net.minecraftforge.fml.loading.targets.CommonLaunchHandler.serverService(CommonLaunchHandler.java:103) ~[fmlloader-1.20.1-47.4.20.jar%2369!/:?]
	at net.minecraftforge.fml.loading.targets.CommonServerLaunchHandler.lambda$makeService$0(CommonServerLaunchHandler.java:27) ~[fmlloader-1.20.1-47.4.20.jar%2369!/:?]
	at cpw.mods.modlauncher.LaunchServiceHandlerDecorator.launch(LaunchServiceHandlerDecorator.java:30) ~[modlauncher-10.0.9.jar%2355!/:?]
	at cpw.mods.modlauncher.LaunchServiceHandler.launch(LaunchServiceHandler.java:53) ~[modlauncher-10.0.9.jar%2355!/:?]
	at cpw.mods.modlauncher.LaunchServiceHandler.launch(LaunchServiceHandler.java:71) ~[modlauncher-10.0.9.jar%2355!/:?]
	at cpw.mods.modlauncher.Launcher.run(Launcher.java:108) ~[modlauncher-10.0.9.jar%2355!/:?]
	at cpw.mods.modlauncher.Launcher.main(Launcher.java:78) ~[modlauncher-10.0.9.jar%2355!/:?]
	at cpw.mods.modlauncher.BootstrapLaunchConsumer.accept(BootstrapLaunchConsumer.java:26) ~[modlauncher-10.0.9.jar%2355!/:?]
	at cpw.mods.modlauncher.BootstrapLaunchConsumer.accept(BootstrapLaunchConsumer.java:23) ~[modlauncher-10.0.9.jar%2355!/:?]
	at cpw.mods.bootstraplauncher.BootstrapLauncher.main(BootstrapLauncher.java:141) ~[bootstraplauncher-1.1.2.jar:?]
[10May2026 16:43:44.262] [main/ERROR] [tacz/GunIndexLoader]: Failed to load data file bf1:chauchat
com.google.gson.JsonParseException: there is no corresponding data file
	at com.tacz.guns.resource.serialize.CommonGunIndexSerializer.deserialize(CommonGunIndexSerializer.java:19) ~[tacz-1.20.1-1.1.6-hotfix.jar%23485!/:1.1.6-hotfix]
	at com.tacz.guns.resource.serialize.CommonGunIndexSerializer.deserialize(CommonGunIndexSerializer.java:12) ~[tacz-1.20.1-1.1.6-hotfix.jar%23485!/:1.1.6-hotfix]
	at com.google.gson.internal.bind.TreeTypeAdapter.read(TreeTypeAdapter.java:76) ~[gson-2.10.jar%2372!/:?]
	at com.google.gson.Gson.fromJson(Gson.java:1214) ~[gson-2.10.jar%2372!/:?]
	at com.google.gson.Gson.fromJson(Gson.java:1319) ~[gson-2.10.jar%2372!/:?]
	at com.google.gson.Gson.fromJson(Gson.java:1261) ~[gson-2.10.jar%2372!/:?]
	at com.tacz.guns.resource.manager.JsonDataManager.parseJson(JsonDataManager.java:69) ~[tacz-1.20.1-1.1.6-hotfix.jar%23485!/:1.1.6-hotfix]
	at com.tacz.guns.resource.manager.JsonDataManager.apply(JsonDataManager.java:58) ~[tacz-1.20.1-1.1.6-hotfix.jar%23485!/:1.1.6-hotfix]
	at com.tacz.guns.resource.manager.CommonDataManager.apply(CommonDataManager.java:35) ~[tacz-1.20.1-1.1.6-hotfix.jar%23485!/:1.1.6-hotfix]
	at com.tacz.guns.resource.manager.CommonDataManager.m_5787_(CommonDataManager.java:19) ~[tacz-1.20.1-1.1.6-hotfix.jar%23485!/:1.1.6-hotfix]
	at net.minecraft.server.packs.resources.SimplePreparableReloadListener.m_10789_(SimplePreparableReloadListener.java:13) ~[server-1.20.1-20230612.114412-srg.jar%23510!/:?]
	at java.util.concurrent.CompletableFuture$UniAccept.tryFire(CompletableFuture.java:718) ~[?:?]
	at java.util.concurrent.CompletableFuture$Completion.run(CompletableFuture.java:482) ~[?:?]
	at net.minecraft.server.packs.resources.SimpleReloadInstance.m_143940_(SimpleReloadInstance.java:69) ~[server-1.20.1-20230612.114412-srg.jar%23510!/:?]
	at net.minecraft.Util.m_214652_(Util.java:783) ~[server-1.20.1-20230612.114412-srg.jar%23510!/:?]
	at net.minecraft.Util.m_214679_(Util.java:772) ~[server-1.20.1-20230612.114412-srg.jar%23510!/:?]
	at net.minecraft.server.Main.main(Main.java:166) ~[server-1.20.1-20230612.114412-srg.jar%23510!/:?]
	at jdk.internal.reflect.NativeMethodAccessorImpl.invoke0(Native Method) ~[?:?]
	at jdk.internal.reflect.NativeMethodAccessorImpl.invoke(NativeMethodAccessorImpl.java:77) ~[?:?]
	at jdk.internal.reflect.DelegatingMethodAccessorImpl.invoke(DelegatingMethodAccessorImpl.java:43) ~[?:?]
	at java.lang.reflect.Method.invoke(Method.java:569) ~[?:?]
	at net.minecraftforge.fml.loading.targets.CommonLaunchHandler.runTarget(CommonLaunchHandler.java:111) ~[fmlloader-1.20.1-47.4.20.jar%2369!/:?]
	at net.minecraftforge.fml.loading.targets.CommonLaunchHandler.serverService(CommonLaunchHandler.java:103) ~[fmlloader-1.20.1-47.4.20.jar%2369!/:?]
	at net.minecraftforge.fml.loading.targets.CommonServerLaunchHandler.lambda$makeService$0(CommonServerLaunchHandler.java:27) ~[fmlloader-1.20.1-47.4.20.jar%2369!/:?]
	at cpw.mods.modlauncher.LaunchServiceHandlerDecorator.launch(LaunchServiceHandlerDecorator.java:30) ~[modlauncher-10.0.9.jar%2355!/:?]
	at cpw.mods.modlauncher.LaunchServiceHandler.launch(LaunchServiceHandler.java:53) ~[modlauncher-10.0.9.jar%2355!/:?]
	at cpw.mods.modlauncher.LaunchServiceHandler.launch(LaunchServiceHandler.java:71) ~[modlauncher-10.0.9.jar%2355!/:?]
	at cpw.mods.modlauncher.Launcher.run(Launcher.java:108) ~[modlauncher-10.0.9.jar%2355!/:?]
	at cpw.mods.modlauncher.Launcher.main(Launcher.java:78) ~[modlauncher-10.0.9.jar%2355!/:?]
	at cpw.mods.modlauncher.BootstrapLaunchConsumer.accept(BootstrapLaunchConsumer.java:26) ~[modlauncher-10.0.9.jar%2355!/:?]
	at cpw.mods.modlauncher.BootstrapLaunchConsumer.accept(BootstrapLaunchConsumer.java:23) ~[modlauncher-10.0.9.jar%2355!/:?]
	at cpw.mods.bootstraplauncher.BootstrapLauncher.main(BootstrapLauncher.java:141) ~[bootstraplauncher-1.1.2.jar:?]
[10May2026 16:43:44.263] [main/ERROR] [tacz/GunIndexLoader]: Failed to load data file sfms:ats15mod
com.google.gson.JsonParseException: there is no corresponding data file
	at com.tacz.guns.resource.serialize.CommonGunIndexSerializer.deserialize(CommonGunIndexSerializer.java:19) ~[tacz-1.20.1-1.1.6-hotfix.jar%23485!/:1.1.6-hotfix]
	at com.tacz.guns.resource.serialize.CommonGunIndexSerializer.deserialize(CommonGunIndexSerializer.java:12) ~[tacz-1.20.1-1.1.6-hotfix.jar%23485!/:1.1.6-hotfix]
	at com.google.gson.internal.bind.TreeTypeAdapter.read(TreeTypeAdapter.java:76) ~[gson-2.10.jar%2372!/:?]
	at com.google.gson.Gson.fromJson(Gson.java:1214) ~[gson-2.10.jar%2372!/:?]
	at com.google.gson.Gson.fromJson(Gson.java:1319) ~[gson-2.10.jar%2372!/:?]
	at com.google.gson.Gson.fromJson(Gson.java:1261) ~[gson-2.10.jar%2372!/:?]
	at com.tacz.guns.resource.manager.JsonDataManager.parseJson(JsonDataManager.java:69) ~[tacz-1.20.1-1.1.6-hotfix.jar%23485!/:1.1.6-hotfix]
	at com.tacz.guns.resource.manager.JsonDataManager.apply(JsonDataManager.java:58) ~[tacz-1.20.1-1.1.6-hotfix.jar%23485!/:1.1.6-hotfix]
	at com.tacz.guns.resource.manager.CommonDataManager.apply(CommonDataManager.java:35) ~[tacz-1.20.1-1.1.6-hotfix.jar%23485!/:1.1.6-hotfix]
	at com.tacz.guns.resource.manager.CommonDataManager.m_5787_(CommonDataManager.java:19) ~[tacz-1.20.1-1.1.6-hotfix.jar%23485!/:1.1.6-hotfix]
	at net.minecraft.server.packs.resources.SimplePreparableReloadListener.m_10789_(SimplePreparableReloadListener.java:13) ~[server-1.20.1-20230612.114412-srg.jar%23510!/:?]
	at java.util.concurrent.CompletableFuture$UniAccept.tryFire(CompletableFuture.java:718) ~[?:?]
	at java.util.concurrent.CompletableFuture$Completion.run(CompletableFuture.java:482) ~[?:?]
	at net.minecraft.server.packs.resources.SimpleReloadInstance.m_143940_(SimpleReloadInstance.java:69) ~[server-1.20.1-20230612.114412-srg.jar%23510!/:?]
	at net.minecraft.Util.m_214652_(Util.java:783) ~[server-1.20.1-20230612.114412-srg.jar%23510!/:?]
	at net.minecraft.Util.m_214679_(Util.java:772) ~[server-1.20.1-20230612.114412-srg.jar%23510!/:?]
	at net.minecraft.server.Main.main(Main.java:166) ~[server-1.20.1-20230612.114412-srg.jar%23510!/:?]
	at jdk.internal.reflect.NativeMethodAccessorImpl.invoke0(Native Method) ~[?:?]
	at jdk.internal.reflect.NativeMethodAccessorImpl.invoke(NativeMethodAccessorImpl.java:77) ~[?:?]
	at jdk.internal.reflect.DelegatingMethodAccessorImpl.invoke(DelegatingMethodAccessorImpl.java:43) ~[?:?]
	at java.lang.reflect.Method.invoke(Method.java:569) ~[?:?]
	at net.minecraftforge.fml.loading.targets.CommonLaunchHandler.runTarget(CommonLaunchHandler.java:111) ~[fmlloader-1.20.1-47.4.20.jar%2369!/:?]
	at net.minecraftforge.fml.loading.targets.CommonLaunchHandler.serverService(CommonLaunchHandler.java:103) ~[fmlloader-1.20.1-47.4.20.jar%2369!/:?]
	at net.minecraftforge.fml.loading.targets.CommonServerLaunchHandler.lambda$makeService$0(CommonServerLaunchHandler.java:27) ~[fmlloader-1.20.1-47.4.20.jar%2369!/:?]
	at cpw.mods.modlauncher.LaunchServiceHandlerDecorator.launch(LaunchServiceHandlerDecorator.java:30) ~[modlauncher-10.0.9.jar%2355!/:?]
	at cpw.mods.modlauncher.LaunchServiceHandler.launch(LaunchServiceHandler.java:53) ~[modlauncher-10.0.9.jar%2355!/:?]
	at cpw.mods.modlauncher.LaunchServiceHandler.launch(LaunchServiceHandler.java:71) ~[modlauncher-10.0.9.jar%2355!/:?]
	at cpw.mods.modlauncher.Launcher.run(Launcher.java:108) ~[modlauncher-10.0.9.jar%2355!/:?]
	at cpw.mods.modlauncher.Launcher.main(Launcher.java:78) ~[modlauncher-10.0.9.jar%2355!/:?]
	at cpw.mods.modlauncher.BootstrapLaunchConsumer.accept(BootstrapLaunchConsumer.java:26) ~[modlauncher-10.0.9.jar%2355!/:?]
	at cpw.mods.modlauncher.BootstrapLaunchConsumer.accept(BootstrapLaunchConsumer.java:23) ~[modlauncher-10.0.9.jar%2355!/:?]
	at cpw.mods.bootstraplauncher.BootstrapLauncher.main(BootstrapLauncher.java:141) ~[bootstraplauncher-1.1.2.jar:?]
[10May2026 16:43:44.264] [main/ERROR] [tacz/GunIndexLoader]: Failed to load data file bf1:tg1918
com.google.gson.JsonParseException: there is no corresponding data file
	at com.tacz.guns.resource.serialize.CommonGunIndexSerializer.deserialize(CommonGunIndexSerializer.java:19) ~[tacz-1.20.1-1.1.6-hotfix.jar%23485!/:1.1.6-hotfix]
	at com.tacz.guns.resource.serialize.CommonGunIndexSerializer.deserialize(CommonGunIndexSerializer.java:12) ~[tacz-1.20.1-1.1.6-hotfix.jar%23485!/:1.1.6-hotfix]
	at com.google.gson.internal.bind.TreeTypeAdapter.read(TreeTypeAdapter.java:76) ~[gson-2.10.jar%2372!/:?]
	at com.google.gson.Gson.fromJson(Gson.java:1214) ~[gson-2.10.jar%2372!/:?]
	at com.google.gson.Gson.fromJson(Gson.java:1319) ~[gson-2.10.jar%2372!/:?]
	at com.google.gson.Gson.fromJson(Gson.java:1261) ~[gson-2.10.jar%2372!/:?]
	at com.tacz.guns.resource.manager.JsonDataManager.parseJson(JsonDataManager.java:69) ~[tacz-1.20.1-1.1.6-hotfix.jar%23485!/:1.1.6-hotfix]
	at com.tacz.guns.resource.manager.JsonDataManager.apply(JsonDataManager.java:58) ~[tacz-1.20.1-1.1.6-hotfix.jar%23485!/:1.1.6-hotfix]
	at com.tacz.guns.resource.manager.CommonDataManager.apply(CommonDataManager.java:35) ~[tacz-1.20.1-1.1.6-hotfix.jar%23485!/:1.1.6-hotfix]
	at com.tacz.guns.resource.manager.CommonDataManager.m_5787_(CommonDataManager.java:19) ~[tacz-1.20.1-1.1.6-hotfix.jar%23485!/:1.1.6-hotfix]
	at net.minecraft.server.packs.resources.SimplePreparableReloadListener.m_10789_(SimplePreparableReloadListener.java:13) ~[server-1.20.1-20230612.114412-srg.jar%23510!/:?]
	at java.util.concurrent.CompletableFuture$UniAccept.tryFire(CompletableFuture.java:718) ~[?:?]
	at java.util.concurrent.CompletableFuture$Completion.run(CompletableFuture.java:482) ~[?:?]
	at net.minecraft.server.packs.resources.SimpleReloadInstance.m_143940_(SimpleReloadInstance.java:69) ~[server-1.20.1-20230612.114412-srg.jar%23510!/:?]
	at net.minecraft.Util.m_214652_(Util.java:783) ~[server-1.20.1-20230612.114412-srg.jar%23510!/:?]
	at net.minecraft.Util.m_214679_(Util.java:772) ~[server-1.20.1-20230612.114412-srg.jar%23510!/:?]
	at net.minecraft.server.Main.main(Main.java:166) ~[server-1.20.1-20230612.114412-srg.jar%23510!/:?]
	at jdk.internal.reflect.NativeMethodAccessorImpl.invoke0(Native Method) ~[?:?]
	at jdk.internal.reflect.NativeMethodAccessorImpl.invoke(NativeMethodAccessorImpl.java:77) ~[?:?]
	at jdk.internal.reflect.DelegatingMethodAccessorImpl.invoke(DelegatingMethodAccessorImpl.java:43) ~[?:?]
	at java.lang.reflect.Method.invoke(Method.java:569) ~[?:?]
	at net.minecraftforge.fml.loading.targets.CommonLaunchHandler.runTarget(CommonLaunchHandler.java:111) ~[fmlloader-1.20.1-47.4.20.jar%2369!/:?]
	at net.minecraftforge.fml.loading.targets.CommonLaunchHandler.serverService(CommonLaunchHandler.java:103) ~[fmlloader-1.20.1-47.4.20.jar%2369!/:?]
	at net.minecraftforge.fml.loading.targets.CommonServerLaunchHandler.lambda$makeService$0(CommonServerLaunchHandler.java:27) ~[fmlloader-1.20.1-47.4.20.jar%2369!/:?]
	at cpw.mods.modlauncher.LaunchServiceHandlerDecorator.launch(LaunchServiceHandlerDecorator.java:30) ~[modlauncher-10.0.9.jar%2355!/:?]
	at cpw.mods.modlauncher.LaunchServiceHandler.launch(LaunchServiceHandler.java:53) ~[modlauncher-10.0.9.jar%2355!/:?]
	at cpw.mods.modlauncher.LaunchServiceHandler.launch(LaunchServiceHandler.java:71) ~[modlauncher-10.0.9.jar%2355!/:?]
	at cpw.mods.modlauncher.Launcher.run(Launcher.java:108) ~[modlauncher-10.0.9.jar%2355!/:?]
	at cpw.mods.modlauncher.Launcher.main(Launcher.java:78) ~[modlauncher-10.0.9.jar%2355!/:?]
	at cpw.mods.modlauncher.BootstrapLaunchConsumer.accept(BootstrapLaunchConsumer.java:26) ~[modlauncher-10.0.9.jar%2355!/:?]
	at cpw.mods.modlauncher.BootstrapLaunchConsumer.accept(BootstrapLaunchConsumer.java:23) ~[modlauncher-10.0.9.jar%2355!/:?]
	at cpw.mods.bootstraplauncher.BootstrapLauncher.main(BootstrapLauncher.java:141) ~[bootstraplauncher-1.1.2.jar:?]
[10May2026 16:43:44.266] [main/ERROR] [tacz/GunIndexLoader]: Failed to load data file bf1:mg42
com.google.gson.JsonParseException: there is no corresponding data file
	at com.tacz.guns.resource.serialize.CommonGunIndexSerializer.deserialize(CommonGunIndexSerializer.java:19) ~[tacz-1.20.1-1.1.6-hotfix.jar%23485!/:1.1.6-hotfix]
	at com.tacz.guns.resource.serialize.CommonGunIndexSerializer.deserialize(CommonGunIndexSerializer.java:12) ~[tacz-1.20.1-1.1.6-hotfix.jar%23485!/:1.1.6-hotfix]
	at com.google.gson.internal.bind.TreeTypeAdapter.read(TreeTypeAdapter.java:76) ~[gson-2.10.jar%2372!/:?]
	at com.google.gson.Gson.fromJson(Gson.java:1214) ~[gson-2.10.jar%2372!/:?]
	at com.google.gson.Gson.fromJson(Gson.java:1319) ~[gson-2.10.jar%2372!/:?]
	at com.google.gson.Gson.fromJson(Gson.java:1261) ~[gson-2.10.jar%2372!/:?]
	at com.tacz.guns.resource.manager.JsonDataManager.parseJson(JsonDataManager.java:69) ~[tacz-1.20.1-1.1.6-hotfix.jar%23485!/:1.1.6-hotfix]
	at com.tacz.guns.resource.manager.JsonDataManager.apply(JsonDataManager.java:58) ~[tacz-1.20.1-1.1.6-hotfix.jar%23485!/:1.1.6-hotfix]
	at com.tacz.guns.resource.manager.CommonDataManager.apply(CommonDataManager.java:35) ~[tacz-1.20.1-1.1.6-hotfix.jar%23485!/:1.1.6-hotfix]
	at com.tacz.guns.resource.manager.CommonDataManager.m_5787_(CommonDataManager.java:19) ~[tacz-1.20.1-1.1.6-hotfix.jar%23485!/:1.1.6-hotfix]
	at net.minecraft.server.packs.resources.SimplePreparableReloadListener.m_10789_(SimplePreparableReloadListener.java:13) ~[server-1.20.1-20230612.114412-srg.jar%23510!/:?]
	at java.util.concurrent.CompletableFuture$UniAccept.tryFire(CompletableFuture.java:718) ~[?:?]
	at java.util.concurrent.CompletableFuture$Completion.run(CompletableFuture.java:482) ~[?:?]
	at net.minecraft.server.packs.resources.SimpleReloadInstance.m_143940_(SimpleReloadInstance.java:69) ~[server-1.20.1-20230612.114412-srg.jar%23510!/:?]
	at net.minecraft.Util.m_214652_(Util.java:783) ~[server-1.20.1-20230612.114412-srg.jar%23510!/:?]
	at net.minecraft.Util.m_214679_(Util.java:772) ~[server-1.20.1-20230612.114412-srg.jar%23510!/:?]
	at net.minecraft.server.Main.main(Main.java:166) ~[server-1.20.1-20230612.114412-srg.jar%23510!/:?]
	at jdk.internal.reflect.NativeMethodAccessorImpl.invoke0(Native Method) ~[?:?]
	at jdk.internal.reflect.NativeMethodAccessorImpl.invoke(NativeMethodAccessorImpl.java:77) ~[?:?]
	at jdk.internal.reflect.DelegatingMethodAccessorImpl.invoke(DelegatingMethodAccessorImpl.java:43) ~[?:?]
	at java.lang.reflect.Method.invoke(Method.java:569) ~[?:?]
	at net.minecraftforge.fml.loading.targets.CommonLaunchHandler.runTarget(CommonLaunchHandler.java:111) ~[fmlloader-1.20.1-47.4.20.jar%2369!/:?]
	at net.minecraftforge.fml.loading.targets.CommonLaunchHandler.serverService(CommonLaunchHandler.java:103) ~[fmlloader-1.20.1-47.4.20.jar%2369!/:?]
	at net.minecraftforge.fml.loading.targets.CommonServerLaunchHandler.lambda$makeService$0(CommonServerLaunchHandler.java:27) ~[fmlloader-1.20.1-47.4.20.jar%2369!/:?]
	at cpw.mods.modlauncher.LaunchServiceHandlerDecorator.launch(LaunchServiceHandlerDecorator.java:30) ~[modlauncher-10.0.9.jar%2355!/:?]
	at cpw.mods.modlauncher.LaunchServiceHandler.launch(LaunchServiceHandler.java:53) ~[modlauncher-10.0.9.jar%2355!/:?]
	at cpw.mods.modlauncher.LaunchServiceHandler.launch(LaunchServiceHandler.java:71) ~[modlauncher-10.0.9.jar%2355!/:?]
	at cpw.mods.modlauncher.Launcher.run(Launcher.java:108) ~[modlauncher-10.0.9.jar%2355!/:?]
	at cpw.mods.modlauncher.Launcher.main(Launcher.java:78) ~[modlauncher-10.0.9.jar%2355!/:?]
	at cpw.mods.modlauncher.BootstrapLaunchConsumer.accept(BootstrapLaunchConsumer.java:26) ~[modlauncher-10.0.9.jar%2355!/:?]
	at cpw.mods.modlauncher.BootstrapLaunchConsumer.accept(BootstrapLaunchConsumer.java:23) ~[modlauncher-10.0.9.jar%2355!/:?]
	at cpw.mods.bootstraplauncher.BootstrapLauncher.main(BootstrapLauncher.java:141) ~[bootstraplauncher-1.1.2.jar:?]
[10May2026 16:43:44.267] [main/ERROR] [tacz/GunIndexLoader]: Failed to load data file bf1:wex
com.google.gson.JsonParseException: there is no corresponding data file
	at com.tacz.guns.resource.serialize.CommonGunIndexSerializer.deserialize(CommonGunIndexSerializer.java:19) ~[tacz-1.20.1-1.1.6-hotfix.jar%23485!/:1.1.6-hotfix]
	at com.tacz.guns.resource.serialize.CommonGunIndexSerializer.deserialize(CommonGunIndexSerializer.java:12) ~[tacz-1.20.1-1.1.6-hotfix.jar%23485!/:1.1.6-hotfix]
	at com.google.gson.internal.bind.TreeTypeAdapter.read(TreeTypeAdapter.java:76) ~[gson-2.10.jar%2372!/:?]
	at com.google.gson.Gson.fromJson(Gson.java:1214) ~[gson-2.10.jar%2372!/:?]
	at com.google.gson.Gson.fromJson(Gson.java:1319) ~[gson-2.10.jar%2372!/:?]
	at com.google.gson.Gson.fromJson(Gson.java:1261) ~[gson-2.10.jar%2372!/:?]
	at com.tacz.guns.resource.manager.JsonDataManager.parseJson(JsonDataManager.java:69) ~[tacz-1.20.1-1.1.6-hotfix.jar%23485!/:1.1.6-hotfix]
	at com.tacz.guns.resource.manager.JsonDataManager.apply(JsonDataManager.java:58) ~[tacz-1.20.1-1.1.6-hotfix.jar%23485!/:1.1.6-hotfix]
	at com.tacz.guns.resource.manager.CommonDataManager.apply(CommonDataManager.java:35) ~[tacz-1.20.1-1.1.6-hotfix.jar%23485!/:1.1.6-hotfix]
	at com.tacz.guns.resource.manager.CommonDataManager.m_5787_(CommonDataManager.java:19) ~[tacz-1.20.1-1.1.6-hotfix.jar%23485!/:1.1.6-hotfix]
	at net.minecraft.server.packs.resources.SimplePreparableReloadListener.m_10789_(SimplePreparableReloadListener.java:13) ~[server-1.20.1-20230612.114412-srg.jar%23510!/:?]
	at java.util.concurrent.CompletableFuture$UniAccept.tryFire(CompletableFuture.java:718) ~[?:?]
	at java.util.concurrent.CompletableFuture$Completion.run(CompletableFuture.java:482) ~[?:?]
	at net.minecraft.server.packs.resources.SimpleReloadInstance.m_143940_(SimpleReloadInstance.java:69) ~[server-1.20.1-20230612.114412-srg.jar%23510!/:?]
	at net.minecraft.Util.m_214652_(Util.java:783) ~[server-1.20.1-20230612.114412-srg.jar%23510!/:?]
	at net.minecraft.Util.m_214679_(Util.java:772) ~[server-1.20.1-20230612.114412-srg.jar%23510!/:?]
	at net.minecraft.server.Main.main(Main.java:166) ~[server-1.20.1-20230612.114412-srg.jar%23510!/:?]
	at jdk.internal.reflect.NativeMethodAccessorImpl.invoke0(Native Method) ~[?:?]
	at jdk.internal.reflect.NativeMethodAccessorImpl.invoke(NativeMethodAccessorImpl.java:77) ~[?:?]
	at jdk.internal.reflect.DelegatingMethodAccessorImpl.invoke(DelegatingMethodAccessorImpl.java:43) ~[?:?]
	at java.lang.reflect.Method.invoke(Method.java:569) ~[?:?]
	at net.minecraftforge.fml.loading.targets.CommonLaunchHandler.runTarget(CommonLaunchHandler.java:111) ~[fmlloader-1.20.1-47.4.20.jar%2369!/:?]
	at net.minecraftforge.fml.loading.targets.CommonLaunchHandler.serverService(CommonLaunchHandler.java:103) ~[fmlloader-1.20.1-47.4.20.jar%2369!/:?]
	at net.minecraftforge.fml.loading.targets.CommonServerLaunchHandler.lambda$makeService$0(CommonServerLaunchHandler.java:27) ~[fmlloader-1.20.1-47.4.20.jar%2369!/:?]
	at cpw.mods.modlauncher.LaunchServiceHandlerDecorator.launch(LaunchServiceHandlerDecorator.java:30) ~[modlauncher-10.0.9.jar%2355!/:?]
	at cpw.mods.modlauncher.LaunchServiceHandler.launch(LaunchServiceHandler.java:53) ~[modlauncher-10.0.9.jar%2355!/:?]
	at cpw.mods.modlauncher.LaunchServiceHandler.launch(LaunchServiceHandler.java:71) ~[modlauncher-10.0.9.jar%2355!/:?]
	at cpw.mods.modlauncher.Launcher.run(Launcher.java:108) ~[modlauncher-10.0.9.jar%2355!/:?]
	at cpw.mods.modlauncher.Launcher.main(Launcher.java:78) ~[modlauncher-10.0.9.jar%2355!/:?]
	at cpw.mods.modlauncher.BootstrapLaunchConsumer.accept(BootstrapLaunchConsumer.java:26) ~[modlauncher-10.0.9.jar%2355!/:?]
	at cpw.mods.modlauncher.BootstrapLaunchConsumer.accept(BootstrapLaunchConsumer.java:23) ~[modlauncher-10.0.9.jar%2355!/:?]
	at cpw.mods.bootstraplauncher.BootstrapLauncher.main(BootstrapLauncher.java:141) ~[bootstraplauncher-1.1.2.jar:?]
[10May2026 16:43:44.267] [main/ERROR] [tacz/GunIndexLoader]: Failed to load data file bf1:lewis
com.google.gson.JsonParseException: there is no corresponding data file
	at com.tacz.guns.resource.serialize.CommonGunIndexSerializer.deserialize(CommonGunIndexSerializer.java:19) ~[tacz-1.20.1-1.1.6-hotfix.jar%23485!/:1.1.6-hotfix]
	at com.tacz.guns.resource.serialize.CommonGunIndexSerializer.deserialize(CommonGunIndexSerializer.java:12) ~[tacz-1.20.1-1.1.6-hotfix.jar%23485!/:1.1.6-hotfix]
	at com.google.gson.internal.bind.TreeTypeAdapter.read(TreeTypeAdapter.java:76) ~[gson-2.10.jar%2372!/:?]
	at com.google.gson.Gson.fromJson(Gson.java:1214) ~[gson-2.10.jar%2372!/:?]
	at com.google.gson.Gson.fromJson(Gson.java:1319) ~[gson-2.10.jar%2372!/:?]
	at com.google.gson.Gson.fromJson(Gson.java:1261) ~[gson-2.10.jar%2372!/:?]
	at com.tacz.guns.resource.manager.JsonDataManager.parseJson(JsonDataManager.java:69) ~[tacz-1.20.1-1.1.6-hotfix.jar%23485!/:1.1.6-hotfix]
	at com.tacz.guns.resource.manager.JsonDataManager.apply(JsonDataManager.java:58) ~[tacz-1.20.1-1.1.6-hotfix.jar%23485!/:1.1.6-hotfix]
	at com.tacz.guns.resource.manager.CommonDataManager.apply(CommonDataManager.java:35) ~[tacz-1.20.1-1.1.6-hotfix.jar%23485!/:1.1.6-hotfix]
	at com.tacz.guns.resource.manager.CommonDataManager.m_5787_(CommonDataManager.java:19) ~[tacz-1.20.1-1.1.6-hotfix.jar%23485!/:1.1.6-hotfix]
	at net.minecraft.server.packs.resources.SimplePreparableReloadListener.m_10789_(SimplePreparableReloadListener.java:13) ~[server-1.20.1-20230612.114412-srg.jar%23510!/:?]
	at java.util.concurrent.CompletableFuture$UniAccept.tryFire(CompletableFuture.java:718) ~[?:?]
	at java.util.concurrent.CompletableFuture$Completion.run(CompletableFuture.java:482) ~[?:?]
	at net.minecraft.server.packs.resources.SimpleReloadInstance.m_143940_(SimpleReloadInstance.java:69) ~[server-1.20.1-20230612.114412-srg.jar%23510!/:?]
	at net.minecraft.Util.m_214652_(Util.java:783) ~[server-1.20.1-20230612.114412-srg.jar%23510!/:?]
	at net.minecraft.Util.m_214679_(Util.java:772) ~[server-1.20.1-20230612.114412-srg.jar%23510!/:?]
	at net.minecraft.server.Main.main(Main.java:166) ~[server-1.20.1-20230612.114412-srg.jar%23510!/:?]
	at jdk.internal.reflect.NativeMethodAccessorImpl.invoke0(Native Method) ~[?:?]
	at jdk.internal.reflect.NativeMethodAccessorImpl.invoke(NativeMethodAccessorImpl.java:77) ~[?:?]
	at jdk.internal.reflect.DelegatingMethodAccessorImpl.invoke(DelegatingMethodAccessorImpl.java:43) ~[?:?]
	at java.lang.reflect.Method.invoke(Method.java:569) ~[?:?]
	at net.minecraftforge.fml.loading.targets.CommonLaunchHandler.runTarget(CommonLaunchHandler.java:111) ~[fmlloader-1.20.1-47.4.20.jar%2369!/:?]
	at net.minecraftforge.fml.loading.targets.CommonLaunchHandler.serverService(CommonLaunchHandler.java:103) ~[fmlloader-1.20.1-47.4.20.jar%2369!/:?]
	at net.minecraftforge.fml.loading.targets.CommonServerLaunchHandler.lambda$makeService$0(CommonServerLaunchHandler.java:27) ~[fmlloader-1.20.1-47.4.20.jar%2369!/:?]
	at cpw.mods.modlauncher.LaunchServiceHandlerDecorator.launch(LaunchServiceHandlerDecorator.java:30) ~[modlauncher-10.0.9.jar%2355!/:?]
	at cpw.mods.modlauncher.LaunchServiceHandler.launch(LaunchServiceHandler.java:53) ~[modlauncher-10.0.9.jar%2355!/:?]
	at cpw.mods.modlauncher.LaunchServiceHandler.launch(LaunchServiceHandler.java:71) ~[modlauncher-10.0.9.jar%2355!/:?]
	at cpw.mods.modlauncher.Launcher.run(Launcher.java:108) ~[modlauncher-10.0.9.jar%2355!/:?]
	at cpw.mods.modlauncher.Launcher.main(Launcher.java:78) ~[modlauncher-10.0.9.jar%2355!/:?]
	at cpw.mods.modlauncher.BootstrapLaunchConsumer.accept(BootstrapLaunchConsumer.java:26) ~[modlauncher-10.0.9.jar%2355!/:?]
	at cpw.mods.modlauncher.BootstrapLaunchConsumer.accept(BootstrapLaunchConsumer.java:23) ~[modlauncher-10.0.9.jar%2355!/:?]
	at cpw.mods.bootstraplauncher.BootstrapLauncher.main(BootstrapLauncher.java:141) ~[bootstraplauncher-1.1.2.jar:?]
[10May2026 16:43:44.775] [main/ERROR] [tacz/GunIndexLoader]: Failed to load data file bf1:sjogren
com.google.gson.JsonParseException: there is no corresponding data file
	at com.tacz.guns.resource.serialize.CommonGunIndexSerializer.deserialize(CommonGunIndexSerializer.java:19) ~[tacz-1.20.1-1.1.6-hotfix.jar%23485!/:1.1.6-hotfix]
	at com.tacz.guns.resource.serialize.CommonGunIndexSerializer.deserialize(CommonGunIndexSerializer.java:12) ~[tacz-1.20.1-1.1.6-hotfix.jar%23485!/:1.1.6-hotfix]
	at com.google.gson.internal.bind.TreeTypeAdapter.read(TreeTypeAdapter.java:76) ~[gson-2.10.jar%2372!/:?]
	at com.google.gson.Gson.fromJson(Gson.java:1214) ~[gson-2.10.jar%2372!/:?]
	at com.google.gson.Gson.fromJson(Gson.java:1319) ~[gson-2.10.jar%2372!/:?]
	at com.google.gson.Gson.fromJson(Gson.java:1261) ~[gson-2.10.jar%2372!/:?]
	at com.tacz.guns.resource.manager.JsonDataManager.parseJson(JsonDataManager.java:69) ~[tacz-1.20.1-1.1.6-hotfix.jar%23485!/:1.1.6-hotfix]
	at com.tacz.guns.resource.manager.JsonDataManager.apply(JsonDataManager.java:58) ~[tacz-1.20.1-1.1.6-hotfix.jar%23485!/:1.1.6-hotfix]
	at com.tacz.guns.resource.manager.CommonDataManager.apply(CommonDataManager.java:35) ~[tacz-1.20.1-1.1.6-hotfix.jar%23485!/:1.1.6-hotfix]
	at com.tacz.guns.resource.manager.CommonDataManager.m_5787_(CommonDataManager.java:19) ~[tacz-1.20.1-1.1.6-hotfix.jar%23485!/:1.1.6-hotfix]
	at net.minecraft.server.packs.resources.SimplePreparableReloadListener.m_10789_(SimplePreparableReloadListener.java:13) ~[server-1.20.1-20230612.114412-srg.jar%23510!/:?]
	at java.util.concurrent.CompletableFuture$UniAccept.tryFire(CompletableFuture.java:718) ~[?:?]
	at java.util.concurrent.CompletableFuture$Completion.run(CompletableFuture.java:482) ~[?:?]
	at net.minecraft.server.packs.resources.SimpleReloadInstance.m_143940_(SimpleReloadInstance.java:69) ~[server-1.20.1-20230612.114412-srg.jar%23510!/:?]
	at net.minecraft.Util.m_214652_(Util.java:783) ~[server-1.20.1-20230612.114412-srg.jar%23510!/:?]
	at net.minecraft.Util.m_214679_(Util.java:772) ~[server-1.20.1-20230612.114412-srg.jar%23510!/:?]
	at net.minecraft.server.Main.main(Main.java:166) ~[server-1.20.1-20230612.114412-srg.jar%23510!/:?]
	at jdk.internal.reflect.NativeMethodAccessorImpl.invoke0(Native Method) ~[?:?]
	at jdk.internal.reflect.NativeMethodAccessorImpl.invoke(NativeMethodAccessorImpl.java:77) ~[?:?]
	at jdk.internal.reflect.DelegatingMethodAccessorImpl.invoke(DelegatingMethodAccessorImpl.java:43) ~[?:?]
	at java.lang.reflect.Method.invoke(Method.java:569) ~[?:?]
	at net.minecraftforge.fml.loading.targets.CommonLaunchHandler.runTarget(CommonLaunchHandler.java:111) ~[fmlloader-1.20.1-47.4.20.jar%2369!/:?]
	at net.minecraftforge.fml.loading.targets.CommonLaunchHandler.serverService(CommonLaunchHandler.java:103) ~[fmlloader-1.20.1-47.4.20.jar%2369!/:?]
	at net.minecraftforge.fml.loading.targets.CommonServerLaunchHandler.lambda$makeService$0(CommonServerLaunchHandler.java:27) ~[fmlloader-1.20.1-47.4.20.jar%2369!/:?]
	at cpw.mods.modlauncher.LaunchServiceHandlerDecorator.launch(LaunchServiceHandlerDecorator.java:30) ~[modlauncher-10.0.9.jar%2355!/:?]
	at cpw.mods.modlauncher.LaunchServiceHandler.launch(LaunchServiceHandler.java:53) ~[modlauncher-10.0.9.jar%2355!/:?]
	at cpw.mods.modlauncher.LaunchServiceHandler.launch(LaunchServiceHandler.java:71) ~[modlauncher-10.0.9.jar%2355!/:?]
	at cpw.mods.modlauncher.Launcher.run(Launcher.java:108) ~[modlauncher-10.0.9.jar%2355!/:?]
	at cpw.mods.modlauncher.Launcher.main(Launcher.java:78) ~[modlauncher-10.0.9.jar%2355!/:?]
	at cpw.mods.modlauncher.BootstrapLaunchConsumer.accept(BootstrapLaunchConsumer.java:26) ~[modlauncher-10.0.9.jar%2355!/:?]
	at cpw.mods.modlauncher.BootstrapLaunchConsumer.accept(BootstrapLaunchConsumer.java:23) ~[modlauncher-10.0.9.jar%2355!/:?]
	at cpw.mods.bootstraplauncher.BootstrapLauncher.main(BootstrapLauncher.java:141) ~[bootstraplauncher-1.1.2.jar:?]
[10May2026 16:43:44.780] [main/ERROR] [tacz/GunIndexLoader]: Failed to load data file bf1:lunge_mine
com.google.gson.JsonParseException: there is no corresponding data file
	at com.tacz.guns.resource.serialize.CommonGunIndexSerializer.deserialize(CommonGunIndexSerializer.java:19) ~[tacz-1.20.1-1.1.6-hotfix.jar%23485!/:1.1.6-hotfix]
	at com.tacz.guns.resource.serialize.CommonGunIndexSerializer.deserialize(CommonGunIndexSerializer.java:12) ~[tacz-1.20.1-1.1.6-hotfix.jar%23485!/:1.1.6-hotfix]
	at com.google.gson.internal.bind.TreeTypeAdapter.read(TreeTypeAdapter.java:76) ~[gson-2.10.jar%2372!/:?]
	at com.google.gson.Gson.fromJson(Gson.java:1214) ~[gson-2.10.jar%2372!/:?]
	at com.google.gson.Gson.fromJson(Gson.java:1319) ~[gson-2.10.jar%2372!/:?]
	at com.google.gson.Gson.fromJson(Gson.java:1261) ~[gson-2.10.jar%2372!/:?]
	at com.tacz.guns.resource.manager.JsonDataManager.parseJson(JsonDataManager.java:69) ~[tacz-1.20.1-1.1.6-hotfix.jar%23485!/:1.1.6-hotfix]
	at com.tacz.guns.resource.manager.JsonDataManager.apply(JsonDataManager.java:58) ~[tacz-1.20.1-1.1.6-hotfix.jar%23485!/:1.1.6-hotfix]
	at com.tacz.guns.resource.manager.CommonDataManager.apply(CommonDataManager.java:35) ~[tacz-1.20.1-1.1.6-hotfix.jar%23485!/:1.1.6-hotfix]
	at com.tacz.guns.resource.manager.CommonDataManager.m_5787_(CommonDataManager.java:19) ~[tacz-1.20.1-1.1.6-hotfix.jar%23485!/:1.1.6-hotfix]
	at net.minecraft.server.packs.resources.SimplePreparableReloadListener.m_10789_(SimplePreparableReloadListener.java:13) ~[server-1.20.1-20230612.114412-srg.jar%23510!/:?]
	at java.util.concurrent.CompletableFuture$UniAccept.tryFire(CompletableFuture.java:718) ~[?:?]
	at java.util.concurrent.CompletableFuture$Completion.run(CompletableFuture.java:482) ~[?:?]
	at net.minecraft.server.packs.resources.SimpleReloadInstance.m_143940_(SimpleReloadInstance.java:69) ~[server-1.20.1-20230612.114412-srg.jar%23510!/:?]
	at net.minecraft.Util.m_214652_(Util.java:783) ~[server-1.20.1-20230612.114412-srg.jar%23510!/:?]
	at net.minecraft.Util.m_214679_(Util.java:772) ~[server-1.20.1-20230612.114412-srg.jar%23510!/:?]
	at net.minecraft.server.Main.main(Main.java:166) ~[server-1.20.1-20230612.114412-srg.jar%23510!/:?]
	at jdk.internal.reflect.NativeMethodAccessorImpl.invoke0(Native Method) ~[?:?]
	at jdk.internal.reflect.NativeMethodAccessorImpl.invoke(NativeMethodAccessorImpl.java:77) ~[?:?]
	at jdk.internal.reflect.DelegatingMethodAccessorImpl.invoke(DelegatingMethodAccessorImpl.java:43) ~[?:?]
	at java.lang.reflect.Method.invoke(Method.java:569) ~[?:?]
	at net.minecraftforge.fml.loading.targets.CommonLaunchHandler.runTarget(CommonLaunchHandler.java:111) ~[fmlloader-1.20.1-47.4.20.jar%2369!/:?]
	at net.minecraftforge.fml.loading.targets.CommonLaunchHandler.serverService(CommonLaunchHandler.java:103) ~[fmlloader-1.20.1-47.4.20.jar%2369!/:?]
	at net.minecraftforge.fml.loading.targets.CommonServerLaunchHandler.lambda$makeService$0(CommonServerLaunchHandler.java:27) ~[fmlloader-1.20.1-47.4.20.jar%2369!/:?]
	at cpw.mods.modlauncher.LaunchServiceHandlerDecorator.launch(LaunchServiceHandlerDecorator.java:30) ~[modlauncher-10.0.9.jar%2355!/:?]
	at cpw.mods.modlauncher.LaunchServiceHandler.launch(LaunchServiceHandler.java:53) ~[modlauncher-10.0.9.jar%2355!/:?]
	at cpw.mods.modlauncher.LaunchServiceHandler.launch(LaunchServiceHandler.java:71) ~[modlauncher-10.0.9.jar%2355!/:?]
	at cpw.mods.modlauncher.Launcher.run(Launcher.java:108) ~[modlauncher-10.0.9.jar%2355!/:?]
	at cpw.mods.modlauncher.Launcher.main(Launcher.java:78) ~[modlauncher-10.0.9.jar%2355!/:?]
	at cpw.mods.modlauncher.BootstrapLaunchConsumer.accept(BootstrapLaunchConsumer.java:26) ~[modlauncher-10.0.9.jar%2355!/:?]
	at cpw.mods.modlauncher.BootstrapLaunchConsumer.accept(BootstrapLaunchConsumer.java:23) ~[modlauncher-10.0.9.jar%2355!/:?]
	at cpw.mods.bootstraplauncher.BootstrapLauncher.main(BootstrapLauncher.java:141) ~[bootstraplauncher-1.1.2.jar:?]
[10May2026 16:43:44.782] [main/ERROR] [tacz/GunIndexLoader]: Failed to load data file bf1:de_lisle
com.google.gson.JsonParseException: there is no corresponding data file
	at com.tacz.guns.resource.serialize.CommonGunIndexSerializer.deserialize(CommonGunIndexSerializer.java:19) ~[tacz-1.20.1-1.1.6-hotfix.jar%23485!/:1.1.6-hotfix]
	at com.tacz.guns.resource.serialize.CommonGunIndexSerializer.deserialize(CommonGunIndexSerializer.java:12) ~[tacz-1.20.1-1.1.6-hotfix.jar%23485!/:1.1.6-hotfix]
	at com.google.gson.internal.bind.TreeTypeAdapter.read(TreeTypeAdapter.java:76) ~[gson-2.10.jar%2372!/:?]
	at com.google.gson.Gson.fromJson(Gson.java:1214) ~[gson-2.10.jar%2372!/:?]
	at com.google.gson.Gson.fromJson(Gson.java:1319) ~[gson-2.10.jar%2372!/:?]
	at com.google.gson.Gson.fromJson(Gson.java:1261) ~[gson-2.10.jar%2372!/:?]
	at com.tacz.guns.resource.manager.JsonDataManager.parseJson(JsonDataManager.java:69) ~[tacz-1.20.1-1.1.6-hotfix.jar%23485!/:1.1.6-hotfix]
	at com.tacz.guns.resource.manager.JsonDataManager.apply(JsonDataManager.java:58) ~[tacz-1.20.1-1.1.6-hotfix.jar%23485!/:1.1.6-hotfix]
	at com.tacz.guns.resource.manager.CommonDataManager.apply(CommonDataManager.java:35) ~[tacz-1.20.1-1.1.6-hotfix.jar%23485!/:1.1.6-hotfix]
	at com.tacz.guns.resource.manager.CommonDataManager.m_5787_(CommonDataManager.java:19) ~[tacz-1.20.1-1.1.6-hotfix.jar%23485!/:1.1.6-hotfix]
	at net.minecraft.server.packs.resources.SimplePreparableReloadListener.m_10789_(SimplePreparableReloadListener.java:13) ~[server-1.20.1-20230612.114412-srg.jar%23510!/:?]
	at java.util.concurrent.CompletableFuture$UniAccept.tryFire(CompletableFuture.java:718) ~[?:?]
	at java.util.concurrent.CompletableFuture$Completion.run(CompletableFuture.java:482) ~[?:?]
	at net.minecraft.server.packs.resources.SimpleReloadInstance.m_143940_(SimpleReloadInstance.java:69) ~[server-1.20.1-20230612.114412-srg.jar%23510!/:?]
	at net.minecraft.Util.m_214652_(Util.java:783) ~[server-1.20.1-20230612.114412-srg.jar%23510!/:?]
	at net.minecraft.Util.m_214679_(Util.java:772) ~[server-1.20.1-20230612.114412-srg.jar%23510!/:?]
	at net.minecraft.server.Main.main(Main.java:166) ~[server-1.20.1-20230612.114412-srg.jar%23510!/:?]
	at jdk.internal.reflect.NativeMethodAccessorImpl.invoke0(Native Method) ~[?:?]
	at jdk.internal.reflect.NativeMethodAccessorImpl.invoke(NativeMethodAccessorImpl.java:77) ~[?:?]
	at jdk.internal.reflect.DelegatingMethodAccessorImpl.invoke(DelegatingMethodAccessorImpl.java:43) ~[?:?]
	at java.lang.reflect.Method.invoke(Method.java:569) ~[?:?]
	at net.minecraftforge.fml.loading.targets.CommonLaunchHandler.runTarget(CommonLaunchHandler.java:111) ~[fmlloader-1.20.1-47.4.20.jar%2369!/:?]
	at net.minecraftforge.fml.loading.targets.CommonLaunchHandler.serverService(CommonLaunchHandler.java:103) ~[fmlloader-1.20.1-47.4.20.jar%2369!/:?]
	at net.minecraftforge.fml.loading.targets.CommonServerLaunchHandler.lambda$makeService$0(CommonServerLaunchHandler.java:27) ~[fmlloader-1.20.1-47.4.20.jar%2369!/:?]
	at cpw.mods.modlauncher.LaunchServiceHandlerDecorator.launch(LaunchServiceHandlerDecorator.java:30) ~[modlauncher-10.0.9.jar%2355!/:?]
	at cpw.mods.modlauncher.LaunchServiceHandler.launch(LaunchServiceHandler.java:53) ~[modlauncher-10.0.9.jar%2355!/:?]
	at cpw.mods.modlauncher.LaunchServiceHandler.launch(LaunchServiceHandler.java:71) ~[modlauncher-10.0.9.jar%2355!/:?]
	at cpw.mods.modlauncher.Launcher.run(Launcher.java:108) ~[modlauncher-10.0.9.jar%2355!/:?]
	at cpw.mods.modlauncher.Launcher.main(Launcher.java:78) ~[modlauncher-10.0.9.jar%2355!/:?]
	at cpw.mods.modlauncher.BootstrapLaunchConsumer.accept(BootstrapLaunchConsumer.java:26) ~[modlauncher-10.0.9.jar%2355!/:?]
	at cpw.mods.modlauncher.BootstrapLaunchConsumer.accept(BootstrapLaunchConsumer.java:23) ~[modlauncher-10.0.9.jar%2355!/:?]
	at cpw.mods.bootstraplauncher.BootstrapLauncher.main(BootstrapLauncher.java:141) ~[bootstraplauncher-1.1.2.jar:?]
[10May2026 16:43:44.784] [main/ERROR] [tacz/GunIndexLoader]: Failed to load data file bf1:kolibri
com.google.gson.JsonParseException: there is no corresponding data file
	at com.tacz.guns.resource.serialize.CommonGunIndexSerializer.deserialize(CommonGunIndexSerializer.java:19) ~[tacz-1.20.1-1.1.6-hotfix.jar%23485!/:1.1.6-hotfix]
	at com.tacz.guns.resource.serialize.CommonGunIndexSerializer.deserialize(CommonGunIndexSerializer.java:12) ~[tacz-1.20.1-1.1.6-hotfix.jar%23485!/:1.1.6-hotfix]
	at com.google.gson.internal.bind.TreeTypeAdapter.read(TreeTypeAdapter.java:76) ~[gson-2.10.jar%2372!/:?]
	at com.google.gson.Gson.fromJson(Gson.java:1214) ~[gson-2.10.jar%2372!/:?]
	at com.google.gson.Gson.fromJson(Gson.java:1319) ~[gson-2.10.jar%2372!/:?]
	at com.google.gson.Gson.fromJson(Gson.java:1261) ~[gson-2.10.jar%2372!/:?]
	at com.tacz.guns.resource.manager.JsonDataManager.parseJson(JsonDataManager.java:69) ~[tacz-1.20.1-1.1.6-hotfix.jar%23485!/:1.1.6-hotfix]
	at com.tacz.guns.resource.manager.JsonDataManager.apply(JsonDataManager.java:58) ~[tacz-1.20.1-1.1.6-hotfix.jar%23485!/:1.1.6-hotfix]
	at com.tacz.guns.resource.manager.CommonDataManager.apply(CommonDataManager.java:35) ~[tacz-1.20.1-1.1.6-hotfix.jar%23485!/:1.1.6-hotfix]
	at com.tacz.guns.resource.manager.CommonDataManager.m_5787_(CommonDataManager.java:19) ~[tacz-1.20.1-1.1.6-hotfix.jar%23485!/:1.1.6-hotfix]
	at net.minecraft.server.packs.resources.SimplePreparableReloadListener.m_10789_(SimplePreparableReloadListener.java:13) ~[server-1.20.1-20230612.114412-srg.jar%23510!/:?]
	at java.util.concurrent.CompletableFuture$UniAccept.tryFire(CompletableFuture.java:718) ~[?:?]
	at java.util.concurrent.CompletableFuture$Completion.run(CompletableFuture.java:482) ~[?:?]
	at net.minecraft.server.packs.resources.SimpleReloadInstance.m_143940_(SimpleReloadInstance.java:69) ~[server-1.20.1-20230612.114412-srg.jar%23510!/:?]
	at net.minecraft.Util.m_214652_(Util.java:783) ~[server-1.20.1-20230612.114412-srg.jar%23510!/:?]
	at net.minecraft.Util.m_214679_(Util.java:772) ~[server-1.20.1-20230612.114412-srg.jar%23510!/:?]
	at net.minecraft.server.Main.main(Main.java:166) ~[server-1.20.1-20230612.114412-srg.jar%23510!/:?]
	at jdk.internal.reflect.NativeMethodAccessorImpl.invoke0(Native Method) ~[?:?]
	at jdk.internal.reflect.NativeMethodAccessorImpl.invoke(NativeMethodAccessorImpl.java:77) ~[?:?]
	at jdk.internal.reflect.DelegatingMethodAccessorImpl.invoke(DelegatingMethodAccessorImpl.java:43) ~[?:?]
	at java.lang.reflect.Method.invoke(Method.java:569) ~[?:?]
	at net.minecraftforge.fml.loading.targets.CommonLaunchHandler.runTarget(CommonLaunchHandler.java:111) ~[fmlloader-1.20.1-47.4.20.jar%2369!/:?]
	at net.minecraftforge.fml.loading.targets.CommonLaunchHandler.serverService(CommonLaunchHandler.java:103) ~[fmlloader-1.20.1-47.4.20.jar%2369!/:?]
	at net.minecraftforge.fml.loading.targets.CommonServerLaunchHandler.lambda$makeService$0(CommonServerLaunchHandler.java:27) ~[fmlloader-1.20.1-47.4.20.jar%2369!/:?]
	at cpw.mods.modlauncher.LaunchServiceHandlerDecorator.launch(LaunchServiceHandlerDecorator.java:30) ~[modlauncher-10.0.9.jar%2355!/:?]
	at cpw.mods.modlauncher.LaunchServiceHandler.launch(LaunchServiceHandler.java:53) ~[modlauncher-10.0.9.jar%2355!/:?]
	at cpw.mods.modlauncher.LaunchServiceHandler.launch(LaunchServiceHandler.java:71) ~[modlauncher-10.0.9.jar%2355!/:?]
	at cpw.mods.modlauncher.Launcher.run(Launcher.java:108) ~[modlauncher-10.0.9.jar%2355!/:?]
	at cpw.mods.modlauncher.Launcher.main(Launcher.java:78) ~[modlauncher-10.0.9.jar%2355!/:?]
	at cpw.mods.modlauncher.BootstrapLaunchConsumer.accept(BootstrapLaunchConsumer.java:26) ~[modlauncher-10.0.9.jar%2355!/:?]
	at cpw.mods.modlauncher.BootstrapLaunchConsumer.accept(BootstrapLaunchConsumer.java:23) ~[modlauncher-10.0.9.jar%2355!/:?]
	at cpw.mods.bootstraplauncher.BootstrapLauncher.main(BootstrapLauncher.java:141) ~[bootstraplauncher-1.1.2.jar:?]
[10May2026 16:43:44.786] [main/ERROR] [tacz/GunIndexLoader]: Failed to load data file bf1:f_faust
com.google.gson.JsonParseException: there is no corresponding data file
	at com.tacz.guns.resource.serialize.CommonGunIndexSerializer.deserialize(CommonGunIndexSerializer.java:19) ~[tacz-1.20.1-1.1.6-hotfix.jar%23485!/:1.1.6-hotfix]
	at com.tacz.guns.resource.serialize.CommonGunIndexSerializer.deserialize(CommonGunIndexSerializer.java:12) ~[tacz-1.20.1-1.1.6-hotfix.jar%23485!/:1.1.6-hotfix]
	at com.google.gson.internal.bind.TreeTypeAdapter.read(TreeTypeAdapter.java:76) ~[gson-2.10.jar%2372!/:?]
	at com.google.gson.Gson.fromJson(Gson.java:1214) ~[gson-2.10.jar%2372!/:?]
	at com.google.gson.Gson.fromJson(Gson.java:1319) ~[gson-2.10.jar%2372!/:?]
	at com.google.gson.Gson.fromJson(Gson.java:1261) ~[gson-2.10.jar%2372!/:?]
	at com.tacz.guns.resource.manager.JsonDataManager.parseJson(JsonDataManager.java:69) ~[tacz-1.20.1-1.1.6-hotfix.jar%23485!/:1.1.6-hotfix]
	at com.tacz.guns.resource.manager.JsonDataManager.apply(JsonDataManager.java:58) ~[tacz-1.20.1-1.1.6-hotfix.jar%23485!/:1.1.6-hotfix]
	at com.tacz.guns.resource.manager.CommonDataManager.apply(CommonDataManager.java:35) ~[tacz-1.20.1-1.1.6-hotfix.jar%23485!/:1.1.6-hotfix]
	at com.tacz.guns.resource.manager.CommonDataManager.m_5787_(CommonDataManager.java:19) ~[tacz-1.20.1-1.1.6-hotfix.jar%23485!/:1.1.6-hotfix]
	at net.minecraft.server.packs.resources.SimplePreparableReloadListener.m_10789_(SimplePreparableReloadListener.java:13) ~[server-1.20.1-20230612.114412-srg.jar%23510!/:?]
	at java.util.concurrent.CompletableFuture$UniAccept.tryFire(CompletableFuture.java:718) ~[?:?]
	at java.util.concurrent.CompletableFuture$Completion.run(CompletableFuture.java:482) ~[?:?]
	at net.minecraft.server.packs.resources.SimpleReloadInstance.m_143940_(SimpleReloadInstance.java:69) ~[server-1.20.1-20230612.114412-srg.jar%23510!/:?]
	at net.minecraft.Util.m_214652_(Util.java:783) ~[server-1.20.1-20230612.114412-srg.jar%23510!/:?]
	at net.minecraft.Util.m_214679_(Util.java:772) ~[server-1.20.1-20230612.114412-srg.jar%23510!/:?]
	at net.minecraft.server.Main.main(Main.java:166) ~[server-1.20.1-20230612.114412-srg.jar%23510!/:?]
	at jdk.internal.reflect.NativeMethodAccessorImpl.invoke0(Native Method) ~[?:?]
	at jdk.internal.reflect.NativeMethodAccessorImpl.invoke(NativeMethodAccessorImpl.java:77) ~[?:?]
	at jdk.internal.reflect.DelegatingMethodAccessorImpl.invoke(DelegatingMethodAccessorImpl.java:43) ~[?:?]
	at java.lang.reflect.Method.invoke(Method.java:569) ~[?:?]
	at net.minecraftforge.fml.loading.targets.CommonLaunchHandler.runTarget(CommonLaunchHandler.java:111) ~[fmlloader-1.20.1-47.4.20.jar%2369!/:?]
	at net.minecraftforge.fml.loading.targets.CommonLaunchHandler.serverService(CommonLaunchHandler.java:103) ~[fmlloader-1.20.1-47.4.20.jar%2369!/:?]
	at net.minecraftforge.fml.loading.targets.CommonServerLaunchHandler.lambda$makeService$0(CommonServerLaunchHandler.java:27) ~[fmlloader-1.20.1-47.4.20.jar%2369!/:?]
	at cpw.mods.modlauncher.LaunchServiceHandlerDecorator.launch(LaunchServiceHandlerDecorator.java:30) ~[modlauncher-10.0.9.jar%2355!/:?]
	at cpw.mods.modlauncher.LaunchServiceHandler.launch(LaunchServiceHandler.java:53) ~[modlauncher-10.0.9.jar%2355!/:?]
	at cpw.mods.modlauncher.LaunchServiceHandler.launch(LaunchServiceHandler.java:71) ~[modlauncher-10.0.9.jar%2355!/:?]
	at cpw.mods.modlauncher.Launcher.run(Launcher.java:108) ~[modlauncher-10.0.9.jar%2355!/:?]
	at cpw.mods.modlauncher.Launcher.main(Launcher.java:78) ~[modlauncher-10.0.9.jar%2355!/:?]
	at cpw.mods.modlauncher.BootstrapLaunchConsumer.accept(BootstrapLaunchConsumer.java:26) ~[modlauncher-10.0.9.jar%2355!/:?]
	at cpw.mods.modlauncher.BootstrapLaunchConsumer.accept(BootstrapLaunchConsumer.java:23) ~[modlauncher-10.0.9.jar%2355!/:?]
	at cpw.mods.bootstraplauncher.BootstrapLauncher.main(BootstrapLauncher.java:141) ~[bootstraplauncher-1.1.2.jar:?]
[10May2026 16:43:44.788] [main/ERROR] [tacz/GunIndexLoader]: Failed to load data file bf1:zk383
com.google.gson.JsonParseException: there is no corresponding data file
	at com.tacz.guns.resource.serialize.CommonGunIndexSerializer.deserialize(CommonGunIndexSerializer.java:19) ~[tacz-1.20.1-1.1.6-hotfix.jar%23485!/:1.1.6-hotfix]
	at com.tacz.guns.resource.serialize.CommonGunIndexSerializer.deserialize(CommonGunIndexSerializer.java:12) ~[tacz-1.20.1-1.1.6-hotfix.jar%23485!/:1.1.6-hotfix]
	at com.google.gson.internal.bind.TreeTypeAdapter.read(TreeTypeAdapter.java:76) ~[gson-2.10.jar%2372!/:?]
	at com.google.gson.Gson.fromJson(Gson.java:1214) ~[gson-2.10.jar%2372!/:?]
	at com.google.gson.Gson.fromJson(Gson.java:1319) ~[gson-2.10.jar%2372!/:?]
	at com.google.gson.Gson.fromJson(Gson.java:1261) ~[gson-2.10.jar%2372!/:?]
	at com.tacz.guns.resource.manager.JsonDataManager.parseJson(JsonDataManager.java:69) ~[tacz-1.20.1-1.1.6-hotfix.jar%23485!/:1.1.6-hotfix]
	at com.tacz.guns.resource.manager.JsonDataManager.apply(JsonDataManager.java:58) ~[tacz-1.20.1-1.1.6-hotfix.jar%23485!/:1.1.6-hotfix]
	at com.tacz.guns.resource.manager.CommonDataManager.apply(CommonDataManager.java:35) ~[tacz-1.20.1-1.1.6-hotfix.jar%23485!/:1.1.6-hotfix]
	at com.tacz.guns.resource.manager.CommonDataManager.m_5787_(CommonDataManager.java:19) ~[tacz-1.20.1-1.1.6-hotfix.jar%23485!/:1.1.6-hotfix]
	at net.minecraft.server.packs.resources.SimplePreparableReloadListener.m_10789_(SimplePreparableReloadListener.java:13) ~[server-1.20.1-20230612.114412-srg.jar%23510!/:?]
	at java.util.concurrent.CompletableFuture$UniAccept.tryFire(CompletableFuture.java:718) ~[?:?]
	at java.util.concurrent.CompletableFuture$Completion.run(CompletableFuture.java:482) ~[?:?]
	at net.minecraft.server.packs.resources.SimpleReloadInstance.m_143940_(SimpleReloadInstance.java:69) ~[server-1.20.1-20230612.114412-srg.jar%23510!/:?]
	at net.minecraft.Util.m_214652_(Util.java:783) ~[server-1.20.1-20230612.114412-srg.jar%23510!/:?]
	at net.minecraft.Util.m_214679_(Util.java:772) ~[server-1.20.1-20230612.114412-srg.jar%23510!/:?]
	at net.minecraft.server.Main.main(Main.java:166) ~[server-1.20.1-20230612.114412-srg.jar%23510!/:?]
	at jdk.internal.reflect.NativeMethodAccessorImpl.invoke0(Native Method) ~[?:?]
	at jdk.internal.reflect.NativeMethodAccessorImpl.invoke(NativeMethodAccessorImpl.java:77) ~[?:?]
	at jdk.internal.reflect.DelegatingMethodAccessorImpl.invoke(DelegatingMethodAccessorImpl.java:43) ~[?:?]
	at java.lang.reflect.Method.invoke(Method.java:569) ~[?:?]
	at net.minecraftforge.fml.loading.targets.CommonLaunchHandler.runTarget(CommonLaunchHandler.java:111) ~[fmlloader-1.20.1-47.4.20.jar%2369!/:?]
	at net.minecraftforge.fml.loading.targets.CommonLaunchHandler.serverService(CommonLaunchHandler.java:103) ~[fmlloader-1.20.1-47.4.20.jar%2369!/:?]
	at net.minecraftforge.fml.loading.targets.CommonServerLaunchHandler.lambda$makeService$0(CommonServerLaunchHandler.java:27) ~[fmlloader-1.20.1-47.4.20.jar%2369!/:?]
	at cpw.mods.modlauncher.LaunchServiceHandlerDecorator.launch(LaunchServiceHandlerDecorator.java:30) ~[modlauncher-10.0.9.jar%2355!/:?]
	at cpw.mods.modlauncher.LaunchServiceHandler.launch(LaunchServiceHandler.java:53) ~[modlauncher-10.0.9.jar%2355!/:?]
	at cpw.mods.modlauncher.LaunchServiceHandler.launch(LaunchServiceHandler.java:71) ~[modlauncher-10.0.9.jar%2355!/:?]
	at cpw.mods.modlauncher.Launcher.run(Launcher.java:108) ~[modlauncher-10.0.9.jar%2355!/:?]
	at cpw.mods.modlauncher.Launcher.main(Launcher.java:78) ~[modlauncher-10.0.9.jar%2355!/:?]
	at cpw.mods.modlauncher.BootstrapLaunchConsumer.accept(BootstrapLaunchConsumer.java:26) ~[modlauncher-10.0.9.jar%2355!/:?]
	at cpw.mods.modlauncher.BootstrapLaunchConsumer.accept(BootstrapLaunchConsumer.java:23) ~[modlauncher-10.0.9.jar%2355!/:?]
	at cpw.mods.bootstraplauncher.BootstrapLauncher.main(BootstrapLauncher.java:141) ~[bootstraplauncher-1.1.2.jar:?]
[10May2026 16:43:44.789] [main/ERROR] [tacz/GunIndexLoader]: Failed to load data file bf1:ef46
com.google.gson.JsonParseException: there is no corresponding data file
	at com.tacz.guns.resource.serialize.CommonGunIndexSerializer.deserialize(CommonGunIndexSerializer.java:19) ~[tacz-1.20.1-1.1.6-hotfix.jar%23485!/:1.1.6-hotfix]
	at com.tacz.guns.resource.serialize.CommonGunIndexSerializer.deserialize(CommonGunIndexSerializer.java:12) ~[tacz-1.20.1-1.1.6-hotfix.jar%23485!/:1.1.6-hotfix]
	at com.google.gson.internal.bind.TreeTypeAdapter.read(TreeTypeAdapter.java:76) ~[gson-2.10.jar%2372!/:?]
	at com.google.gson.Gson.fromJson(Gson.java:1214) ~[gson-2.10.jar%2372!/:?]
	at com.google.gson.Gson.fromJson(Gson.java:1319) ~[gson-2.10.jar%2372!/:?]
	at com.google.gson.Gson.fromJson(Gson.java:1261) ~[gson-2.10.jar%2372!/:?]
	at com.tacz.guns.resource.manager.JsonDataManager.parseJson(JsonDataManager.java:69) ~[tacz-1.20.1-1.1.6-hotfix.jar%23485!/:1.1.6-hotfix]
	at com.tacz.guns.resource.manager.JsonDataManager.apply(JsonDataManager.java:58) ~[tacz-1.20.1-1.1.6-hotfix.jar%23485!/:1.1.6-hotfix]
	at com.tacz.guns.resource.manager.CommonDataManager.apply(CommonDataManager.java:35) ~[tacz-1.20.1-1.1.6-hotfix.jar%23485!/:1.1.6-hotfix]
	at com.tacz.guns.resource.manager.CommonDataManager.m_5787_(CommonDataManager.java:19) ~[tacz-1.20.1-1.1.6-hotfix.jar%23485!/:1.1.6-hotfix]
	at net.minecraft.server.packs.resources.SimplePreparableReloadListener.m_10789_(SimplePreparableReloadListener.java:13) ~[server-1.20.1-20230612.114412-srg.jar%23510!/:?]
	at java.util.concurrent.CompletableFuture$UniAccept.tryFire(CompletableFuture.java:718) ~[?:?]
	at java.util.concurrent.CompletableFuture$Completion.run(CompletableFuture.java:482) ~[?:?]
	at net.minecraft.server.packs.resources.SimpleReloadInstance.m_143940_(SimpleReloadInstance.java:69) ~[server-1.20.1-20230612.114412-srg.jar%23510!/:?]
	at net.minecraft.Util.m_214652_(Util.java:783) ~[server-1.20.1-20230612.114412-srg.jar%23510!/:?]
	at net.minecraft.Util.m_214679_(Util.java:772) ~[server-1.20.1-20230612.114412-srg.jar%23510!/:?]
	at net.minecraft.server.Main.main(Main.java:166) ~[server-1.20.1-20230612.114412-srg.jar%23510!/:?]
	at jdk.internal.reflect.NativeMethodAccessorImpl.invoke0(Native Method) ~[?:?]
	at jdk.internal.reflect.NativeMethodAccessorImpl.invoke(NativeMethodAccessorImpl.java:77) ~[?:?]
	at jdk.internal.reflect.DelegatingMethodAccessorImpl.invoke(DelegatingMethodAccessorImpl.java:43) ~[?:?]
	at java.lang.reflect.Method.invoke(Method.java:569) ~[?:?]
	at net.minecraftforge.fml.loading.targets.CommonLaunchHandler.runTarget(CommonLaunchHandler.java:111) ~[fmlloader-1.20.1-47.4.20.jar%2369!/:?]
	at net.minecraftforge.fml.loading.targets.CommonLaunchHandler.serverService(CommonLaunchHandler.java:103) ~[fmlloader-1.20.1-47.4.20.jar%2369!/:?]
	at net.minecraftforge.fml.loading.targets.CommonServerLaunchHandler.lambda$makeService$0(CommonServerLaunchHandler.java:27) ~[fmlloader-1.20.1-47.4.20.jar%2369!/:?]
	at cpw.mods.modlauncher.LaunchServiceHandlerDecorator.launch(LaunchServiceHandlerDecorator.java:30) ~[modlauncher-10.0.9.jar%2355!/:?]
	at cpw.mods.modlauncher.LaunchServiceHandler.launch(LaunchServiceHandler.java:53) ~[modlauncher-10.0.9.jar%2355!/:?]
	at cpw.mods.modlauncher.LaunchServiceHandler.launch(LaunchServiceHandler.java:71) ~[modlauncher-10.0.9.jar%2355!/:?]
	at cpw.mods.modlauncher.Launcher.run(Launcher.java:108) ~[modlauncher-10.0.9.jar%2355!/:?]
	at cpw.mods.modlauncher.Launcher.main(Launcher.java:78) ~[modlauncher-10.0.9.jar%2355!/:?]
	at cpw.mods.modlauncher.BootstrapLaunchConsumer.accept(BootstrapLaunchConsumer.java:26) ~[modlauncher-10.0.9.jar%2355!/:?]
	at cpw.mods.modlauncher.BootstrapLaunchConsumer.accept(BootstrapLaunchConsumer.java:23) ~[modlauncher-10.0.9.jar%2355!/:?]
	at cpw.mods.bootstraplauncher.BootstrapLauncher.main(BootstrapLauncher.java:141) ~[bootstraplauncher-1.1.2.jar:?]
[10May2026 16:43:44.792] [main/ERROR] [tacz/GunIndexLoader]: Failed to load data file bf1:syringe
com.google.gson.JsonParseException: there is no corresponding data file
	at com.tacz.guns.resource.serialize.CommonGunIndexSerializer.deserialize(CommonGunIndexSerializer.java:19) ~[tacz-1.20.1-1.1.6-hotfix.jar%23485!/:1.1.6-hotfix]
	at com.tacz.guns.resource.serialize.CommonGunIndexSerializer.deserialize(CommonGunIndexSerializer.java:12) ~[tacz-1.20.1-1.1.6-hotfix.jar%23485!/:1.1.6-hotfix]
	at com.google.gson.internal.bind.TreeTypeAdapter.read(TreeTypeAdapter.java:76) ~[gson-2.10.jar%2372!/:?]
	at com.google.gson.Gson.fromJson(Gson.java:1214) ~[gson-2.10.jar%2372!/:?]
	at com.google.gson.Gson.fromJson(Gson.java:1319) ~[gson-2.10.jar%2372!/:?]
	at com.google.gson.Gson.fromJson(Gson.java:1261) ~[gson-2.10.jar%2372!/:?]
	at com.tacz.guns.resource.manager.JsonDataManager.parseJson(JsonDataManager.java:69) ~[tacz-1.20.1-1.1.6-hotfix.jar%23485!/:1.1.6-hotfix]
	at com.tacz.guns.resource.manager.JsonDataManager.apply(JsonDataManager.java:58) ~[tacz-1.20.1-1.1.6-hotfix.jar%23485!/:1.1.6-hotfix]
	at com.tacz.guns.resource.manager.CommonDataManager.apply(CommonDataManager.java:35) ~[tacz-1.20.1-1.1.6-hotfix.jar%23485!/:1.1.6-hotfix]
	at com.tacz.guns.resource.manager.CommonDataManager.m_5787_(CommonDataManager.java:19) ~[tacz-1.20.1-1.1.6-hotfix.jar%23485!/:1.1.6-hotfix]
	at net.minecraft.server.packs.resources.SimplePreparableReloadListener.m_10789_(SimplePreparableReloadListener.java:13) ~[server-1.20.1-20230612.114412-srg.jar%23510!/:?]
	at java.util.concurrent.CompletableFuture$UniAccept.tryFire(CompletableFuture.java:718) ~[?:?]
	at java.util.concurrent.CompletableFuture$Completion.run(CompletableFuture.java:482) ~[?:?]
	at net.minecraft.server.packs.resources.SimpleReloadInstance.m_143940_(SimpleReloadInstance.java:69) ~[server-1.20.1-20230612.114412-srg.jar%23510!/:?]
	at net.minecraft.Util.m_214652_(Util.java:783) ~[server-1.20.1-20230612.114412-srg.jar%23510!/:?]
	at net.minecraft.Util.m_214679_(Util.java:772) ~[server-1.20.1-20230612.114412-srg.jar%23510!/:?]
	at net.minecraft.server.Main.main(Main.java:166) ~[server-1.20.1-20230612.114412-srg.jar%23510!/:?]
	at jdk.internal.reflect.NativeMethodAccessorImpl.invoke0(Native Method) ~[?:?]
	at jdk.internal.reflect.NativeMethodAccessorImpl.invoke(NativeMethodAccessorImpl.java:77) ~[?:?]
	at jdk.internal.reflect.DelegatingMethodAccessorImpl.invoke(DelegatingMethodAccessorImpl.java:43) ~[?:?]
	at java.lang.reflect.Method.invoke(Method.java:569) ~[?:?]
	at net.minecraftforge.fml.loading.targets.CommonLaunchHandler.runTarget(CommonLaunchHandler.java:111) ~[fmlloader-1.20.1-47.4.20.jar%2369!/:?]
	at net.minecraftforge.fml.loading.targets.CommonLaunchHandler.serverService(CommonLaunchHandler.java:103) ~[fmlloader-1.20.1-47.4.20.jar%2369!/:?]
	at net.minecraftforge.fml.loading.targets.CommonServerLaunchHandler.lambda$makeService$0(CommonServerLaunchHandler.java:27) ~[fmlloader-1.20.1-47.4.20.jar%2369!/:?]
	at cpw.mods.modlauncher.LaunchServiceHandlerDecorator.launch(LaunchServiceHandlerDecorator.java:30) ~[modlauncher-10.0.9.jar%2355!/:?]
	at cpw.mods.modlauncher.LaunchServiceHandler.launch(LaunchServiceHandler.java:53) ~[modlauncher-10.0.9.jar%2355!/:?]
	at cpw.mods.modlauncher.LaunchServiceHandler.launch(LaunchServiceHandler.java:71) ~[modlauncher-10.0.9.jar%2355!/:?]
	at cpw.mods.modlauncher.Launcher.run(Launcher.java:108) ~[modlauncher-10.0.9.jar%2355!/:?]
	at cpw.mods.modlauncher.Launcher.main(Launcher.java:78) ~[modlauncher-10.0.9.jar%2355!/:?]
	at cpw.mods.modlauncher.BootstrapLaunchConsumer.accept(BootstrapLaunchConsumer.java:26) ~[modlauncher-10.0.9.jar%2355!/:?]
	at cpw.mods.modlauncher.BootstrapLaunchConsumer.accept(BootstrapLaunchConsumer.java:23) ~[modlauncher-10.0.9.jar%2355!/:?]
	at cpw.mods.bootstraplauncher.BootstrapLauncher.main(BootstrapLauncher.java:141) ~[bootstraplauncher-1.1.2.jar:?]
[10May2026 16:43:44.794] [main/ERROR] [tacz/GunIndexLoader]: Failed to load data file bf1:welrod
com.google.gson.JsonParseException: there is no corresponding data file
	at com.tacz.guns.resource.serialize.CommonGunIndexSerializer.deserialize(CommonGunIndexSerializer.java:19) ~[tacz-1.20.1-1.1.6-hotfix.jar%23485!/:1.1.6-hotfix]
	at com.tacz.guns.resource.serialize.CommonGunIndexSerializer.deserialize(CommonGunIndexSerializer.java:12) ~[tacz-1.20.1-1.1.6-hotfix.jar%23485!/:1.1.6-hotfix]
	at com.google.gson.internal.bind.TreeTypeAdapter.read(TreeTypeAdapter.java:76) ~[gson-2.10.jar%2372!/:?]
	at com.google.gson.Gson.fromJson(Gson.java:1214) ~[gson-2.10.jar%2372!/:?]
	at com.google.gson.Gson.fromJson(Gson.java:1319) ~[gson-2.10.jar%2372!/:?]
	at com.google.gson.Gson.fromJson(Gson.java:1261) ~[gson-2.10.jar%2372!/:?]
	at com.tacz.guns.resource.manager.JsonDataManager.parseJson(JsonDataManager.java:69) ~[tacz-1.20.1-1.1.6-hotfix.jar%23485!/:1.1.6-hotfix]
	at com.tacz.guns.resource.manager.JsonDataManager.apply(JsonDataManager.java:58) ~[tacz-1.20.1-1.1.6-hotfix.jar%23485!/:1.1.6-hotfix]
	at com.tacz.guns.resource.manager.CommonDataManager.apply(CommonDataManager.java:35) ~[tacz-1.20.1-1.1.6-hotfix.jar%23485!/:1.1.6-hotfix]
	at com.tacz.guns.resource.manager.CommonDataManager.m_5787_(CommonDataManager.java:19) ~[tacz-1.20.1-1.1.6-hotfix.jar%23485!/:1.1.6-hotfix]
	at net.minecraft.server.packs.resources.SimplePreparableReloadListener.m_10789_(SimplePreparableReloadListener.java:13) ~[server-1.20.1-20230612.114412-srg.jar%23510!/:?]
	at java.util.concurrent.CompletableFuture$UniAccept.tryFire(CompletableFuture.java:718) ~[?:?]
	at java.util.concurrent.CompletableFuture$Completion.run(CompletableFuture.java:482) ~[?:?]
	at net.minecraft.server.packs.resources.SimpleReloadInstance.m_143940_(SimpleReloadInstance.java:69) ~[server-1.20.1-20230612.114412-srg.jar%23510!/:?]
	at net.minecraft.Util.m_214652_(Util.java:783) ~[server-1.20.1-20230612.114412-srg.jar%23510!/:?]
	at net.minecraft.Util.m_214679_(Util.java:772) ~[server-1.20.1-20230612.114412-srg.jar%23510!/:?]
	at net.minecraft.server.Main.main(Main.java:166) ~[server-1.20.1-20230612.114412-srg.jar%23510!/:?]
	at jdk.internal.reflect.NativeMethodAccessorImpl.invoke0(Native Method) ~[?:?]
	at jdk.internal.reflect.NativeMethodAccessorImpl.invoke(NativeMethodAccessorImpl.java:77) ~[?:?]
	at jdk.internal.reflect.DelegatingMethodAccessorImpl.invoke(DelegatingMethodAccessorImpl.java:43) ~[?:?]
	at java.lang.reflect.Method.invoke(Method.java:569) ~[?:?]
	at net.minecraftforge.fml.loading.targets.CommonLaunchHandler.runTarget(CommonLaunchHandler.java:111) ~[fmlloader-1.20.1-47.4.20.jar%2369!/:?]
	at net.minecraftforge.fml.loading.targets.CommonLaunchHandler.serverService(CommonLaunchHandler.java:103) ~[fmlloader-1.20.1-47.4.20.jar%2369!/:?]
	at net.minecraftforge.fml.loading.targets.CommonServerLaunchHandler.lambda$makeService$0(CommonServerLaunchHandler.java:27) ~[fmlloader-1.20.1-47.4.20.jar%2369!/:?]
	at cpw.mods.modlauncher.LaunchServiceHandlerDecorator.launch(LaunchServiceHandlerDecorator.java:30) ~[modlauncher-10.0.9.jar%2355!/:?]
	at cpw.mods.modlauncher.LaunchServiceHandler.launch(LaunchServiceHandler.java:53) ~[modlauncher-10.0.9.jar%2355!/:?]
	at cpw.mods.modlauncher.LaunchServiceHandler.launch(LaunchServiceHandler.java:71) ~[modlauncher-10.0.9.jar%2355!/:?]
	at cpw.mods.modlauncher.Launcher.run(Launcher.java:108) ~[modlauncher-10.0.9.jar%2355!/:?]
	at cpw.mods.modlauncher.Launcher.main(Launcher.java:78) ~[modlauncher-10.0.9.jar%2355!/:?]
	at cpw.mods.modlauncher.BootstrapLaunchConsumer.accept(BootstrapLaunchConsumer.java:26) ~[modlauncher-10.0.9.jar%2355!/:?]
	at cpw.mods.modlauncher.BootstrapLaunchConsumer.accept(BootstrapLaunchConsumer.java:23) ~[modlauncher-10.0.9.jar%2355!/:?]
	at cpw.mods.bootstraplauncher.BootstrapLauncher.main(BootstrapLauncher.java:141) ~[bootstraplauncher-1.1.2.jar:?]
[10May2026 16:43:44.798] [main/ERROR] [tacz/GunIndexLoader]: Failed to load data file bf1:handgun
com.google.gson.JsonParseException: there is no corresponding data file
	at com.tacz.guns.resource.serialize.CommonGunIndexSerializer.deserialize(CommonGunIndexSerializer.java:19) ~[tacz-1.20.1-1.1.6-hotfix.jar%23485!/:1.1.6-hotfix]
	at com.tacz.guns.resource.serialize.CommonGunIndexSerializer.deserialize(CommonGunIndexSerializer.java:12) ~[tacz-1.20.1-1.1.6-hotfix.jar%23485!/:1.1.6-hotfix]
	at com.google.gson.internal.bind.TreeTypeAdapter.read(TreeTypeAdapter.java:76) ~[gson-2.10.jar%2372!/:?]
	at com.google.gson.Gson.fromJson(Gson.java:1214) ~[gson-2.10.jar%2372!/:?]
	at com.google.gson.Gson.fromJson(Gson.java:1319) ~[gson-2.10.jar%2372!/:?]
	at com.google.gson.Gson.fromJson(Gson.java:1261) ~[gson-2.10.jar%2372!/:?]
	at com.tacz.guns.resource.manager.JsonDataManager.parseJson(JsonDataManager.java:69) ~[tacz-1.20.1-1.1.6-hotfix.jar%23485!/:1.1.6-hotfix]
	at com.tacz.guns.resource.manager.JsonDataManager.apply(JsonDataManager.java:58) ~[tacz-1.20.1-1.1.6-hotfix.jar%23485!/:1.1.6-hotfix]
	at com.tacz.guns.resource.manager.CommonDataManager.apply(CommonDataManager.java:35) ~[tacz-1.20.1-1.1.6-hotfix.jar%23485!/:1.1.6-hotfix]
	at com.tacz.guns.resource.manager.CommonDataManager.m_5787_(CommonDataManager.java:19) ~[tacz-1.20.1-1.1.6-hotfix.jar%23485!/:1.1.6-hotfix]
	at net.minecraft.server.packs.resources.SimplePreparableReloadListener.m_10789_(SimplePreparableReloadListener.java:13) ~[server-1.20.1-20230612.114412-srg.jar%23510!/:?]
	at java.util.concurrent.CompletableFuture$UniAccept.tryFire(CompletableFuture.java:718) ~[?:?]
	at java.util.concurrent.CompletableFuture$Completion.run(CompletableFuture.java:482) ~[?:?]
	at net.minecraft.server.packs.resources.SimpleReloadInstance.m_143940_(SimpleReloadInstance.java:69) ~[server-1.20.1-20230612.114412-srg.jar%23510!/:?]
	at net.minecraft.Util.m_214652_(Util.java:783) ~[server-1.20.1-20230612.114412-srg.jar%23510!/:?]
	at net.minecraft.Util.m_214679_(Util.java:772) ~[server-1.20.1-20230612.114412-srg.jar%23510!/:?]
	at net.minecraft.server.Main.main(Main.java:166) ~[server-1.20.1-20230612.114412-srg.jar%23510!/:?]
	at jdk.internal.reflect.NativeMethodAccessorImpl.invoke0(Native Method) ~[?:?]
	at jdk.internal.reflect.NativeMethodAccessorImpl.invoke(NativeMethodAccessorImpl.java:77) ~[?:?]
	at jdk.internal.reflect.DelegatingMethodAccessorImpl.invoke(DelegatingMethodAccessorImpl.java:43) ~[?:?]
	at java.lang.reflect.Method.invoke(Method.java:569) ~[?:?]
	at net.minecraftforge.fml.loading.targets.CommonLaunchHandler.runTarget(CommonLaunchHandler.java:111) ~[fmlloader-1.20.1-47.4.20.jar%2369!/:?]
	at net.minecraftforge.fml.loading.targets.CommonLaunchHandler.serverService(CommonLaunchHandler.java:103) ~[fmlloader-1.20.1-47.4.20.jar%2369!/:?]
	at net.minecraftforge.fml.loading.targets.CommonServerLaunchHandler.lambda$makeService$0(CommonServerLaunchHandler.java:27) ~[fmlloader-1.20.1-47.4.20.jar%2369!/:?]
	at cpw.mods.modlauncher.LaunchServiceHandlerDecorator.launch(LaunchServiceHandlerDecorator.java:30) ~[modlauncher-10.0.9.jar%2355!/:?]
	at cpw.mods.modlauncher.LaunchServiceHandler.launch(LaunchServiceHandler.java:53) ~[modlauncher-10.0.9.jar%2355!/:?]
	at cpw.mods.modlauncher.LaunchServiceHandler.launch(LaunchServiceHandler.java:71) ~[modlauncher-10.0.9.jar%2355!/:?]
	at cpw.mods.modlauncher.Launcher.run(Launcher.java:108) ~[modlauncher-10.0.9.jar%2355!/:?]
	at cpw.mods.modlauncher.Launcher.main(Launcher.java:78) ~[modlauncher-10.0.9.jar%2355!/:?]
	at cpw.mods.modlauncher.BootstrapLaunchConsumer.accept(BootstrapLaunchConsumer.java:26) ~[modlauncher-10.0.9.jar%2355!/:?]
	at cpw.mods.modlauncher.BootstrapLaunchConsumer.accept(BootstrapLaunchConsumer.java:23) ~[modlauncher-10.0.9.jar%2355!/:?]
	at cpw.mods.bootstraplauncher.BootstrapLauncher.main(BootstrapLauncher.java:141) ~[bootstraplauncher-1.1.2.jar:?]
[10May2026 16:43:44.800] [main/ERROR] [tacz/GunIndexLoader]: Failed to load data file bf1:liu
com.google.gson.JsonParseException: there is no corresponding data file
	at com.tacz.guns.resource.serialize.CommonGunIndexSerializer.deserialize(CommonGunIndexSerializer.java:19) ~[tacz-1.20.1-1.1.6-hotfix.jar%23485!/:1.1.6-hotfix]
	at com.tacz.guns.resource.serialize.CommonGunIndexSerializer.deserialize(CommonGunIndexSerializer.java:12) ~[tacz-1.20.1-1.1.6-hotfix.jar%23485!/:1.1.6-hotfix]
	at com.google.gson.internal.bind.TreeTypeAdapter.read(TreeTypeAdapter.java:76) ~[gson-2.10.jar%2372!/:?]
	at com.google.gson.Gson.fromJson(Gson.java:1214) ~[gson-2.10.jar%2372!/:?]
	at com.google.gson.Gson.fromJson(Gson.java:1319) ~[gson-2.10.jar%2372!/:?]
	at com.google.gson.Gson.fromJson(Gson.java:1261) ~[gson-2.10.jar%2372!/:?]
	at com.tacz.guns.resource.manager.JsonDataManager.parseJson(JsonDataManager.java:69) ~[tacz-1.20.1-1.1.6-hotfix.jar%23485!/:1.1.6-hotfix]
	at com.tacz.guns.resource.manager.JsonDataManager.apply(JsonDataManager.java:58) ~[tacz-1.20.1-1.1.6-hotfix.jar%23485!/:1.1.6-hotfix]
	at com.tacz.guns.resource.manager.CommonDataManager.apply(CommonDataManager.java:35) ~[tacz-1.20.1-1.1.6-hotfix.jar%23485!/:1.1.6-hotfix]
	at com.tacz.guns.resource.manager.CommonDataManager.m_5787_(CommonDataManager.java:19) ~[tacz-1.20.1-1.1.6-hotfix.jar%23485!/:1.1.6-hotfix]
	at net.minecraft.server.packs.resources.SimplePreparableReloadListener.m_10789_(SimplePreparableReloadListener.java:13) ~[server-1.20.1-20230612.114412-srg.jar%23510!/:?]
	at java.util.concurrent.CompletableFuture$UniAccept.tryFire(CompletableFuture.java:718) ~[?:?]
	at java.util.concurrent.CompletableFuture$Completion.run(CompletableFuture.java:482) ~[?:?]
	at net.minecraft.server.packs.resources.SimpleReloadInstance.m_143940_(SimpleReloadInstance.java:69) ~[server-1.20.1-20230612.114412-srg.jar%23510!/:?]
	at net.minecraft.Util.m_214652_(Util.java:783) ~[server-1.20.1-20230612.114412-srg.jar%23510!/:?]
	at net.minecraft.Util.m_214679_(Util.java:772) ~[server-1.20.1-20230612.114412-srg.jar%23510!/:?]
	at net.minecraft.server.Main.main(Main.java:166) ~[server-1.20.1-20230612.114412-srg.jar%23510!/:?]
	at jdk.internal.reflect.NativeMethodAccessorImpl.invoke0(Native Method) ~[?:?]
	at jdk.internal.reflect.NativeMethodAccessorImpl.invoke(NativeMethodAccessorImpl.java:77) ~[?:?]
	at jdk.internal.reflect.DelegatingMethodAccessorImpl.invoke(DelegatingMethodAccessorImpl.java:43) ~[?:?]
	at java.lang.reflect.Method.invoke(Method.java:569) ~[?:?]
	at net.minecraftforge.fml.loading.targets.CommonLaunchHandler.runTarget(CommonLaunchHandler.java:111) ~[fmlloader-1.20.1-47.4.20.jar%2369!/:?]
	at net.minecraftforge.fml.loading.targets.CommonLaunchHandler.serverService(CommonLaunchHandler.java:103) ~[fmlloader-1.20.1-47.4.20.jar%2369!/:?]
	at net.minecraftforge.fml.loading.targets.CommonServerLaunchHandler.lambda$makeService$0(CommonServerLaunchHandler.java:27) ~[fmlloader-1.20.1-47.4.20.jar%2369!/:?]
	at cpw.mods.modlauncher.LaunchServiceHandlerDecorator.launch(LaunchServiceHandlerDecorator.java:30) ~[modlauncher-10.0.9.jar%2355!/:?]
	at cpw.mods.modlauncher.LaunchServiceHandler.launch(LaunchServiceHandler.java:53) ~[modlauncher-10.0.9.jar%2355!/:?]
	at cpw.mods.modlauncher.LaunchServiceHandler.launch(LaunchServiceHandler.java:71) ~[modlauncher-10.0.9.jar%2355!/:?]
	at cpw.mods.modlauncher.Launcher.run(Launcher.java:108) ~[modlauncher-10.0.9.jar%2355!/:?]
	at cpw.mods.modlauncher.Launcher.main(Launcher.java:78) ~[modlauncher-10.0.9.jar%2355!/:?]
	at cpw.mods.modlauncher.BootstrapLaunchConsumer.accept(BootstrapLaunchConsumer.java:26) ~[modlauncher-10.0.9.jar%2355!/:?]
	at cpw.mods.modlauncher.BootstrapLaunchConsumer.accept(BootstrapLaunchConsumer.java:23) ~[modlauncher-10.0.9.jar%2355!/:?]
	at cpw.mods.bootstraplauncher.BootstrapLauncher.main(BootstrapLauncher.java:141) ~[bootstraplauncher-1.1.2.jar:?]
[10May2026 16:43:44.801] [main/ERROR] [tacz/GunIndexLoader]: Failed to load data file bf1:m2_2
com.google.gson.JsonParseException: there is no corresponding data file
	at com.tacz.guns.resource.serialize.CommonGunIndexSerializer.deserialize(CommonGunIndexSerializer.java:19) ~[tacz-1.20.1-1.1.6-hotfix.jar%23485!/:1.1.6-hotfix]
	at com.tacz.guns.resource.serialize.CommonGunIndexSerializer.deserialize(CommonGunIndexSerializer.java:12) ~[tacz-1.20.1-1.1.6-hotfix.jar%23485!/:1.1.6-hotfix]
	at com.google.gson.internal.bind.TreeTypeAdapter.read(TreeTypeAdapter.java:76) ~[gson-2.10.jar%2372!/:?]
	at com.google.gson.Gson.fromJson(Gson.java:1214) ~[gson-2.10.jar%2372!/:?]
	at com.google.gson.Gson.fromJson(Gson.java:1319) ~[gson-2.10.jar%2372!/:?]
	at com.google.gson.Gson.fromJson(Gson.java:1261) ~[gson-2.10.jar%2372!/:?]
	at com.tacz.guns.resource.manager.JsonDataManager.parseJson(JsonDataManager.java:69) ~[tacz-1.20.1-1.1.6-hotfix.jar%23485!/:1.1.6-hotfix]
	at com.tacz.guns.resource.manager.JsonDataManager.apply(JsonDataManager.java:58) ~[tacz-1.20.1-1.1.6-hotfix.jar%23485!/:1.1.6-hotfix]
	at com.tacz.guns.resource.manager.CommonDataManager.apply(CommonDataManager.java:35) ~[tacz-1.20.1-1.1.6-hotfix.jar%23485!/:1.1.6-hotfix]
	at com.tacz.guns.resource.manager.CommonDataManager.m_5787_(CommonDataManager.java:19) ~[tacz-1.20.1-1.1.6-hotfix.jar%23485!/:1.1.6-hotfix]
	at net.minecraft.server.packs.resources.SimplePreparableReloadListener.m_10789_(SimplePreparableReloadListener.java:13) ~[server-1.20.1-20230612.114412-srg.jar%23510!/:?]
	at java.util.concurrent.CompletableFuture$UniAccept.tryFire(CompletableFuture.java:718) ~[?:?]
	at java.util.concurrent.CompletableFuture$Completion.run(CompletableFuture.java:482) ~[?:?]
	at net.minecraft.server.packs.resources.SimpleReloadInstance.m_143940_(SimpleReloadInstance.java:69) ~[server-1.20.1-20230612.114412-srg.jar%23510!/:?]
	at net.minecraft.Util.m_214652_(Util.java:783) ~[server-1.20.1-20230612.114412-srg.jar%23510!/:?]
	at net.minecraft.Util.m_214679_(Util.java:772) ~[server-1.20.1-20230612.114412-srg.jar%23510!/:?]
	at net.minecraft.server.Main.main(Main.java:166) ~[server-1.20.1-20230612.114412-srg.jar%23510!/:?]
	at jdk.internal.reflect.NativeMethodAccessorImpl.invoke0(Native Method) ~[?:?]
	at jdk.internal.reflect.NativeMethodAccessorImpl.invoke(NativeMethodAccessorImpl.java:77) ~[?:?]
	at jdk.internal.reflect.DelegatingMethodAccessorImpl.invoke(DelegatingMethodAccessorImpl.java:43) ~[?:?]
	at java.lang.reflect.Method.invoke(Method.java:569) ~[?:?]
	at net.minecraftforge.fml.loading.targets.CommonLaunchHandler.runTarget(CommonLaunchHandler.java:111) ~[fmlloader-1.20.1-47.4.20.jar%2369!/:?]
	at net.minecraftforge.fml.loading.targets.CommonLaunchHandler.serverService(CommonLaunchHandler.java:103) ~[fmlloader-1.20.1-47.4.20.jar%2369!/:?]
	at net.minecraftforge.fml.loading.targets.CommonServerLaunchHandler.lambda$makeService$0(CommonServerLaunchHandler.java:27) ~[fmlloader-1.20.1-47.4.20.jar%2369!/:?]
	at cpw.mods.modlauncher.LaunchServiceHandlerDecorator.launch(LaunchServiceHandlerDecorator.java:30) ~[modlauncher-10.0.9.jar%2355!/:?]
	at cpw.mods.modlauncher.LaunchServiceHandler.launch(LaunchServiceHandler.java:53) ~[modlauncher-10.0.9.jar%2355!/:?]
	at cpw.mods.modlauncher.LaunchServiceHandler.launch(LaunchServiceHandler.java:71) ~[modlauncher-10.0.9.jar%2355!/:?]
	at cpw.mods.modlauncher.Launcher.run(Launcher.java:108) ~[modlauncher-10.0.9.jar%2355!/:?]
	at cpw.mods.modlauncher.Launcher.main(Launcher.java:78) ~[modlauncher-10.0.9.jar%2355!/:?]
	at cpw.mods.modlauncher.BootstrapLaunchConsumer.accept(BootstrapLaunchConsumer.java:26) ~[modlauncher-10.0.9.jar%2355!/:?]
	at cpw.mods.modlauncher.BootstrapLaunchConsumer.accept(BootstrapLaunchConsumer.java:23) ~[modlauncher-10.0.9.jar%2355!/:?]
	at cpw.mods.bootstraplauncher.BootstrapLauncher.main(BootstrapLauncher.java:141) ~[bootstraplauncher-1.1.2.jar:?]
[10May2026 16:43:44.802] [main/ERROR] [tacz/GunIndexLoader]: Failed to load data file bf1:vp1915
com.google.gson.JsonParseException: there is no corresponding data file
	at com.tacz.guns.resource.serialize.CommonGunIndexSerializer.deserialize(CommonGunIndexSerializer.java:19) ~[tacz-1.20.1-1.1.6-hotfix.jar%23485!/:1.1.6-hotfix]
	at com.tacz.guns.resource.serialize.CommonGunIndexSerializer.deserialize(CommonGunIndexSerializer.java:12) ~[tacz-1.20.1-1.1.6-hotfix.jar%23485!/:1.1.6-hotfix]
	at com.google.gson.internal.bind.TreeTypeAdapter.read(TreeTypeAdapter.java:76) ~[gson-2.10.jar%2372!/:?]
	at com.google.gson.Gson.fromJson(Gson.java:1214) ~[gson-2.10.jar%2372!/:?]
	at com.google.gson.Gson.fromJson(Gson.java:1319) ~[gson-2.10.jar%2372!/:?]
	at com.google.gson.Gson.fromJson(Gson.java:1261) ~[gson-2.10.jar%2372!/:?]
	at com.tacz.guns.resource.manager.JsonDataManager.parseJson(JsonDataManager.java:69) ~[tacz-1.20.1-1.1.6-hotfix.jar%23485!/:1.1.6-hotfix]
	at com.tacz.guns.resource.manager.JsonDataManager.apply(JsonDataManager.java:58) ~[tacz-1.20.1-1.1.6-hotfix.jar%23485!/:1.1.6-hotfix]
	at com.tacz.guns.resource.manager.CommonDataManager.apply(CommonDataManager.java:35) ~[tacz-1.20.1-1.1.6-hotfix.jar%23485!/:1.1.6-hotfix]
	at com.tacz.guns.resource.manager.CommonDataManager.m_5787_(CommonDataManager.java:19) ~[tacz-1.20.1-1.1.6-hotfix.jar%23485!/:1.1.6-hotfix]
	at net.minecraft.server.packs.resources.SimplePreparableReloadListener.m_10789_(SimplePreparableReloadListener.java:13) ~[server-1.20.1-20230612.114412-srg.jar%23510!/:?]
	at java.util.concurrent.CompletableFuture$UniAccept.tryFire(CompletableFuture.java:718) ~[?:?]
	at java.util.concurrent.CompletableFuture$Completion.run(CompletableFuture.java:482) ~[?:?]
	at net.minecraft.server.packs.resources.SimpleReloadInstance.m_143940_(SimpleReloadInstance.java:69) ~[server-1.20.1-20230612.114412-srg.jar%23510!/:?]
	at net.minecraft.Util.m_214652_(Util.java:783) ~[server-1.20.1-20230612.114412-srg.jar%23510!/:?]
	at net.minecraft.Util.m_214679_(Util.java:772) ~[server-1.20.1-20230612.114412-srg.jar%23510!/:?]
	at net.minecraft.server.Main.main(Main.java:166) ~[server-1.20.1-20230612.114412-srg.jar%23510!/:?]
	at jdk.internal.reflect.NativeMethodAccessorImpl.invoke0(Native Method) ~[?:?]
	at jdk.internal.reflect.NativeMethodAccessorImpl.invoke(NativeMethodAccessorImpl.java:77) ~[?:?]
	at jdk.internal.reflect.DelegatingMethodAccessorImpl.invoke(DelegatingMethodAccessorImpl.java:43) ~[?:?]
	at java.lang.reflect.Method.invoke(Method.java:569) ~[?:?]
	at net.minecraftforge.fml.loading.targets.CommonLaunchHandler.runTarget(CommonLaunchHandler.java:111) ~[fmlloader-1.20.1-47.4.20.jar%2369!/:?]
	at net.minecraftforge.fml.loading.targets.CommonLaunchHandler.serverService(CommonLaunchHandler.java:103) ~[fmlloader-1.20.1-47.4.20.jar%2369!/:?]
	at net.minecraftforge.fml.loading.targets.CommonServerLaunchHandler.lambda$makeService$0(CommonServerLaunchHandler.java:27) ~[fmlloader-1.20.1-47.4.20.jar%2369!/:?]
	at cpw.mods.modlauncher.LaunchServiceHandlerDecorator.launch(LaunchServiceHandlerDecorator.java:30) ~[modlauncher-10.0.9.jar%2355!/:?]
	at cpw.mods.modlauncher.LaunchServiceHandler.launch(LaunchServiceHandler.java:53) ~[modlauncher-10.0.9.jar%2355!/:?]
	at cpw.mods.modlauncher.LaunchServiceHandler.launch(LaunchServiceHandler.java:71) ~[modlauncher-10.0.9.jar%2355!/:?]
	at cpw.mods.modlauncher.Launcher.run(Launcher.java:108) ~[modlauncher-10.0.9.jar%2355!/:?]
	at cpw.mods.modlauncher.Launcher.main(Launcher.java:78) ~[modlauncher-10.0.9.jar%2355!/:?]
	at cpw.mods.modlauncher.BootstrapLaunchConsumer.accept(BootstrapLaunchConsumer.java:26) ~[modlauncher-10.0.9.jar%2355!/:?]
	at cpw.mods.modlauncher.BootstrapLaunchConsumer.accept(BootstrapLaunchConsumer.java:23) ~[modlauncher-10.0.9.jar%2355!/:?]
	at cpw.mods.bootstraplauncher.BootstrapLauncher.main(BootstrapLauncher.java:141) ~[bootstraplauncher-1.1.2.jar:?]
[10May2026 16:43:44.803] [main/ERROR] [tacz/GunIndexLoader]: Failed to load data file bf1:rorsch_mk4
com.google.gson.JsonParseException: there is no corresponding data file
	at com.tacz.guns.resource.serialize.CommonGunIndexSerializer.deserialize(CommonGunIndexSerializer.java:19) ~[tacz-1.20.1-1.1.6-hotfix.jar%23485!/:1.1.6-hotfix]
	at com.tacz.guns.resource.serialize.CommonGunIndexSerializer.deserialize(CommonGunIndexSerializer.java:12) ~[tacz-1.20.1-1.1.6-hotfix.jar%23485!/:1.1.6-hotfix]
	at com.google.gson.internal.bind.TreeTypeAdapter.read(TreeTypeAdapter.java:76) ~[gson-2.10.jar%2372!/:?]
	at com.google.gson.Gson.fromJson(Gson.java:1214) ~[gson-2.10.jar%2372!/:?]
	at com.google.gson.Gson.fromJson(Gson.java:1319) ~[gson-2.10.jar%2372!/:?]
	at com.google.gson.Gson.fromJson(Gson.java:1261) ~[gson-2.10.jar%2372!/:?]
	at com.tacz.guns.resource.manager.JsonDataManager.parseJson(JsonDataManager.java:69) ~[tacz-1.20.1-1.1.6-hotfix.jar%23485!/:1.1.6-hotfix]
	at com.tacz.guns.resource.manager.JsonDataManager.apply(JsonDataManager.java:58) ~[tacz-1.20.1-1.1.6-hotfix.jar%23485!/:1.1.6-hotfix]
	at com.tacz.guns.resource.manager.CommonDataManager.apply(CommonDataManager.java:35) ~[tacz-1.20.1-1.1.6-hotfix.jar%23485!/:1.1.6-hotfix]
	at com.tacz.guns.resource.manager.CommonDataManager.m_5787_(CommonDataManager.java:19) ~[tacz-1.20.1-1.1.6-hotfix.jar%23485!/:1.1.6-hotfix]
	at net.minecraft.server.packs.resources.SimplePreparableReloadListener.m_10789_(SimplePreparableReloadListener.java:13) ~[server-1.20.1-20230612.114412-srg.jar%23510!/:?]
	at java.util.concurrent.CompletableFuture$UniAccept.tryFire(CompletableFuture.java:718) ~[?:?]
	at java.util.concurrent.CompletableFuture$Completion.run(CompletableFuture.java:482) ~[?:?]
	at net.minecraft.server.packs.resources.SimpleReloadInstance.m_143940_(SimpleReloadInstance.java:69) ~[server-1.20.1-20230612.114412-srg.jar%23510!/:?]
	at net.minecraft.Util.m_214652_(Util.java:783) ~[server-1.20.1-20230612.114412-srg.jar%23510!/:?]
	at net.minecraft.Util.m_214679_(Util.java:772) ~[server-1.20.1-20230612.114412-srg.jar%23510!/:?]
	at net.minecraft.server.Main.main(Main.java:166) ~[server-1.20.1-20230612.114412-srg.jar%23510!/:?]
	at jdk.internal.reflect.NativeMethodAccessorImpl.invoke0(Native Method) ~[?:?]
	at jdk.internal.reflect.NativeMethodAccessorImpl.invoke(NativeMethodAccessorImpl.java:77) ~[?:?]
	at jdk.internal.reflect.DelegatingMethodAccessorImpl.invoke(DelegatingMethodAccessorImpl.java:43) ~[?:?]
	at java.lang.reflect.Method.invoke(Method.java:569) ~[?:?]
	at net.minecraftforge.fml.loading.targets.CommonLaunchHandler.runTarget(CommonLaunchHandler.java:111) ~[fmlloader-1.20.1-47.4.20.jar%2369!/:?]
	at net.minecraftforge.fml.loading.targets.CommonLaunchHandler.serverService(CommonLaunchHandler.java:103) ~[fmlloader-1.20.1-47.4.20.jar%2369!/:?]
	at net.minecraftforge.fml.loading.targets.CommonServerLaunchHandler.lambda$makeService$0(CommonServerLaunchHandler.java:27) ~[fmlloader-1.20.1-47.4.20.jar%2369!/:?]
	at cpw.mods.modlauncher.LaunchServiceHandlerDecorator.launch(LaunchServiceHandlerDecorator.java:30) ~[modlauncher-10.0.9.jar%2355!/:?]
	at cpw.mods.modlauncher.LaunchServiceHandler.launch(LaunchServiceHandler.java:53) ~[modlauncher-10.0.9.jar%2355!/:?]
	at cpw.mods.modlauncher.LaunchServiceHandler.launch(LaunchServiceHandler.java:71) ~[modlauncher-10.0.9.jar%2355!/:?]
	at cpw.mods.modlauncher.Launcher.run(Launcher.java:108) ~[modlauncher-10.0.9.jar%2355!/:?]
	at cpw.mods.modlauncher.Launcher.main(Launcher.java:78) ~[modlauncher-10.0.9.jar%2355!/:?]
	at cpw.mods.modlauncher.BootstrapLaunchConsumer.accept(BootstrapLaunchConsumer.java:26) ~[modlauncher-10.0.9.jar%2355!/:?]
	at cpw.mods.modlauncher.BootstrapLaunchConsumer.accept(BootstrapLaunchConsumer.java:23) ~[modlauncher-10.0.9.jar%2355!/:?]
	at cpw.mods.bootstraplauncher.BootstrapLauncher.main(BootstrapLauncher.java:141) ~[bootstraplauncher-1.1.2.jar:?]
[10May2026 16:43:44.839] [main/INFO] [hordes/]: Loaded entity minecraft:zombie_villager as entity.minecraft.zombie_villager with weight 1, min day 0 and max day 20
[10May2026 16:43:44.839] [main/INFO] [hordes/]: loaded horde table hordes:default
[10May2026 16:43:44.839] [main/INFO] [hordes/]: Loaded entity minecraft:drowned as entity.minecraft.drowned with weight 40, min day 0 and max day 20
[10May2026 16:43:44.839] [main/INFO] [hordes/]: Loaded entity minecraft:drowned as entity.minecraft.drowned with weight 3, min day 30 and max day 40
[10May2026 16:43:44.840] [main/INFO] [hordes/]: loaded horde table hordes:drowned
[10May2026 16:43:44.840] [main/INFO] [hordes/]: Loaded entity minecraft:zombie as entity.minecraft.zombie with weight 20, min day 0 and max day 20
[10May2026 16:43:44.840] [main/INFO] [hordes/]: Loaded entity minecraft:skeleton as entity.minecraft.skeleton with weight 10, min day 20 and max day 30
[10May2026 16:43:44.840] [main/INFO] [hordes/]: Loaded entity minecraft:spider as entity.minecraft.spider with weight 15, min day 20 and max day 30
[10May2026 16:43:44.840] [main/INFO] [hordes/]: Loaded entity minecraft:creeper as entity.minecraft.creeper with weight 5, min day 30 and max day 30
[10May2026 16:43:44.840] [main/INFO] [hordes/]: Loaded entity minecraft:husk as entity.minecraft.husk with weight 20, min day 30 and max day 50
[10May2026 16:43:44.841] [main/INFO] [hordes/]: Loaded entity minecraft:stray as entity.minecraft.stray with weight 10, min day 40 and max day 50
[10May2026 16:43:44.841] [main/INFO] [hordes/]: Loaded entity minecraft:cave_spider as entity.minecraft.cave_spider with weight 10, min day 40 and max day 50
[10May2026 16:43:44.841] [main/INFO] [hordes/]: Loaded entity minecraft:witch as entity.minecraft.witch with weight 5, min day 40 and max day 50
[10May2026 16:43:44.841] [main/INFO] [hordes/]: Loaded entity minecraft:pillager as entity.minecraft.pillager with weight 10, min day 40 and max day 50
[10May2026 16:43:44.841] [main/INFO] [hordes/]: Loaded entity minecraft:zombified_piglin as entity.minecraft.zombified_piglin with weight 10, min day 40 and max day 50
[10May2026 16:43:44.842] [main/INFO] [hordes/]: Loaded entity minecraft:zombie_horse as entity.minecraft.zombie_horse with weight 3, min day 40 and max day 50
[10May2026 16:43:44.842] [main/INFO] [hordes/]: Loaded entity minecraft:wither_skeleton as entity.minecraft.wither_skeleton with weight 10, min day 50 and max day 0
[10May2026 16:43:44.842] [main/INFO] [hordes/]: Loaded entity minecraft:phantom as entity.minecraft.phantom with weight 5, min day 50 and max day 50
[10May2026 16:43:44.842] [main/INFO] [hordes/]: Loaded entity minecraft:vindicator as entity.minecraft.vindicator with weight 10, min day 50 and max day 50
[10May2026 16:43:44.842] [main/INFO] [hordes/]: Loaded entity minecraft:zoglin as entity.minecraft.zoglin with weight 5, min day 40 and max day 40
[10May2026 16:43:44.842] [main/INFO] [hordes/]: Loaded entity minecraft:ravager as entity.minecraft.ravager with weight 5, min day 50 and max day 50
[10May2026 16:43:44.843] [main/INFO] [hordes/]: Loaded entity minecraft:evoker as entity.minecraft.evoker with weight 5, min day 50 and max day 50
[10May2026 16:43:44.843] [main/INFO] [hordes/]: Loaded entity minecraft:piglin_brute as entity.minecraft.piglin_brute with weight 10, min day 60 and max day 0
[10May2026 16:43:44.843] [main/INFO] [hordes/]: Loaded entity minecraft:cave_spider as entity.minecraft.cave_spider with weight 15, min day 60 and max day 0
[10May2026 16:43:44.843] [main/INFO] [hordes/]: Loaded entity minecraft:zombie_horse as entity.minecraft.zombie_horse with weight 5, min day 60 and max day 0
[10May2026 16:43:44.843] [main/INFO] [hordes/]: Loaded entity minecraft:ravager as entity.minecraft.ravager with weight 3, min day 60 and max day 0
[10May2026 16:43:44.843] [main/INFO] [hordes/]: Loaded entity minecraft:phantom as entity.minecraft.phantom with weight 3, min day 60 and max day 0
[10May2026 16:43:44.844] [main/INFO] [hordes/]: loaded horde table hordes:mixed_mobs
[10May2026 16:43:44.844] [main/INFO] [hordes/]: Loaded entity minecraft:pillager as entity.minecraft.pillager with weight 15, min day 0 and max day 0
[10May2026 16:43:44.844] [main/INFO] [hordes/]: Loaded entity minecraft:vindicator as entity.minecraft.vindicator with weight 10, min day 0 and max day 0
[10May2026 16:43:44.844] [main/INFO] [hordes/]: Loaded entity minecraft:witch as entity.minecraft.witch with weight 5, min day 20 and max day 0
[10May2026 16:43:44.844] [main/INFO] [hordes/]: Loaded entity minecraft:ravager as entity.minecraft.ravager with weight 5, min day 30 and max day 40
[10May2026 16:43:44.844] [main/INFO] [hordes/]: Loaded entity minecraft:evoker as entity.minecraft.evoker with weight 3, min day 40 and max day 40
[10May2026 16:43:44.845] [main/INFO] [hordes/]: Loaded entity minecraft:illusioner as entity.minecraft.illusioner with weight 5, min day 50 and max day 0
[10May2026 16:43:44.845] [main/INFO] [hordes/]: Loaded entity minecraft:ravager as entity.minecraft.ravager with weight 3, min day 50 and max day 0
[10May2026 16:43:44.845] [main/INFO] [hordes/]: Loaded entity minecraft:ravager as entity.minecraft.ravager with weight 5, min day 50 and max day 0
[10May2026 16:43:44.845] [main/INFO] [hordes/]: loaded horde table hordes:illagers
[10May2026 16:43:44.845] [main/INFO] [hordes/]: Loaded entity minecraft:skeleton as entity.minecraft.skeleton with weight 10, min day 0 and max day 20
[10May2026 16:43:44.846] [main/INFO] [hordes/]: Loaded entity minecraft:skeleton as entity.minecraft.skeleton with weight 20, min day 0 and max day 30
[10May2026 16:43:44.846] [main/INFO] [hordes/]: Loaded entity minecraft:skeleton_horse as entity.minecraft.skeleton_horse with weight 5, min day 20 and max day 50
[10May2026 16:43:44.846] [main/INFO] [hordes/]: Loaded entity minecraft:stray as entity.minecraft.stray with weight 10, min day 20 and max day 0
[10May2026 16:43:44.846] [main/INFO] [hordes/]: Loaded entity minecraft:wither_skeleton as entity.minecraft.wither_skeleton with weight 10, min day 40 and max day 0
[10May2026 16:43:44.846] [main/INFO] [hordes/]: Loaded entity minecraft:skeleton_horse as entity.minecraft.skeleton_horse with weight 5, min day 40 and max day 0
[10May2026 16:43:44.846] [main/INFO] [hordes/]: loaded horde table hordes:skeletons
[10May2026 16:43:44.847] [main/INFO] [hordes/]: Loaded entity minecraft:zombie as entity.minecraft.zombie with weight 90, min day 0 and max day 0
[10May2026 16:43:44.847] [main/INFO] [hordes/]: Loaded entity minecraft:husk as entity.minecraft.husk with weight 10, min day 0 and max day 0
[10May2026 16:43:44.847] [main/INFO] [hordes/]: Loaded entity mutantmonsters:mutant_zombie as entity.mutantmonsters.mutant_zombie with weight 10, min day 96 and max day 0
[10May2026 16:43:44.847] [main/INFO] [hordes/]: loaded horde table hordes:test
[10May2026 16:43:44.847] [main/INFO] [hordes/]: Loaded entity minecraft:zombie as entity.minecraft.zombie with weight 30, min day 0 and max day 0
[10May2026 16:43:44.848] [main/INFO] [hordes/]: loaded horde table hordes:fallback
[10May2026 16:43:44.853] [main/INFO] [hordes/]: loaded horde script hordes:default
[10May2026 16:43:44.853] [main/INFO] [hordes/]: Loading conversion tables
[10May2026 16:43:44.853] [main/INFO] [hordes/]: Loading conversion table hordes:infection_conversions
[10May2026 16:43:44.856] [main/INFO] [hordes/]: Loaded conversion entity.minecraft.horse to entity.minecraft.zombie_horse with chance of 0.65
[10May2026 16:43:44.856] [main/INFO] [hordes/]: Loaded conversion entity.minecraft.piglin to entity.minecraft.zombified_piglin with chance of 0.75
[10May2026 16:43:44.856] [main/INFO] [hordes/]: Loaded conversion entity.minecraft.piglin_brute to entity.minecraft.zombified_piglin with chance of 0.35
[10May2026 16:43:44.856] [main/INFO] [hordes/]: Loaded conversion entity.minecraft.hoglin to entity.minecraft.zoglin with chance of 0.15
[10May2026 16:43:44.857] [main/INFO] [hordes/]: Loaded conversion entity.minecraft.wandering_trader to entity.minecraft.zombie_villager with chance of 0.75
[10May2026 16:43:44.857] [main/INFO] [hordes/]: Loaded conversion entity.minecraft.pillager to entity.minecraft.zombie_villager with chance of 0.75
[10May2026 16:43:44.857] [main/INFO] [hordes/]: Loaded conversion entity.minecraft.vindicator to entity.minecraft.zombie_villager with chance of 0.35
[10May2026 16:43:44.857] [main/INFO] [hordes/]: Loaded conversion entity.minecraft.evoker to entity.minecraft.zombie_villager{Attributes:[{Base:24.0f,Name:"generic.max_health"}],VillagerData:{type:"none"},chat_name:"entity.hordes.ZombieEvoker.name",texture:"hordes:textures/entity/zombie_evoker.png"} with chance of 0.5
[10May2026 16:43:44.858] [main/INFO] [hordes/]: Loaded conversion entity.minecraft.illusioner to entity.minecraft.zombie_villager with chance of 0.15
[10May2026 16:43:44.858] [main/INFO] [hordes/]: Loaded conversion entity.minecraft.witch to entity.minecraft.zombie_villager with chance of 0.25
[10May2026 16:43:44.859] [main/INFO] [hordes/]: Loading immunity item list
[10May2026 16:43:44.859] [main/INFO] [hordes/]: Loading immunity item list hordes:immunity_items
[10May2026 16:43:44.860] [main/INFO] [hordes/]: Loaded immunity item cure:vaccine with duration 350
[10May2026 16:43:44.860] [main/INFO] [hordes/]: Loading wearables protection list
[10May2026 16:43:44.861] [main/INFO] [hordes/]: Loading wearables protection list hordes:immune_wearables
[10May2026 16:43:44.863] [main/INFO] [hordes/]: Loaded wearable protection marbledsarsenal:helmet_cm6m_gas_mask with modifier 0.86
[10May2026 16:43:44.863] [main/INFO] [hordes/]: Loaded wearable protection marbledsarsenal:un_helmet_cm6m_gas_mask with modifier 0.86
[10May2026 16:43:44.863] [main/INFO] [hordes/]: Loaded wearable protection marbledsarsenal:olive_helmet_cm6m_gas_mask with modifier 0.86
[10May2026 16:43:44.863] [main/INFO] [hordes/]: Loaded wearable protection marbledsarsenal:helmet_cm7m_gas_mask with modifier 0.86
[10May2026 16:43:44.863] [main/INFO] [hordes/]: Loaded wearable protection marbledsarsenal:un_helmet_cm7m_gas_mask with modifier 0.86
[10May2026 16:43:44.863] [main/INFO] [hordes/]: Loaded wearable protection marbledsarsenal:olive_helmet_cm7m_gas_mask with modifier 0.86
[10May2026 16:43:44.864] [main/INFO] [hordes/]: Loaded wearable protection marbledsarsenal:helmet_cm8m_gas_mask with modifier 0.86
[10May2026 16:43:44.864] [main/INFO] [hordes/]: Loaded wearable protection marbledsarsenal:un_helmet_cm8m_gas_mask with modifier 0.86
[10May2026 16:43:44.864] [main/INFO] [hordes/]: Loaded wearable protection marbledsarsenal:olive_helmet_cm8m_gas_mask with modifier 0.86
[10May2026 16:43:44.864] [main/INFO] [hordes/]: Loaded wearable protection marbledsarsenal:combat_helmet with modifier 0.86
[10May2026 16:43:44.864] [main/INFO] [hordes/]: Loaded wearable protection marbledsarsenal:un_combat_helmet with modifier 0.86
[10May2026 16:43:44.864] [main/INFO] [hordes/]: Loaded wearable protection marbledsarsenal:olive_combat_helmet with modifier 0.86
[10May2026 16:43:44.864] [main/INFO] [hordes/]: Loaded wearable protection marbledsarsenal:riot_armor_helmet with modifier 0.86
[10May2026 16:43:44.865] [main/INFO] [hordes/]: Loaded wearable protection marbledsarsenal:swat_armor_helmet with modifier 0.86
[10May2026 16:43:44.865] [main/INFO] [hordes/]: Loaded wearable protection marbledsarsenal:winter_military_armor_helmet with modifier 0.86
[10May2026 16:43:44.865] [main/INFO] [hordes/]: Loaded wearable protection marbledsarsenal:desert_military_armor_helmet with modifier 0.86
[10May2026 16:43:44.865] [main/INFO] [hordes/]: Loaded wearable protection marbledsarsenal:hazmat_armor_helmet with modifier 0.91
[10May2026 16:43:44.865] [main/INFO] [hordes/]: Loaded wearable protection marbledsarsenal:olive_juggernaut_armor_helmet with modifier 0.75
[10May2026 16:43:44.866] [main/INFO] [hordes/]: Loaded wearable protection marbledsarsenal:black_juggernaut_armor_helmet with modifier 0.75
[10May2026 16:43:44.866] [main/INFO] [hordes/]: Loaded wearable protection mcore:steel_helmet with modifier 0.86
[10May2026 16:43:44.866] [main/INFO] [hordes/]: Loaded wearable protection mcore:titanium_helmet with modifier 0.86
[10May2026 16:43:44.866] [main/INFO] [hordes/]: Loaded wearable protection the_deeper_void:tungsten_armor_helmet with modifier 0.86
[10May2026 16:43:44.866] [main/INFO] [hordes/]: Loaded wearable protection the_deeper_void:tungsten_armor_chestplate with modifier 0.86
[10May2026 16:43:44.866] [main/INFO] [hordes/]: Loaded wearable protection marbledsarsenal:riot_armor_chestplate with modifier 0.86
[10May2026 16:43:44.866] [main/INFO] [hordes/]: Loaded wearable protection marbledsarsenal:swat_armor_chestplate with modifier 0.86
[10May2026 16:43:44.866] [main/INFO] [hordes/]: Loaded wearable protection marbledsarsenal:winter_military_armor_chestplate with modifier 0.86
[10May2026 16:43:44.867] [main/INFO] [hordes/]: Loaded wearable protection marbledsarsenal:desert_military_armor_chestplate with modifier 0.86
[10May2026 16:43:44.867] [main/INFO] [hordes/]: Loaded wearable protection marbledsarsenal:hazmat_armor_chestplate with modifier 0.91
[10May2026 16:43:44.867] [main/INFO] [hordes/]: Loaded wearable protection marbledsarsenal:olive_juggernaut_armor_chestplate with modifier 0.75
[10May2026 16:43:44.867] [main/INFO] [hordes/]: Loaded wearable protection marbledsarsenal:black_juggernaut_armor_chestplate with modifier 0.75
[10May2026 16:43:44.868] [main/INFO] [hordes/]: Loaded wearable protection mcore:steel_chestplate with modifier 0.86
[10May2026 16:43:44.868] [main/INFO] [hordes/]: Loaded wearable protection mcore:titanium_chestplate with modifier 0.86
[10May2026 16:43:44.868] [main/INFO] [hordes/]: Loaded wearable protection the_deeper_void:tungsten_armor_leggings with modifier 0.86
[10May2026 16:43:44.868] [main/INFO] [hordes/]: Loaded wearable protection marbledsarsenal:riot_armor_leggings with modifier 0.86
[10May2026 16:43:44.868] [main/INFO] [hordes/]: Loaded wearable protection marbledsarsenal:swat_armor_leggings with modifier 0.86
[10May2026 16:43:44.868] [main/INFO] [hordes/]: Loaded wearable protection marbledsarsenal:winter_military_armor_leggings with modifier 0.86
[10May2026 16:43:44.868] [main/INFO] [hordes/]: Loaded wearable protection marbledsarsenal:desert_military_armor_leggings with modifier 0.86
[10May2026 16:43:44.868] [main/INFO] [hordes/]: Loaded wearable protection marbledsarsenal:hazmat_armor_leggings with modifier 0.91
[10May2026 16:43:44.868] [main/INFO] [hordes/]: Loaded wearable protection marbledsarsenal:olive_juggernaut_armor_leggings with modifier 0.75
[10May2026 16:43:44.868] [main/INFO] [hordes/]: Loaded wearable protection marbledsarsenal:black_juggernaut_armor_leggings with modifier 0.75
[10May2026 16:43:44.869] [main/INFO] [hordes/]: Loaded wearable protection mcore:steel_leggings with modifier 0.86
[10May2026 16:43:44.869] [main/INFO] [hordes/]: Loaded wearable protection mcore:titanium_leggings with modifier 0.86
[10May2026 16:43:44.869] [main/INFO] [hordes/]: Loaded wearable protection the_deeper_void:tungsten_armor_boots with modifier 0.86
[10May2026 16:43:44.869] [main/INFO] [hordes/]: Loaded wearable protection marbledsarsenal:riot_armor_boots with modifier 0.86
[10May2026 16:43:44.869] [main/INFO] [hordes/]: Loaded wearable protection marbledsarsenal:swat_armor_boots with modifier 0.86
[10May2026 16:43:44.869] [main/INFO] [hordes/]: Loaded wearable protection marbledsarsenal:winter_military_armor_boots with modifier 0.86
[10May2026 16:43:44.869] [main/INFO] [hordes/]: Loaded wearable protection marbledsarsenal:desert_military_armor_boots with modifier 0.86
[10May2026 16:43:44.870] [main/INFO] [hordes/]: Loaded wearable protection marbledsarsenal:hazmat_armor_boots with modifier 0.91
[10May2026 16:43:44.870] [main/INFO] [hordes/]: Loaded wearable protection marbledsarsenal:olive_juggernaut_armor_boots with modifier 0.75
[10May2026 16:43:44.870] [main/INFO] [hordes/]: Loaded wearable protection marbledsarsenal:black_juggernaut_armor_boots with modifier 0.75
[10May2026 16:43:44.870] [main/INFO] [hordes/]: Loaded wearable protection mcore:steel_boots with modifier 0.86
[10May2026 16:43:44.870] [main/INFO] [hordes/]: Loaded wearable protection mcore:titanium_boots with modifier 0.86
[10May2026 16:43:44.872] [main/INFO] [placebo/]: Registered 0 gear_sets.
[10May2026 16:43:44.875] [main/INFO] [insane96mcp.insanelib.InsaneLib/]: Reloading InsaneLib JsonFeature Json
[10May2026 16:43:56.354] [main/INFO] [com.ordana.immersive_weathering.ImmersiveWeathering/]: Loaded 78 block growths configurations
[10May2026 16:43:56.358] [main/ERROR] [com.ordana.immersive_weathering.ImmersiveWeathering/]: Failed to read liquid generator JSON object for immersive_weathering:andesite : Input does not contain a key [type]: MapLike[{}]
[10May2026 16:43:56.358] [main/ERROR] [com.ordana.immersive_weathering.ImmersiveWeathering/]: Failed to read liquid generator JSON object for immersive_weathering:basalt : Input does not contain a key [type]: MapLike[{}]
[10May2026 16:43:56.358] [main/ERROR] [com.ordana.immersive_weathering.ImmersiveWeathering/]: Failed to read liquid generator JSON object for immersive_weathering:crying_obsidian : Input does not contain a key [type]: MapLike[{}]
[10May2026 16:43:56.358] [main/ERROR] [com.ordana.immersive_weathering.ImmersiveWeathering/]: Failed to read liquid generator JSON object for immersive_weathering:magma_block : Input does not contain a key [type]: MapLike[{}]
[10May2026 16:43:56.359] [main/ERROR] [com.ordana.immersive_weathering.ImmersiveWeathering/]: Failed to read liquid generator JSON object for immersive_weathering:blackstone : Input does not contain a key [type]: MapLike[{}]
[10May2026 16:43:56.359] [main/ERROR] [com.ordana.immersive_weathering.ImmersiveWeathering/]: Failed to read liquid generator JSON object for immersive_weathering:diorite : Input does not contain a key [type]: MapLike[{}]
[10May2026 16:43:56.359] [main/ERROR] [com.ordana.immersive_weathering.ImmersiveWeathering/]: Failed to read liquid generator JSON object for immersive_weathering:calcite : Input does not contain a key [type]: MapLike[{}]
[10May2026 16:43:56.359] [main/ERROR] [com.ordana.immersive_weathering.ImmersiveWeathering/]: Failed to read liquid generator JSON object for immersive_weathering:smooth_basalt : Input does not contain a key [type]: MapLike[{}]
[10May2026 16:43:56.359] [main/ERROR] [com.ordana.immersive_weathering.ImmersiveWeathering/]: Failed to read liquid generator JSON object for immersive_weathering:granite : Input does not contain a key [type]: MapLike[{}]
[10May2026 16:43:56.359] [main/ERROR] [com.ordana.immersive_weathering.ImmersiveWeathering/]: Failed to read liquid generator JSON object for immersive_weathering:tuff : Input does not contain a key [type]: MapLike[{}]
[10May2026 16:43:56.359] [main/INFO] [com.ordana.immersive_weathering.ImmersiveWeathering/]: Loaded 14 liquid generators configurations
[10May2026 16:43:56.378] [main/INFO] [com.possible_triangle.sliceanddice.SliceAndDice/]: Injecting recipes
[10May2026 16:43:56.440] [main/WARN] [net.werdei.biome_replacer.BiomeReplacer/]: [BiomeReplacer] Config issue on line 28: Biome 'terralith:haze_mountains' does not exist, ignoring rule
[10May2026 16:43:56.440] [main/WARN] [net.werdei.biome_replacer.BiomeReplacer/]: [BiomeReplacer] Config issue on line 29: Biome 'terralith:sandstone_slopes' does not exist, ignoring rule
[10May2026 16:43:56.440] [main/INFO] [net.werdei.biome_replacer.BiomeReplacer/]: [BiomeReplacer] Loaded 18 rules (18 direct, 0 tag-based) and ignored 2
[10May2026 16:43:56.475] [main/INFO] [net.werdei.biome_replacer.BiomeReplacer/]: [BiomeReplacer] Successfully replaced biomes in minecraft:overworld
[10May2026 16:43:56.475] [main/INFO] [net.werdei.biome_replacer.BiomeReplacer/]: [BiomeReplacer] Successfully replaced biomes in the_deep_void:deep_void
[10May2026 16:43:56.475] [main/INFO] [net.werdei.biome_replacer.BiomeReplacer/]: [BiomeReplacer] Successfully replaced biomes in the_deeper_void:void_dimension
[10May2026 16:43:56.475] [main/INFO] [net.werdei.biome_replacer.BiomeReplacer/]: [BiomeReplacer] Successfully replaced biomes in minecraft:the_nether
[10May2026 16:43:56.602] [main/INFO] [net.werdei.biome_replacer.BiomeReplacer/]: [BiomeReplacer] Successfully replaced biomes in lostcities:lostcity
[10May2026 16:43:56.602] [main/INFO] [net.werdei.biome_replacer.BiomeReplacer/]: [BiomeReplacer] Skipping minecraft:the_end
[10May2026 16:43:56.692] [main/INFO] [citadel/]: vanilla surface rule behavior unchanged
[10May2026 16:43:56.695] [main/INFO] [citadel/]: vanilla surface rule behavior unchanged
[10May2026 16:43:57.010] [main/INFO] [majruszlibrary/]: [majruszlibrary.json] Reloading configuration file took 1 milliseconds
[10May2026 16:43:57.011] [Server thread/INFO] [net.minecraft.server.dedicated.DedicatedServer/]: Starting minecraft server version 1.20.1
[10May2026 16:43:57.011] [Server thread/INFO] [net.minecraft.server.dedicated.DedicatedServer/]: Loading properties
[10May2026 16:43:57.011] [Server thread/INFO] [net.minecraft.server.dedicated.DedicatedServer/]: Default game type: SURVIVAL
[10May2026 16:43:57.011] [Server thread/INFO] [net.minecraft.server.MinecraftServer/]: Generating keypair
[10May2026 16:43:57.246] [Server thread/INFO] [net.minecraft.server.dedicated.DedicatedServer/]: Starting Minecraft server on *:25565
[10May2026 16:43:57.297] [Server thread/INFO] [net.minecraft.server.network.ServerConnectionListener/]: Using epoll channel type
[10May2026 16:43:57.423] [Server thread/WARN] [net.minecraft.server.dedicated.DedicatedServer/]: **** SERVER IS RUNNING IN OFFLINE/INSECURE MODE!
[10May2026 16:43:57.423] [Server thread/WARN] [net.minecraft.server.dedicated.DedicatedServer/]: The server will make no attempt to authenticate usernames. Beware.
[10May2026 16:43:57.423] [Server thread/WARN] [net.minecraft.server.dedicated.DedicatedServer/]: While this makes the game possible to play without internet access, it also opens up the ability for hackers to connect with any username they choose.
[10May2026 16:43:57.424] [Server thread/WARN] [net.minecraft.server.dedicated.DedicatedServer/]: To change this, set "online-mode" to "true" in the server.properties file.
[10May2026 16:43:57.456] [Server thread/INFO] [Puzzles Lib/]: Loading server config for mutantmonsters
[10May2026 16:43:57.458] [Thread-5/INFO] [Puzzles Lib/]: Reloading server config for mutantmonsters
[10May2026 16:43:57.459] [Thread-5/INFO] [Puzzles Lib/]: Reloading server config for mutantmonsters
[10May2026 16:43:57.739] [Server thread/INFO] [FTB Teams/]: loaded team data: 0 known players, 0 teams total
[10May2026 16:43:57.751] [Server thread/ERROR] [mixin/]: Injection error: LVT in net/minecraft/world/entity/npc/VillagerTrades$EmeraldsForVillagerTypeItem::m_213663_(Lnet/minecraft/world/entity/Entity;Lnet/minecraft/util/RandomSource;)Lnet/minecraft/world/item/trading/MerchantOffer; has incompatible changes at opcode 34 in callback fabric-object-builder-v1.mixins.json:TradeOffersTypeAwareBuyForOneEmeraldFactoryMixin->@Inject::failOnNullItem(Lnet/minecraft/world/entity/Entity;Lnet/minecraft/util/RandomSource;Lorg/spongepowered/asm/mixin/injection/callback/CallbackInfoReturnable;Lnet/minecraft/world/item/ItemStack;)V.
 Expected: [Lnet/minecraft/world/item/ItemStack;]
    Found: [Lnet/minecraft/world/item/Item;]
Available: [Lnet/minecraft/world/item/Item;, Lnet/minecraft/world/item/ItemStack;]
[10May2026 16:43:57.783] [Server thread/INFO] [Framework/]: Loading server configs...
[10May2026 16:43:57.840] [Server thread/INFO] [net.minecraft.server.dedicated.DedicatedServer/]: Preparing level "world"
[10May2026 16:43:57.971] [Server thread/WARN] [mixin/]: @Redirect conflict. Skipping securitycraft.mixins.json:camera.ChunkMapMixin->@Redirect::securitycraft$getCameraSectionPos(Lnet/minecraft/server/level/ServerPlayer;)Lnet/minecraft/core/SectionPos; with priority 1100, already redirected by railways-common.mixins.json:conductor_possession.ChunkMapMixin->@Redirect::securitycraft$getCameraSectionPos(Lnet/minecraft/server/level/ServerPlayer;)Lnet/minecraft/core/SectionPos; with priority 1200
[10May2026 16:43:59.263] [Server thread/INFO] [incontrol/]: Reading rules from areas.json
[10May2026 16:43:59.424] [Server thread/INFO] [incontrol/]: Reading rules from spawn.json
[10May2026 16:43:59.881] [Server thread/INFO] [incontrol/]: Reading rules from summonaid.json
[10May2026 16:43:59.884] [Server thread/INFO] [incontrol/]: Reading rules from loot.json
[10May2026 16:43:59.888] [Server thread/INFO] [incontrol/]: Reading rules from experience.json
[10May2026 16:43:59.890] [Server thread/INFO] [incontrol/]: Reading rules from phases.json
[10May2026 16:43:59.901] [Server thread/INFO] [incontrol/]: Reading rules from effects.json
[10May2026 16:43:59.904] [Server thread/INFO] [incontrol/]: Reading rules from breakevents.json
[10May2026 16:43:59.906] [Server thread/INFO] [incontrol/]: Reading rules from placeevents.json
[10May2026 16:43:59.910] [Server thread/INFO] [incontrol/]: Reading rules from rightclicks.json
[10May2026 16:43:59.921] [Server thread/INFO] [incontrol/]: Reading rules from leftclicks.json
[10May2026 16:43:59.937] [Server thread/INFO] [incontrol/]: Reading rules from spawner.json
[10May2026 16:44:00.116] [Server thread/INFO] [incontrol/]: Reading rules from events.json
[10May2026 16:44:05.376] [Server thread/INFO] [net.minecraft.server.MinecraftServer/]: Preparing start region for dimension minecraft:overworld
[10May2026 16:44:05.397] [Server thread/INFO] [KubeJS Server/]: Server resource reload complete!
[10May2026 16:44:06.915] [Worker-Main-23/INFO] [net.minecraft.server.level.progress.LoggerChunkProgressListener/]: Preparing spawn area: 0%
[10May2026 16:44:06.946] [Worker-Main-11/INFO] [net.minecraft.server.level.progress.LoggerChunkProgressListener/]: Preparing spawn area: 0%
[10May2026 16:44:06.958] [Worker-Main-15/INFO] [net.minecraft.server.level.progress.LoggerChunkProgressListener/]: Preparing spawn area: 0%
[10May2026 16:44:06.971] [Worker-Main-11/INFO] [net.minecraft.server.level.progress.LoggerChunkProgressListener/]: Preparing spawn area: 0%
[10May2026 16:44:08.108] [Worker-Main-22/INFO] [net.minecraft.server.level.progress.LoggerChunkProgressListener/]: Preparing spawn area: 0%
[10May2026 16:44:08.118] [Worker-Main-11/INFO] [net.minecraft.server.level.progress.LoggerChunkProgressListener/]: Preparing spawn area: 0%
[10May2026 16:44:08.388] [Worker-Main-23/INFO] [net.minecraft.server.level.progress.LoggerChunkProgressListener/]: Preparing spawn area: 0%
[10May2026 16:44:08.977] [Worker-Main-14/INFO] [net.minecraft.server.level.progress.LoggerChunkProgressListener/]: Preparing spawn area: 0%
[10May2026 16:44:09.386] [Worker-Main-14/INFO] [net.minecraft.server.level.progress.LoggerChunkProgressListener/]: Preparing spawn area: 0%
[10May2026 16:44:10.124] [Worker-Main-5/INFO] [net.minecraft.server.level.progress.LoggerChunkProgressListener/]: Preparing spawn area: 0%
[10May2026 16:44:10.387] [Worker-Main-19/INFO] [net.minecraft.server.level.progress.LoggerChunkProgressListener/]: Preparing spawn area: 2%
[10May2026 16:44:10.885] [Worker-Main-15/INFO] [net.minecraft.server.level.progress.LoggerChunkProgressListener/]: Preparing spawn area: 21%
[10May2026 16:44:11.385] [Worker-Main-15/INFO] [net.minecraft.server.level.progress.LoggerChunkProgressListener/]: Preparing spawn area: 62%
[10May2026 16:44:11.816] [Server thread/INFO] [net.minecraft.server.level.progress.LoggerChunkProgressListener/]: Time elapsed: 6431 ms
[10May2026 16:44:11.817] [Server thread/INFO] [net.minecraft.server.dedicated.DedicatedServer/]: Done (14.374s)! For help, type "help"
[10May2026 16:44:12.258] [Server thread/INFO] [net.minecraftforge.server.permission.PermissionAPI/]: Successfully initialized permission handler forge:default_handler
[10May2026 16:44:12.259] [Server thread/INFO] [dev.qther.nanny.NaNny/]: Scouting a NaNny...
[10May2026 16:44:12.259] [Server thread/INFO] [org.radar.feralzombie.Feralzombie/]: HELLO from server starting
[10May2026 16:44:12.260] [Server thread/INFO] [xaero.map.WorldMap/]: Registered synced player tracker system: ftb_teams
[10May2026 16:44:12.299] [Server thread/INFO] [xaero.hud.minimap.MinimapLogs/]: Registered synced player tracker system: ftb_teams
[10May2026 16:44:12.301] [Server thread/INFO] [forge.net.trial.zombies_plus.ModMainCommon/]: Loaded mod!
[10May2026 16:44:12.305] [Server thread/INFO] [com.technicboyman.nobz.nobabyzombies1_20_1forge.Nobabyzombies1_20_1forge/]: No Baby Zombies loaded
[10May2026 16:44:12.313] [Server thread/INFO] [FTB Quests/]: Loading quests from /workspaces/Cloud-Server/servidor_minecraft/config/ftbquests/quests
[10May2026 16:44:12.381] [Server thread/INFO] [FTB Quests/]: Loaded 7 chapter groups, 13 chapters, 252 quests, 1 reward tables
[10May2026 16:44:12.381] [Server thread/INFO] [dev.qther.nanny.NaNny/]: NaNny hired!
[10May2026 16:44:12.383] [Server thread/INFO] [dynamiclights/]: [Dynamic Lights] Sending global config to world ...
[10May2026 16:44:12.397] [Server thread/INFO] [com.cupboard.Cupboard/]: Loaded config for: forgivingworld.json
[10May2026 16:44:12.403] [Server thread/WARN] [voicechat/]: [voicechat] Running in offline mode - Voice chat encryption is not secure!
[10May2026 16:44:12.421] [VoiceChatServerThread/INFO] [voicechat/]: [voicechat] Voice host is 'wind-packet.gl.at.ply.gg'
[10May2026 16:44:12.423] [VoiceChatServerThread/INFO] [voicechat/]: [voicechat] Voice chat server started at port 22118
[10May2026 16:44:12.733] [Server thread/INFO] [patchouli/]: Sending reload packet to clients
[10May2026 16:45:18.438] [Server thread/INFO] [net.minecraft.server.network.ServerLoginPacketListenerImpl/]: com.mojang.authlib.GameProfile@135712ea[id=<null>,name=ReFaxio,properties={},legacy=false] (/127.49.253.238:35099) lost connection: Disconnected
[10May2026 16:52:45.216] [Server thread/INFO] [net.minecraft.server.MinecraftServer/]: [Chunky] Radius changed to 500.
[10May2026 16:54:12.846] [Server thread/INFO] [AllTheLeaks/]: Listing events...
[10May2026 16:54:12.847] [Server thread/INFO] [AllTheLeaks/]: Listing memory leaks so far...
[10May2026 16:54:12.848] [Server thread/INFO] [AllTheLeaks/]: Waiting to stabilize [0/10]
[10May2026 16:54:12.848] [Server thread/INFO] [AllTheLeaks/]: No memory leak detected!
[10May2026 16:56:27.998] [Server thread/INFO] [net.minecraft.server.MinecraftServer/]: [Chunky] Task started in minecraft:overworld for the square region centered at 0, 0 with radius 500.
[10May2026 16:56:28.138] [IO-Worker-35/INFO] [net.minecraft.server.MinecraftServer/]: [Chunky] Task running for minecraft:overworld. Processed: 61 chunks (1.44%), ETA: 0:00:09, Rate: 462.1 cps, Current: 7, 3
[10May2026 16:56:33.185] [Worker-Main-18/INFO] [citadel/]: vanilla surface rule behavior unchanged
[10May2026 16:56:35.486] [Server thread/INFO] [net.minecraft.server.MinecraftServer/]: [Chunky] Task running for minecraft:overworld. Processed: 289 chunks (6.84%), ETA: 0:01:41, Rate: 38.6 cps, Current: 4, 20
[10May2026 16:56:36.599] [Worker-Main-6/WARN] [net.minecraft.util.datafix.schemas.V99/]: Unable to resolve BlockEntity for ItemStack: table_top_craft:chess_piece_figure
[10May2026 16:56:36.647] [Server thread/INFO] [net.minecraft.server.MinecraftServer/]: [Chunky] Task running for minecraft:overworld. Processed: 291 chunks (6.89%), ETA: 0:01:56, Rate: 33.7 cps, Current: 3, 21
[10May2026 16:56:37.059] [Worker-Main-5/WARN] [net.minecraft.util.datafix.schemas.V99/]: Unable to resolve BlockEntity for ItemStack: table_top_craft:chess_piece_figure
[10May2026 16:56:39.271] [Server thread/INFO] [net.minecraft.server.MinecraftServer/]: [Chunky] Task running for minecraft:overworld. Processed: 297 chunks (7.03%), ETA: 0:02:29, Rate: 26.4 cps, Current: 6, 20
[10May2026 16:56:40.307] [Server thread/INFO] [net.minecraft.server.MinecraftServer/]: [Chunky] Task running for minecraft:overworld. Processed: 310 chunks (7.34%), ETA: 0:02:35, Rate: 25.2 cps, Current: 1, 22
[10May2026 16:56:41.369] [Server thread/INFO] [net.minecraft.server.MinecraftServer/]: [Chunky] Task running for minecraft:overworld. Processed: 315 chunks (7.46%), ETA: 0:02:45, Rate: 23.6 cps, Current: 2, 27
[10May2026 16:56:42.664] [Server thread/INFO] [net.minecraft.server.MinecraftServer/]: [Chunky] Task running for minecraft:overworld. Processed: 328 chunks (7.76%), ETA: 0:02:54, Rate: 22.4 cps, Current: 5, 27
[10May2026 16:56:43.777] [Server thread/INFO] [net.minecraft.server.MinecraftServer/]: [Chunky] Task running for minecraft:overworld. Processed: 348 chunks (8.24%), ETA: 0:02:55, Rate: 22.1 cps, Current: 6, 24
[10May2026 16:56:45.240] [Server thread/INFO] [net.minecraft.server.MinecraftServer/]: [Chunky] Task running for minecraft:overworld. Processed: 364 chunks (8.62%), ETA: 0:03:02, Rate: 21.1 cps, Current: 7, 24
[10May2026 16:56:46.259] [Server thread/INFO] [net.minecraft.server.MinecraftServer/]: [Chunky] Task running for minecraft:overworld. Processed: 384 chunks (9.09%), ETA: 0:03:02, Rate: 21.0 cps, Current: 9, 24
[10May2026 16:56:47.785] [Server thread/INFO] [net.minecraft.server.MinecraftServer/]: [Chunky] Task running for minecraft:overworld. Processed: 388 chunks (9.18%), ETA: 0:03:15, Rate: 19.6 cps, Current: 11, 29
[10May2026 16:56:48.786] [Server thread/INFO] [net.minecraft.server.MinecraftServer/]: [Chunky] Task running for minecraft:overworld. Processed: 405 chunks (9.59%), ETA: 0:03:16, Rate: 19.5 cps, Current: 14, 30
[10May2026 16:56:49.790] [Server thread/INFO] [net.minecraft.server.MinecraftServer/]: [Chunky] Task running for minecraft:overworld. Processed: 431 chunks (10.20%), ETA: 0:03:11, Rate: 19.8 cps, Current: 10, 23
[10May2026 16:56:51.041] [Server thread/INFO] [net.minecraft.server.MinecraftServer/]: [Chunky] Task running for minecraft:overworld. Processed: 502 chunks (11.88%), ETA: 0:02:50, Rate: 21.8 cps, Current: 21, 18
[10May2026 16:56:52.521] [Server thread/INFO] [net.minecraft.server.MinecraftServer/]: [Chunky] Task running for minecraft:overworld. Processed: 510 chunks (12.07%), ETA: 0:02:58, Rate: 20.8 cps, Current: 22, 19
[10May2026 16:56:53.546] [Server thread/INFO] [net.minecraft.server.MinecraftServer/]: [Chunky] Task running for minecraft:overworld. Processed: 536 chunks (12.69%), ETA: 0:02:55, Rate: 21.0 cps, Current: 16, 23
[10May2026 16:56:54.606] [Server thread/INFO] [net.minecraft.server.MinecraftServer/]: [Chunky] Task running for minecraft:overworld. Processed: 550 chunks (13.02%), ETA: 0:02:57, Rate: 20.7 cps, Current: 18, 24
[10May2026 16:56:55.636] [Server thread/INFO] [net.minecraft.server.MinecraftServer/]: [Chunky] Task running for minecraft:overworld. Processed: 568 chunks (13.44%), ETA: 0:02:57, Rate: 20.6 cps, Current: 7, 31
[10May2026 16:56:57.147] [Server thread/INFO] [net.minecraft.server.MinecraftServer/]: [Chunky] Task running for minecraft:overworld. Processed: 576 chunks (13.63%), ETA: 0:03:04, Rate: 19.8 cps, Current: 19, 29
[10May2026 16:56:58.158] [Server thread/INFO] [net.minecraft.server.MinecraftServer/]: [Chunky] Task running for minecraft:overworld. Processed: 603 chunks (14.27%), ETA: 0:04:20, Rate: 13.9 cps, Current: 22, 24
[10May2026 16:56:59.238] [Server thread/INFO] [net.minecraft.server.MinecraftServer/]: [Chunky] Task running for minecraft:overworld. Processed: 610 chunks (14.44%), ETA: 0:04:26, Rate: 13.6 cps, Current: 23, 26
[10May2026 16:57:00.328] [Server thread/INFO] [net.minecraft.server.MinecraftServer/]: [Chunky] Task running for minecraft:overworld. Processed: 617 chunks (14.60%), ETA: 0:04:32, Rate: 13.2 cps, Current: 26, 25
[10May2026 16:57:01.867] [Server thread/INFO] [net.minecraft.server.MinecraftServer/]: [Chunky] Task running for minecraft:overworld. Processed: 633 chunks (14.98%), ETA: 0:04:34, Rate: 13.1 cps, Current: 26, 27
[10May2026 16:57:03.119] [Server thread/INFO] [net.minecraft.server.MinecraftServer/]: [Chunky] Task running for minecraft:overworld. Processed: 639 chunks (15.12%), ETA: 0:04:42, Rate: 12.7 cps, Current: 27, 30
[10May2026 16:57:04.717] [Server thread/INFO] [net.minecraft.server.MinecraftServer/]: [Chunky] Task running for minecraft:overworld. Processed: 656 chunks (15.53%), ETA: 0:04:43, Rate: 12.6 cps, Current: 27, 28
[10May2026 16:57:05.855] [Server thread/INFO] [net.minecraft.server.MinecraftServer/]: [Chunky] Task running for minecraft:overworld. Processed: 676 chunks (16.00%), ETA: 0:04:28, Rate: 13.2 cps, Current: 24, 24
[10May2026 16:57:06.990] [Server thread/INFO] [net.minecraft.server.MinecraftServer/]: [Chunky] Task running for minecraft:overworld. Processed: 684 chunks (16.19%), ETA: 0:04:12, Rate: 14.0 cps, Current: 29, 24
[10May2026 16:57:07.995] [Server thread/INFO] [net.minecraft.server.MinecraftServer/]: [Chunky] Task running for minecraft:overworld. Processed: 695 chunks (16.45%), ETA: 0:04:14, Rate: 13.9 cps, Current: 29, 21
[10May2026 16:57:09.091] [Server thread/INFO] [net.minecraft.server.MinecraftServer/]: [Chunky] Task running for minecraft:overworld. Processed: 713 chunks (16.88%), ETA: 0:04:11, Rate: 14.0 cps, Current: 28, 31
[10May2026 16:57:10.154] [Server thread/INFO] [net.minecraft.server.MinecraftServer/]: [Chunky] Task running for minecraft:overworld. Processed: 719 chunks (17.02%), ETA: 0:04:15, Rate: 13.7 cps, Current: 31, 24
[10May2026 16:57:10.432] [Server thread/WARN] [net.minecraft.server.MinecraftServer/]: Can't keep up! Is the server overloaded? Running 3399ms or 67 ticks behind
[10May2026 16:57:11.296] [Server thread/INFO] [net.minecraft.server.MinecraftServer/]: [Chunky] Task running for minecraft:overworld. Processed: 744 chunks (17.61%), ETA: 0:04:02, Rate: 14.4 cps, Current: 25, 17
[10May2026 16:57:13.509] [Server thread/INFO] [net.minecraft.server.MinecraftServer/]: [Chunky] Task running for minecraft:overworld. Processed: 757 chunks (17.92%), ETA: 0:04:11, Rate: 13.8 cps, Current: 29, 19
[10May2026 16:57:14.773] [Server thread/INFO] [net.minecraft.server.MinecraftServer/]: [Chunky] Task running for minecraft:overworld. Processed: 769 chunks (18.20%), ETA: 0:04:11, Rate: 13.7 cps, Current: 29, 12
[10May2026 16:57:15.007] [Server thread/INFO] [net.minecraft.server.network.ServerLoginPacketListenerImpl/]: com.mojang.authlib.GameProfile@5cf2dfdd[id=<null>,name=ReFaxio,properties={},legacy=false] (/127.49.253.238:48135) lost connection: Timed out
[10May2026 16:57:15.784] [Server thread/INFO] [net.minecraft.server.MinecraftServer/]: [Chunky] Task running for minecraft:overworld. Processed: 798 chunks (18.89%), ETA: 0:04:03, Rate: 14.1 cps, Current: 24, 14
[10May2026 16:57:17.521] [Server thread/INFO] [net.minecraft.server.MinecraftServer/]: [Chunky] Task running for minecraft:overworld. Processed: 863 chunks (20.43%), ETA: 0:03:30, Rate: 16.0 cps, Current: 21, 9
[10May2026 16:57:18.573] [Server thread/INFO] [net.minecraft.server.MinecraftServer/]: [Chunky] Task running for minecraft:overworld. Processed: 918 chunks (21.73%), ETA: 0:03:11, Rate: 17.3 cps, Current: 20, 4
[10May2026 16:57:19.616] [Server thread/INFO] [net.minecraft.server.MinecraftServer/]: [Chunky] Task running for minecraft:overworld. Processed: 941 chunks (22.27%), ETA: 0:03:11, Rate: 17.1 cps, Current: 25, 8
[10May2026 16:57:20.647] [Server thread/INFO] [net.minecraft.server.MinecraftServer/]: [Chunky] Task running for minecraft:overworld. Processed: 965 chunks (22.84%), ETA: 0:03:27, Rate: 15.7 cps, Current: 31, 19
[10May2026 16:57:21.675] [Server thread/INFO] [net.minecraft.server.MinecraftServer/]: [Chunky] Task running for minecraft:overworld. Processed: 986 chunks (23.34%), ETA: 0:03:17, Rate: 16.4 cps, Current: 28, 3
[10May2026 16:57:22.896] [Server thread/INFO] [net.minecraft.server.MinecraftServer/]: [Chunky] Task running for minecraft:overworld. Processed: 1013 chunks (23.98%), ETA: 0:03:17, Rate: 16.3 cps, Current: 20, 0
[10May2026 16:57:23.932] [Worker-Main-1/WARN] [net.minecraft.util.datafix.schemas.V99/]: Unable to resolve BlockEntity for ItemStack: table_top_craft:chess_piece_figure
[10May2026 16:57:23.932] [Worker-Main-1/WARN] [net.minecraft.util.datafix.schemas.V99/]: Unable to resolve BlockEntity for ItemStack: table_top_craft:chess_piece_figure
[10May2026 16:57:25.932] [Server thread/INFO] [net.minecraft.server.MinecraftServer/]: [Chunky] Task running for minecraft:overworld. Processed: 1015 chunks (24.02%), ETA: 0:03:30, Rate: 15.3 cps, Current: 22, 0
[10May2026 16:57:29.193] [Server thread/INFO] [net.minecraft.server.MinecraftServer/]: [Chunky] Task running for minecraft:overworld. Processed: 1028 chunks (24.33%), ETA: 0:03:48, Rate: 14.0 cps, Current: 32, 3
[10May2026 16:57:30.305] [Worker-Main-18/INFO] [net.minecraft.server.MinecraftServer/]: [Chunky] Task running for minecraft:overworld. Processed: 1055 chunks (24.97%), ETA: 0:03:36, Rate: 14.6 cps, Current: 32, 29
[10May2026 16:57:34.289] [Server thread/INFO] [net.minecraft.server.MinecraftServer/]: [Chunky] Task running for minecraft:overworld. Processed: 1056 chunks (24.99%), ETA: 0:03:53, Rate: 13.6 cps, Current: 2, -31
[10May2026 16:57:35.804] [Server thread/INFO] [net.minecraft.server.MinecraftServer/]: [Chunky] Task running for minecraft:overworld. Processed: 1061 chunks (25.11%), ETA: 0:04:05, Rate: 12.9 cps, Current: 32, -32
[10May2026 16:57:36.958] [Server thread/INFO] [net.minecraft.server.MinecraftServer/]: [Chunky] Task running for minecraft:overworld. Processed: 1064 chunks (25.18%), ETA: 0:04:08, Rate: 12.7 cps, Current: 32, -29
[10May2026 16:57:38.256] [Server thread/INFO] [net.minecraft.server.MinecraftServer/]: [Chunky] Task running for minecraft:overworld. Processed: 1078 chunks (25.51%), ETA: 0:04:10, Rate: 12.5 cps, Current: 32, -1
[10May2026 16:57:39.822] [Server thread/INFO] [net.minecraft.server.MinecraftServer/]: [Chunky] Task running for minecraft:overworld. Processed: 1103 chunks (26.11%), ETA: 0:04:00, Rate: 13.0 cps, Current: 3, -27
[10May2026 16:57:41.850] [Server thread/INFO] [net.minecraft.server.MinecraftServer/]: [Chunky] Task running for minecraft:overworld. Processed: 1121 chunks (26.53%), ETA: 0:04:00, Rate: 12.9 cps, Current: 6, -30
[10May2026 16:57:42.880] [Server thread/INFO] [net.minecraft.server.MinecraftServer/]: [Chunky] Task running for minecraft:overworld. Processed: 1128 chunks (26.70%), ETA: 0:04:04, Rate: 12.7 cps, Current: 7, -30
[10May2026 16:57:44.054] [Server thread/INFO] [net.minecraft.server.MinecraftServer/]: [Chunky] Task running for minecraft:overworld. Processed: 1147 chunks (27.15%), ETA: 0:03:57, Rate: 12.9 cps, Current: 14, -29
[10May2026 16:57:45.125] [Server thread/INFO] [net.minecraft.server.MinecraftServer/]: [Chunky] Task running for minecraft:overworld. Processed: 1177 chunks (27.86%), ETA: 0:03:55, Rate: 13.0 cps, Current: 8, -26
[10May2026 16:57:46.166] [Server thread/INFO] [net.minecraft.server.MinecraftServer/]: [Chunky] Task running for minecraft:overworld. Processed: 1285 chunks (30.41%), ETA: 0:03:19, Rate: 14.8 cps, Current: 15, -26
[10May2026 16:57:47.194] [Server thread/INFO] [net.minecraft.server.MinecraftServer/]: [Chunky] Task running for minecraft:overworld. Processed: 1589 chunks (37.61%), ETA: 0:01:47, Rate: 24.5 cps, Current: 21, -14
[10May2026 16:57:48.226] [Server thread/INFO] [net.minecraft.server.MinecraftServer/]: [Chunky] Task running for minecraft:overworld. Processed: 1657 chunks (39.22%), ETA: 0:01:42, Rate: 25.0 cps, Current: 20, -3
[10May2026 16:57:49.803] [Server thread/INFO] [net.minecraft.server.MinecraftServer/]: [Chunky] Task running for minecraft:overworld. Processed: 1687 chunks (39.93%), ETA: 0:01:42, Rate: 24.8 cps, Current: 22, -8
[10May2026 16:57:50.810] [Server thread/INFO] [net.minecraft.server.MinecraftServer/]: [Chunky] Task running for minecraft:overworld. Processed: 1762 chunks (41.70%), ETA: 0:01:32, Rate: 26.7 cps, Current: 31, -9
[10May2026 16:57:51.844] [Server thread/INFO] [net.minecraft.server.MinecraftServer/]: [Chunky] Task running for minecraft:overworld. Processed: 1809 chunks (42.82%), ETA: 0:01:27, Rate: 27.5 cps, Current: 28, -14
[10May2026 16:57:52.855] [Server thread/INFO] [net.minecraft.server.MinecraftServer/]: [Chunky] Task running for minecraft:overworld. Processed: 1839 chunks (43.53%), ETA: 0:01:26, Rate: 27.6 cps, Current: 30, -22
[10May2026 16:57:53.880] [Server thread/INFO] [net.minecraft.server.MinecraftServer/]: [Chunky] Task running for minecraft:overworld. Processed: 1861 chunks (44.05%), ETA: 0:01:18, Rate: 30.3 cps, Current: 24, -16
[10May2026 16:57:55.279] [Server thread/INFO] [net.minecraft.server.MinecraftServer/]: [Chunky] Task running for minecraft:overworld. Processed: 1921 chunks (45.47%), ETA: 0:01:14, Rate: 30.9 cps, Current: 16, -20
[10May2026 16:57:56.327] [Server thread/INFO] [net.minecraft.server.MinecraftServer/]: [Chunky] Task running for minecraft:overworld. Processed: 1964 chunks (46.49%), ETA: 0:01:05, Rate: 34.5 cps, Current: 16, -25
[10May2026 16:57:57.406] [Server thread/INFO] [net.minecraft.server.MinecraftServer/]: [Chunky] Task running for minecraft:overworld. Processed: 2002 chunks (47.38%), ETA: 0:01:04, Rate: 34.6 cps, Current: 19, -28
[10May2026 16:57:58.442] [Server thread/INFO] [net.minecraft.server.MinecraftServer/]: [Chunky] Task running for minecraft:overworld. Processed: 2021 chunks (47.83%), ETA: 0:01:04, Rate: 34.0 cps, Current: 23, -25
[10May2026 16:57:59.494] [Server thread/INFO] [net.minecraft.server.MinecraftServer/]: [Chunky] Task running for minecraft:overworld. Processed: 2082 chunks (49.28%), ETA: 0:01:00, Rate: 35.2 cps, Current: 31, -31
[10May2026 16:58:03.783] [Server thread/INFO] [net.minecraft.server.MinecraftServer/]: [Chunky] Task running for minecraft:overworld. Processed: 2113 chunks (50.01%), ETA: 0:00:58, Rate: 35.9 cps, Current: -30, -27
[10May2026 16:58:04.793] [Server thread/INFO] [net.minecraft.server.MinecraftServer/]: [Chunky] Task running for minecraft:overworld. Processed: 2121 chunks (50.20%), ETA: 0:00:57, Rate: 36.6 cps, Current: -29, -29
[10May2026 16:58:05.831] [Server thread/INFO] [net.minecraft.server.MinecraftServer/]: [Chunky] Task running for minecraft:overworld. Processed: 2126 chunks (50.32%), ETA: 0:00:57, Rate: 36.8 cps, Current: -31, -31
[10May2026 16:58:06.549] [ForkJoinPool.commonPool-worker-3/WARN] [SkinRestorer/]: Failed to fetch skin 'mojang:ReFaxio'
java.lang.IllegalStateException: not found
	at net.lionarius.skinrestorer.util.WebUtils.throwOnClientErrors(WebUtils.java:104) ~[?:?]
	at net.lionarius.skinrestorer.skin.provider.base.YggdrasilSkinProvider.getProfile(YggdrasilSkinProvider.java:51) ~[?:?]
	at net.lionarius.skinrestorer.skin.provider.builtin.MojangSkinProvider.lambda$new$0(MojangSkinProvider.java:44) ~[?:?]
	at net.minecraft.server.players.GameProfileCache.m_10993_(GameProfileCache.java:98) ~[?:?]
	at net.minecraft.server.players.GameProfileCache.m_10996_(GameProfileCache.java:150) ~[?:?]
	at net.lionarius.skinrestorer.skin.provider.builtin.MojangSkinProvider.resolveUuid(MojangSkinProvider.java:75) ~[?:?]
	at net.lionarius.skinrestorer.skin.provider.base.ProfileSkinProvider.getCacheKey(ProfileSkinProvider.java:63) ~[?:?]
	at net.lionarius.skinrestorer.skin.provider.base.ProfileSkinProvider.getCacheKey(ProfileSkinProvider.java:19) ~[?:?]
	at net.lionarius.skinrestorer.skin.provider.base.AbstractSkinProvider.fetchSkin(AbstractSkinProvider.java:49) ~[?:?]
	at net.minecraft.server.network.ServerLoginPacketListenerImpl.md026b61$lambda$skinrestorer$fetchSkin$1$1(ServerLoginPacketListenerImpl.java:2096) ~[?:?]
	at java.util.Optional.map(Optional.java:260) ~[?:?]
	at net.minecraft.server.network.ServerLoginPacketListenerImpl.skinrestorer$fetchSkin(ServerLoginPacketListenerImpl.java:2096) ~[?:?]
	at net.minecraft.server.network.ServerLoginPacketListenerImpl.md026b61$lambda$waitForSkin$0$2(ServerLoginPacketListenerImpl.java:2080) ~[?:?]
	at java.util.concurrent.CompletableFuture$AsyncSupply.run(CompletableFuture.java:1768) ~[?:?]
	at java.util.concurrent.CompletableFuture$AsyncSupply.exec(CompletableFuture.java:1760) ~[?:?]
	at java.util.concurrent.ForkJoinTask.doExec(ForkJoinTask.java:373) ~[?:?]
	at java.util.concurrent.ForkJoinPool$WorkQueue.topLevelExec(ForkJoinPool.java:1182) ~[?:?]
	at java.util.concurrent.ForkJoinPool.scan(ForkJoinPool.java:1655) ~[?:?]
	at java.util.concurrent.ForkJoinPool.runWorker(ForkJoinPool.java:1622) ~[?:?]
	at java.util.concurrent.ForkJoinWorkerThread.run(ForkJoinWorkerThread.java:165) ~[?:?]
[10May2026 16:58:06.584] [Server thread/INFO] [net.minecraft.server.network.ServerLoginPacketListenerImpl/]: Disconnecting com.mojang.authlib.GameProfile@410635dc[id=a9427a72-3bb3-3a63-96ad-beaecc4e4951,name=ReFaxio,properties={},legacy=false] (/127.49.253.238:38895): You are not white-listed on this server!
[10May2026 16:58:06.587] [Server thread/INFO] [net.minecraft.server.network.ServerLoginPacketListenerImpl/]: com.mojang.authlib.GameProfile@410635dc[id=a9427a72-3bb3-3a63-96ad-beaecc4e4951,name=ReFaxio,properties={},legacy=false] (/127.49.253.238:38895) lost connection: You are not white-listed on this server!
[10May2026 16:58:06.634] [Server thread/WARN] [net.minecraft.network.Connection/]: handleDisconnection() called twice
[10May2026 16:58:06.845] [Server thread/INFO] [net.minecraft.server.MinecraftServer/]: [Chunky] Task running for minecraft:overworld. Processed: 2137 chunks (50.58%), ETA: 0:00:58, Rate: 35.9 cps, Current: -28, -30
[10May2026 16:58:07.909] [Server thread/INFO] [net.minecraft.server.MinecraftServer/]: [Chunky] Task running for minecraft:overworld. Processed: 2149 chunks (50.86%), ETA: 0:00:57, Rate: 36.2 cps, Current: -25, -31
[10May2026 16:58:09.174] [Server thread/INFO] [net.minecraft.server.MinecraftServer/]: [Chunky] Task running for minecraft:overworld. Processed: 2150 chunks (50.89%), ETA: 0:00:58, Rate: 35.7 cps, Current: -25, -30
[10May2026 16:58:10.176] [Server thread/INFO] [net.minecraft.server.MinecraftServer/]: [Chunky] Task running for minecraft:overworld. Processed: 2162 chunks (51.17%), ETA: 0:00:56, Rate: 36.8 cps, Current: -20, -30
[10May2026 16:58:11.536] [Server thread/INFO] [net.minecraft.server.MinecraftServer/]: [Chunky] Task running for minecraft:overworld. Processed: 2166 chunks (51.27%), ETA: 0:00:58, Rate: 35.2 cps, Current: -18, -29
[10May2026 16:58:12.693] [Server thread/INFO] [net.minecraft.server.MinecraftServer/]: [Chunky] Task running for minecraft:overworld. Processed: 2181 chunks (51.62%), ETA: 0:00:57, Rate: 35.4 cps, Current: -19, -27
[10May2026 16:58:13.824] [Server thread/INFO] [net.minecraft.server.MinecraftServer/]: [Chunky] Task running for minecraft:overworld. Processed: 2202 chunks (52.12%), ETA: 0:00:57, Rate: 35.5 cps, Current: -17, -27
[10May2026 16:58:14.964] [Server thread/INFO] [net.minecraft.server.MinecraftServer/]: [Chunky] Task running for minecraft:overworld. Processed: 2210 chunks (52.31%), ETA: 0:00:58, Rate: 34.7 cps, Current: -19, -25
[10May2026 16:58:15.984] [Server thread/INFO] [net.minecraft.server.MinecraftServer/]: [Chunky] Task running for minecraft:overworld. Processed: 2247 chunks (53.18%), ETA: 0:01:01, Rate: 32.3 cps, Current: -20, -21
[10May2026 16:58:17.068] [Server thread/INFO] [net.minecraft.server.MinecraftServer/]: [Chunky] Task running for minecraft:overworld. Processed: 2268 chunks (53.68%), ETA: 0:01:25, Rate: 22.8 cps, Current: -22, -19
[10May2026 16:58:18.167] [Server thread/INFO] [net.minecraft.server.MinecraftServer/]: [Chunky] Task running for minecraft:overworld. Processed: 2284 chunks (54.06%), ETA: 0:01:32, Rate: 21.0 cps, Current: -26, -25
[10May2026 16:58:19.168] [Server thread/INFO] [net.minecraft.server.MinecraftServer/]: [Chunky] Task running for minecraft:overworld. Processed: 2311 chunks (54.70%), ETA: 0:01:29, Rate: 21.3 cps, Current: -26, -32
[10May2026 16:58:20.257] [Server thread/INFO] [net.minecraft.server.MinecraftServer/]: [Chunky] Task running for minecraft:overworld. Processed: 2328 chunks (55.10%), ETA: 0:01:38, Rate: 19.3 cps, Current: -31, -23
[10May2026 16:58:21.622] [Server thread/INFO] [net.minecraft.server.MinecraftServer/]: [Chunky] Task running for minecraft:overworld. Processed: 2336 chunks (55.29%), ETA: 0:01:46, Rate: 17.7 cps, Current: -29, -20
[10May2026 16:58:22.623] [Server thread/INFO] [net.minecraft.server.MinecraftServer/]: [Chunky] Task running for minecraft:overworld. Processed: 2363 chunks (55.93%), ETA: 0:01:45, Rate: 17.6 cps, Current: -29, -15
[10May2026 16:58:23.629] [Server thread/INFO] [net.minecraft.server.MinecraftServer/]: [Chunky] Task running for minecraft:overworld. Processed: 2368 chunks (56.05%), ETA: 0:01:48, Rate: 17.1 cps, Current: -31, -15
[10May2026 16:58:24.657] [Server thread/INFO] [net.minecraft.server.MinecraftServer/]: [Chunky] Task running for minecraft:overworld. Processed: 2388 chunks (56.52%), ETA: 0:01:55, Rate: 15.9 cps, Current: -32, -16
[10May2026 16:58:25.849] [Server thread/INFO] [net.minecraft.server.MinecraftServer/]: [Chunky] Task running for minecraft:overworld. Processed: 2405 chunks (56.92%), ETA: 0:02:01, Rate: 15.0 cps, Current: -25, -10
[10May2026 16:58:27.137] [Server thread/INFO] [net.minecraft.server.MinecraftServer/]: [Chunky] Task running for minecraft:overworld. Processed: 2413 chunks (57.11%), ETA: 0:02:10, Rate: 13.9 cps, Current: -28, -9
[10May2026 16:58:28.716] [Server thread/INFO] [net.minecraft.server.MinecraftServer/]: [Chunky] Task running for minecraft:overworld. Processed: 2425 chunks (57.40%), ETA: 0:02:14, Rate: 13.4 cps, Current: -30, -12
[10May2026 16:58:28.945] [Server thread/WARN] [net.minecraft.server.MinecraftServer/]: Can't keep up! Is the server overloaded? Running 2011ms or 40 ticks behind
[10May2026 16:58:29.849] [Server thread/INFO] [net.minecraft.server.MinecraftServer/]: [Chunky] Task running for minecraft:overworld. Processed: 2445 chunks (57.87%), ETA: 0:02:28, Rate: 12.0 cps, Current: -27, -8
[10May2026 16:58:30.855] [Server thread/INFO] [net.minecraft.server.MinecraftServer/]: [Chunky] Task running for minecraft:overworld. Processed: 2470 chunks (58.46%), ETA: 0:02:12, Rate: 13.2 cps, Current: -22, -8
[10May2026 16:58:31.873] [Server thread/INFO] [net.minecraft.server.MinecraftServer/]: [Chunky] Task running for minecraft:overworld. Processed: 2479 chunks (58.67%), ETA: 0:02:13, Rate: 13.1 cps, Current: -31, -2
[10May2026 16:58:32.922] [Server thread/INFO] [net.minecraft.server.MinecraftServer/]: Added refaxio to the whitelist
[10May2026 16:58:32.926] [IO-Worker-37/INFO] [net.minecraft.server.MinecraftServer/]: [Chunky] Task running for minecraft:overworld. Processed: 2494 chunks (59.03%), ETA: 0:02:12, Rate: 13.1 cps, Current: -19, -4
[10May2026 16:58:34.672] [Server thread/INFO] [net.minecraft.server.MinecraftServer/]: [Chunky] Task running for minecraft:overworld. Processed: 2922 chunks (69.16%), ETA: 0:00:48, Rate: 26.8 cps, Current: -1, -20
[10May2026 16:58:35.984] [Server thread/INFO] [net.minecraft.server.MinecraftServer/]: [Chunky] Task running for minecraft:overworld. Processed: 2951 chunks (69.85%), ETA: 0:00:45, Rate: 28.0 cps, Current: -14, -20
[10May2026 16:58:37.109] [Server thread/INFO] [net.minecraft.server.MinecraftServer/]: [Chunky] Task running for minecraft:overworld. Processed: 2981 chunks (70.56%), ETA: 0:00:43, Rate: 28.5 cps, Current: -5, -23
[10May2026 16:58:38.924] [Server thread/INFO] [net.minecraft.server.MinecraftServer/]: [Chunky] Task running for minecraft:overworld. Processed: 2993 chunks (70.84%), ETA: 0:00:43, Rate: 28.4 cps, Current: -16, -24
[10May2026 16:58:40.643] [Server thread/INFO] [net.minecraft.server.MinecraftServer/]: [Chunky] Task running for minecraft:overworld. Processed: 3025 chunks (71.60%), ETA: 0:00:40, Rate: 29.5 cps, Current: -13, -28
[10May2026 16:58:42.082] [Server thread/INFO] [net.minecraft.server.MinecraftServer/]: [Chunky] Task running for minecraft:overworld. Processed: 3042 chunks (72.00%), ETA: 0:00:40, Rate: 29.3 cps, Current: -10, -30
[10May2026 16:58:43.112] [Server thread/INFO] [net.minecraft.server.MinecraftServer/]: [Chunky] Task running for minecraft:overworld. Processed: 3090 chunks (73.14%), ETA: 0:00:37, Rate: 30.4 cps, Current: -1, -28
[10May2026 16:58:44.124] [Server thread/INFO] [net.minecraft.server.MinecraftServer/]: [Chunky] Task running for minecraft:overworld. Processed: 3107 chunks (73.54%), ETA: 0:00:36, Rate: 30.8 cps, Current: -1, -31
[10May2026 16:58:45.162] [Server thread/INFO] [net.minecraft.server.MinecraftServer/]: [Chunky] Task running for minecraft:overworld. Processed: 3132 chunks (74.13%), ETA: 0:00:35, Rate: 30.4 cps, Current: -10, -32
[10May2026 16:58:46.213] [Server thread/INFO] [net.minecraft.server.MinecraftServer/]: [Chunky] Task running for minecraft:overworld. Processed: 3140 chunks (74.32%), ETA: 0:00:36, Rate: 30.0 cps, Current: -26, 2
[10May2026 16:58:47.607] [Server thread/INFO] [net.minecraft.server.MinecraftServer/]: [Chunky] Task running for minecraft:overworld. Processed: 3142 chunks (74.37%), ETA: 0:00:37, Rate: 29.2 cps, Current: -29, 1
[10May2026 16:58:48.665] [Server thread/INFO] [net.minecraft.server.MinecraftServer/]: [Chunky] Task running for minecraft:overworld. Processed: 3161 chunks (74.82%), ETA: 0:00:36, Rate: 28.8 cps, Current: -31, 1
[10May2026 16:58:48.916] [Server thread/WARN] [net.minecraft.server.MinecraftServer/]: Can't keep up! Is the server overloaded? Running 2832ms or 56 ticks behind
[10May2026 16:58:49.729] [Server thread/INFO] [net.minecraft.server.MinecraftServer/]: [Chunky] Task running for minecraft:overworld. Processed: 3218 chunks (76.17%), ETA: 0:00:33, Rate: 30.2 cps, Current: -20, 3
[10May2026 16:58:50.746] [Server thread/INFO] [net.minecraft.server.MinecraftServer/]: [Chunky] Task running for minecraft:overworld. Processed: 3280 chunks (77.63%), ETA: 0:00:29, Rate: 32.4 cps, Current: -32, 2
[10May2026 16:58:52.067] [Server thread/INFO] [net.minecraft.server.MinecraftServer/]: [Chunky] Task running for minecraft:overworld. Processed: 3283 chunks (77.70%), ETA: 0:00:30, Rate: 31.3 cps, Current: -20, 8
[10May2026 16:58:53.222] [Server thread/INFO] [net.minecraft.server.MinecraftServer/]: [Chunky] Task running for minecraft:overworld. Processed: 3313 chunks (78.41%), ETA: 0:00:28, Rate: 32.0 cps, Current: -24, 8
[10May2026 16:58:54.277] [Server thread/INFO] [net.minecraft.server.MinecraftServer/]: [Chunky] Task running for minecraft:overworld. Processed: 3336 chunks (78.96%), ETA: 0:00:27, Rate: 32.0 cps, Current: -27, 10
[10May2026 16:58:54.540] [Server thread/INFO] [net.minecraft.server.MinecraftServer/]: Whitelist is now turned off
[10May2026 16:58:55.846] [Server thread/INFO] [net.minecraft.server.MinecraftServer/]: [Chunky] Task running for minecraft:overworld. Processed: 3350 chunks (79.29%), ETA: 0:00:27, Rate: 31.5 cps, Current: -28, 11
[10May2026 16:58:56.859] [Server thread/INFO] [net.minecraft.server.MinecraftServer/]: [Chunky] Task running for minecraft:overworld. Processed: 3378 chunks (79.95%), ETA: 0:00:26, Rate: 32.2 cps, Current: -22, 15
[10May2026 16:58:57.872] [Server thread/INFO] [net.minecraft.server.MinecraftServer/]: [Chunky] Task running for minecraft:overworld. Processed: 3386 chunks (80.14%), ETA: 0:00:25, Rate: 32.3 cps, Current: -25, 17
[10May2026 16:58:58.911] [Server thread/INFO] [net.minecraft.server.MinecraftServer/]: [Chunky] Task running for minecraft:overworld. Processed: 3394 chunks (80.33%), ETA: 0:00:25, Rate: 32.3 cps, Current: -31, 11
[10May2026 16:59:00.271] [Server thread/INFO] [net.minecraft.server.MinecraftServer/]: [Chunky] Task running for minecraft:overworld. Processed: 3409 chunks (80.69%), ETA: 0:00:25, Rate: 32.3 cps, Current: -28, 19
[10May2026 16:59:01.343] [Server thread/INFO] [net.minecraft.server.MinecraftServer/]: [Chunky] Task running for minecraft:overworld. Processed: 3429 chunks (81.16%), ETA: 0:00:24, Rate: 32.6 cps, Current: -32, 15
[10May2026 16:59:02.547] [Server thread/INFO] [net.minecraft.server.MinecraftServer/]: [Chunky] Task running for minecraft:overworld. Processed: 3440 chunks (81.42%), ETA: 0:00:25, Rate: 30.9 cps, Current: -30, 23
[10May2026 16:59:03.883] [Server thread/INFO] [net.minecraft.server.MinecraftServer/]: [Chunky] Task running for minecraft:overworld. Processed: 3450 chunks (81.66%), ETA: 0:00:42, Rate: 18.1 cps, Current: -29, 23
[10May2026 16:59:05.081] [Server thread/INFO] [net.minecraft.server.MinecraftServer/]: [Chunky] Task running for minecraft:overworld. Processed: 3468 chunks (82.08%), ETA: 0:00:42, Rate: 17.8 cps, Current: -29, 28
[10May2026 16:59:06.123] [Server thread/INFO] [net.minecraft.server.MinecraftServer/]: [Chunky] Task running for minecraft:overworld. Processed: 3476 chunks (82.27%), ETA: 0:00:43, Rate: 17.1 cps, Current: -27, 26
[10May2026 16:59:06.178] [Server thread/WARN] [net.minecraft.server.MinecraftServer/]: Can't keep up! Is the server overloaded? Running 2294ms or 45 ticks behind
[10May2026 16:59:07.368] [Server thread/INFO] [net.minecraft.server.MinecraftServer/]: [Chunky] Task running for minecraft:overworld. Processed: 3494 chunks (82.70%), ETA: 0:00:41, Rate: 17.6 cps, Current: -23, 25
[10May2026 16:59:08.450] [Server thread/INFO] [net.minecraft.server.MinecraftServer/]: [Chunky] Task running for minecraft:overworld. Processed: 3501 chunks (82.86%), ETA: 0:00:41, Rate: 17.2 cps, Current: -25, 26
[10May2026 16:59:09.846] [Server thread/INFO] [net.minecraft.server.MinecraftServer/]: [Chunky] Task running for minecraft:overworld. Processed: 3525 chunks (83.43%), ETA: 0:00:40, Rate: 17.2 cps, Current: -20, 29
[10May2026 16:59:10.870] [Server thread/INFO] [net.minecraft.server.MinecraftServer/]: [Chunky] Task running for minecraft:overworld. Processed: 3537 chunks (83.72%), ETA: 0:00:39, Rate: 17.2 cps, Current: -19, 26
[10May2026 16:59:11.882] [Server thread/INFO] [net.minecraft.server.MinecraftServer/]: [Chunky] Task running for minecraft:overworld. Processed: 3555 chunks (84.14%), ETA: 0:00:38, Rate: 17.2 cps, Current: -27, 30
[10May2026 16:59:13.456] [Server thread/INFO] [net.minecraft.server.MinecraftServer/]: [Chunky] Task running for minecraft:overworld. Processed: 3651 chunks (86.41%), ETA: 0:00:30, Rate: 18.6 cps, Current: -11, 21
[10May2026 16:59:14.607] [Server thread/INFO] [net.minecraft.server.MinecraftServer/]: [Chunky] Task running for minecraft:overworld. Processed: 3684 chunks (87.20%), ETA: 0:00:28, Rate: 18.8 cps, Current: -13, 23
[10May2026 16:59:15.810] [Server thread/INFO] [net.minecraft.server.MinecraftServer/]: [Chunky] Task running for minecraft:overworld. Processed: 3703 chunks (87.64%), ETA: 0:00:27, Rate: 19.1 cps, Current: -14, 30
[10May2026 16:59:16.657] [Worker-Main-45/WARN] [net.minecraft.util.datafix.schemas.V99/]: Unable to resolve BlockEntity for ItemStack: table_top_craft:chess_piece_figure
[10May2026 16:59:16.826] [Server thread/INFO] [net.minecraft.server.MinecraftServer/]: [Chunky] Task running for minecraft:overworld. Processed: 3731 chunks (88.31%), ETA: 0:00:24, Rate: 20.2 cps, Current: -11, 24
[10May2026 16:59:17.836] [Server thread/INFO] [net.minecraft.server.MinecraftServer/]: [Chunky] Task running for minecraft:overworld. Processed: 3745 chunks (88.64%), ETA: 0:00:23, Rate: 20.1 cps, Current: -7, 25
[10May2026 16:59:18.877] [Server thread/INFO] [net.minecraft.server.MinecraftServer/]: [Chunky] Task running for minecraft:overworld. Processed: 3759 chunks (88.97%), ETA: 0:00:25, Rate: 18.6 cps, Current: -8, 29
[10May2026 16:59:20.270] [Server thread/INFO] [net.minecraft.server.MinecraftServer/]: [Chunky] Task running for minecraft:overworld. Processed: 4129 chunks (97.73%), ETA: 0:00:03, Rate: 28.8 cps, Current: -31, 31
[10May2026 16:59:21.300] [Server thread/INFO] [net.minecraft.server.MinecraftServer/]: [Chunky] Task running for minecraft:overworld. Processed: 4144 chunks (98.08%), ETA: 0:00:02, Rate: 29.5 cps, Current: -11, 31
[10May2026 16:59:22.685] [Server thread/INFO] [net.minecraft.server.MinecraftServer/]: [Chunky] Task running for minecraft:overworld. Processed: 4161 chunks (98.49%), ETA: 0:00:02, Rate: 28.8 cps, Current: -26, 32
[10May2026 16:59:26.088] [Server thread/WARN] [net.minecraft.server.MinecraftServer/]: Can't keep up! Is the server overloaded? Running 2954ms or 59 ticks behind
[10May2026 16:59:26.132] [Server thread/INFO] [net.minecraft.server.MinecraftServer/]: [Chunky] Task running for minecraft:overworld. Processed: 4188 chunks (99.12%), ETA: 0:00:01, Rate: 27.7 cps, Current: -5, 32
[10May2026 16:59:27.073] [Server thread/INFO] [net.minecraft.server.MinecraftServer/]: [Chunky] Task finished for minecraft:overworld. Processed: 4225 chunks (100.00%), Total time: 0:02:59
[10May2026 16:59:29.084] [ForkJoinPool.commonPool-worker-4/WARN] [SkinRestorer/]: Failed to fetch skin 'mojang:ReFaxio'
java.lang.IllegalStateException: not found
	at net.lionarius.skinrestorer.util.WebUtils.throwOnClientErrors(WebUtils.java:104) ~[?:?]
	at net.lionarius.skinrestorer.skin.provider.base.YggdrasilSkinProvider.getProfile(YggdrasilSkinProvider.java:51) ~[?:?]
	at net.lionarius.skinrestorer.skin.provider.builtin.MojangSkinProvider.lambda$new$0(MojangSkinProvider.java:44) ~[?:?]
	at net.minecraft.server.players.GameProfileCache.m_10993_(GameProfileCache.java:98) ~[?:?]
	at net.minecraft.server.players.GameProfileCache.m_10996_(GameProfileCache.java:150) ~[?:?]
	at net.lionarius.skinrestorer.skin.provider.builtin.MojangSkinProvider.resolveUuid(MojangSkinProvider.java:75) ~[?:?]
	at net.lionarius.skinrestorer.skin.provider.base.ProfileSkinProvider.getCacheKey(ProfileSkinProvider.java:63) ~[?:?]
	at net.lionarius.skinrestorer.skin.provider.base.ProfileSkinProvider.getCacheKey(ProfileSkinProvider.java:19) ~[?:?]
	at net.lionarius.skinrestorer.skin.provider.base.AbstractSkinProvider.fetchSkin(AbstractSkinProvider.java:49) ~[?:?]
	at net.minecraft.server.network.ServerLoginPacketListenerImpl.md026b61$lambda$skinrestorer$fetchSkin$1$1(ServerLoginPacketListenerImpl.java:2096) ~[?:?]
	at java.util.Optional.map(Optional.java:260) ~[?:?]
	at net.minecraft.server.network.ServerLoginPacketListenerImpl.skinrestorer$fetchSkin(ServerLoginPacketListenerImpl.java:2096) ~[?:?]
	at net.minecraft.server.network.ServerLoginPacketListenerImpl.md026b61$lambda$waitForSkin$0$2(ServerLoginPacketListenerImpl.java:2080) ~[?:?]
	at java.util.concurrent.CompletableFuture$AsyncSupply.run(CompletableFuture.java:1768) ~[?:?]
	at java.util.concurrent.CompletableFuture$AsyncSupply.exec(CompletableFuture.java:1760) ~[?:?]
	at java.util.concurrent.ForkJoinTask.doExec(ForkJoinTask.java:373) ~[?:?]
	at java.util.concurrent.ForkJoinPool$WorkQueue.topLevelExec(ForkJoinPool.java:1182) ~[?:?]
	at java.util.concurrent.ForkJoinPool.scan(ForkJoinPool.java:1655) ~[?:?]
	at java.util.concurrent.ForkJoinPool.runWorker(ForkJoinPool.java:1622) ~[?:?]
	at java.util.concurrent.ForkJoinWorkerThread.run(ForkJoinWorkerThread.java:165) ~[?:?]
[10May2026 16:59:29.137] [Server thread/WARN] [net.minecraft.network.syncher.SynchedEntityData/]: defineId called for: class net.minecraft.world.entity.player.Player from class tschipp.carryon.common.carry.CarryOnDataManager
[10May2026 16:59:29.260] [Server thread/INFO] [net.minecraft.server.players.PlayerList/]: ReFaxio[/127.49.253.238:46753] logged in with entity id 432 at (-72.5, 70.0, 110.5)
[10May2026 16:59:29.470] [Server thread/INFO] [net.minecraft.server.MinecraftServer/]: ReFaxio joined the game
[10May2026 16:59:29.714] [Server thread/INFO] [dev.corgitaco.enhancedcelestials.EnhancedCelestials/]: Possible lunar events for dimension "minecraft:overworld" are [enhancedcelestials:super_moon, enhancedcelestials:blood_moon, enhancedcelestials:blue_moon, enhancedcelestials:harvest_moon, enhancedcelestials:super_harvest_moon, enhancedcelestials:super_blood_moon, enhancedcelestials:super_blue_moon].
[10May2026 16:59:29.860] [Server thread/INFO] [fallingtrees | Config/]: Sending common config 'fallingtrees:fallingtrees_common' to ReFaxio
[10May2026 16:59:30.497] [Server thread/WARN] [net.minecraft.world.entity.ai.attributes.AttributeMap/]: Ignoring unknown attribute 'nightmaremode:necromancer'
[10May2026 16:59:30.497] [Server thread/WARN] [net.minecraft.world.entity.ai.attributes.AttributeMap/]: Ignoring unknown attribute 'nightmaremode:leaping'
[10May2026 16:59:30.498] [Server thread/WARN] [net.minecraft.world.entity.ai.attributes.AttributeMap/]: Ignoring unknown attribute 'nightmaremode:rage'
[10May2026 16:59:31.153] [Server thread/INFO] [Jade/]: Syncing config to ReFaxio (a9427a72-3bb3-3a63-96ad-beaecc4e4951)
[10May2026 16:59:34.775] [Netty Epoll Server IO #7/INFO] [fallingtrees | Config/]: Received client config 'fallingtrees:fallingtrees_client' from ReFaxio
[10May2026 16:59:35.396] [Server thread/INFO] [voicechat/]: [voicechat] Received secret request of ReFaxio (20)
[10May2026 16:59:35.400] [Server thread/INFO] [voicechat/]: [voicechat] Sent secret to ReFaxio
[10May2026 16:59:36.994] [Server thread/INFO] [net.minecraft.server.MinecraftServer/]: ReFaxio has made the advancement [Suit Up]
[10May2026 16:59:49.828] [Server thread/WARN] [net.minecraft.server.MinecraftServer/]: Can't keep up! Is the server overloaded? Running 8744ms or 174 ticks behind
[10May2026 17:00:05.303] [Server thread/INFO] [net.minecraft.server.network.ServerGamePacketListenerImpl/]: ReFaxio lost connection: Timed out
[10May2026 17:00:05.303] [Server thread/INFO] [net.minecraft.server.MinecraftServer/]: ReFaxio left the game
[10May2026 17:00:05.308] [Server thread/INFO] [voicechat/]: [voicechat] Disconnecting client ReFaxio
[10May2026 17:00:40.185] [Server thread/INFO] [net.minecraft.server.MinecraftServer/]: Set the time to 1650
[10May2026 17:02:08.384] [Server thread/INFO] [net.minecraft.server.network.ServerLoginPacketListenerImpl/]: com.mojang.authlib.GameProfile@7c079a64[id=<null>,name=ReFaxio,properties={},legacy=false] (/127.49.253.238:44011) lost connection: Timed out
[10May2026 17:02:50.584] [Server thread/INFO] [net.minecraft.server.network.ServerLoginPacketListenerImpl/]: com.mojang.authlib.GameProfile@6e1d3c50[id=<null>,name=ReFaxio,properties={},legacy=false] (/127.49.253.238:51807) lost connection: Timed out
